job_id;job_title_short;job_location_city;job_via;job_schedule_type;job_work_from_home;job_posted_month;job_no_degree_mention
331526;Data Engineer;Johannesburg;BeBee;Full-time;FALSE;January;FALSE
518548;Data Engineer;Johannesburg;BeBee;Full-time;FALSE;January;FALSE
1362287;Data Engineer;Johannesburg;BeBee;Full-time;FALSE;January;FALSE
600871;Data Engineer;Johannesburg;BeBee;Full-time;FALSE;January;FALSE
1653413;Data Engineer;Johannesburg;BeBee;Full-time;FALSE;January;FALSE
163601;Data Engineer;Johannesburg;BeBee;Full-time;FALSE;January;TRUE
211755;Data Engineer;Johannesburg;BeBee;Full-time;FALSE;January;FALSE
1241319;Data Engineer;Johannesburg;BeBee;Full-time;FALSE;January;FALSE
1431096;Data Engineer;Johannesburg;BeBee;Full-time;FALSE;January;FALSE
3317;Data Engineer;Johannesburg;BeBee;Full-time;FALSE;January;FALSE
87445;Data Engineer;Johannesburg;BeBee;Full-time;FALSE;January;TRUE
144559;Data Engineer;Johannesburg;BeBee;Full-time;FALSE;January;FALSE
181337;Data Engineer;Johannesburg;BeBee;Full-time;FALSE;January;TRUE
242251;Data Engineer;Johannesburg;BeBee;Full-time;FALSE;January;TRUE
341133;Data Engineer;Johannesburg;BeBee;Full-time;FALSE;January;FALSE
432936;Data Engineer;Johannesburg;BeBee;Full-time;FALSE;January;TRUE
747774;Data Engineer;Johannesburg;BeBee;Full-time;FALSE;January;FALSE
1359681;Data Engineer;Johannesburg;BeBee;Full-time;FALSE;January;FALSE
1413379;Data Engineer;Johannesburg;BeBee;Full-time;FALSE;January;FALSE
388660;Data Engineer;Johannesburg;BeBee;Full-time;FALSE;January;TRUE
479263;Data Engineer;Johannesburg;BeBee;Full-time;FALSE;January;TRUE
478301;Data Engineer;Johannesburg;BeBee;Full-time;FALSE;January;TRUE
551172;Data Engineer;Johannesburg;BeBee;Full-time;FALSE;January;TRUE
1024879;Data Engineer;Johannesburg;BeBee;Full-time;FALSE;January;TRUE
352980;Data Engineer;Johannesburg;BeBee;Full-time;FALSE;January;FALSE
689485;Data Engineer;Johannesburg;BeBee;Full-time;FALSE;January;FALSE
274223;Data Engineer;Johannesburg;BeBee;Full-time;FALSE;January;TRUE
470122;Data Engineer;Johannesburg;BeBee;Full-time;FALSE;January;FALSE
514633;Data Engineer;Johannesburg;BeBee;Full-time;FALSE;January;TRUE
644485;Data Engineer;Johannesburg;BeBee;Full-time;FALSE;January;TRUE
744480;Data Engineer;Johannesburg;BeBee;Full-time;FALSE;January;TRUE
1606958;Data Engineer;Johannesburg;BeBee;Full-time;FALSE;January;TRUE
977002;Data Engineer;Johannesburg;BeBee;Full-time;FALSE;January;FALSE
52072;Data Engineer;Johannesburg;BeBee;Full-time;FALSE;January;FALSE
1296719;Data Engineer;Johannesburg;BeBee;Full-time;FALSE;January;FALSE
138276;Data Engineer;Johannesburg;BeBee;Full-time;FALSE;January;FALSE
24977;Data Engineer;Johannesburg;BeBee;Full-time;FALSE;January;FALSE
56122;Data Engineer;Johannesburg;BeBee;Full-time;FALSE;January;FALSE
278365;Data Engineer;Johannesburg;BeBee;Full-time;FALSE;January;FALSE
290887;Data Engineer;Johannesburg;BeBee;Full-time;FALSE;January;FALSE
369365;Data Engineer;Johannesburg;BeBee;Full-time;FALSE;January;FALSE
558774;Data Engineer;Johannesburg;BeBee;Full-time;FALSE;January;TRUE
916241;Data Engineer;Johannesburg;BeBee;Full-time;FALSE;January;FALSE
996060;Data Engineer;Johannesburg;BeBee;Full-time;FALSE;January;FALSE
1051729;Data Engineer;Johannesburg;BeBee;Full-time;FALSE;January;TRUE
1224327;Data Engineer;Johannesburg;BeBee;Full-time;FALSE;January;TRUE
1371033;Data Engineer;Johannesburg;BeBee;Full-time;FALSE;January;FALSE
662497;Data Engineer;Johannesburg;BeBee;Full-time;FALSE;January;FALSE
1341678;Data Engineer;Johannesburg;BeBee;Full-time;FALSE;January;FALSE
1572694;Data Engineer;Johannesburg;BeBee;Full-time;FALSE;January;TRUE
365564;Data Engineer;Johannesburg;BeBee;Full-time;FALSE;January;TRUE
285548;Data Engineer;Johannesburg;BeBee;Full-time;FALSE;January;FALSE
423695;Data Engineer;Johannesburg;BeBee;Full-time;FALSE;January;FALSE
457180;Data Engineer;Johannesburg;BeBee;Full-time;FALSE;January;FALSE
552697;Data Engineer;Johannesburg;BeBee;Full-time;FALSE;January;TRUE
851321;Data Engineer;Johannesburg;BeBee;Full-time;FALSE;January;FALSE
1522243;Data Engineer;Johannesburg;BeBee;Full-time;FALSE;January;FALSE
928891;Data Engineer;Johannesburg;BeBee;Full-time;FALSE;January;FALSE
372573;Data Engineer;Johannesburg;BeBee;Full-time;FALSE;January;TRUE
455727;Data Engineer;Johannesburg;BeBee;Full-time;FALSE;January;FALSE
1101835;Data Engineer;Johannesburg;BeBee;Full-time;FALSE;January;TRUE
313683;Data Engineer;Johannesburg;BeBee;Full-time;FALSE;January;FALSE
496738;Data Engineer;Johannesburg;BeBee;Full-time;FALSE;January;FALSE
1244157;Data Engineer;Johannesburg;BeBee;Full-time;FALSE;January;TRUE
69815;Data Engineer;Johannesburg;BeBee;Full-time;FALSE;January;TRUE
395402;Data Engineer;Johannesburg;BeBee;Full-time;FALSE;April;TRUE
467081;Data Engineer;Johannesburg;BeBee;Full-time;FALSE;March;TRUE
49216;Data Engineer;Johannesburg;BeBee;Full-time;FALSE;February;TRUE
886982;Data Engineer;Johannesburg;BeBee;Full-time;FALSE;February;TRUE
1149470;Data Engineer;Johannesburg;BeBee;Full-time;FALSE;August;TRUE
1280351;Data Engineer;Johannesburg;BeBee;Full-time;FALSE;June;TRUE
65292;Data Engineer;Johannesburg;BeBee;Full-time;FALSE;February;TRUE
448042;Data Engineer;Johannesburg;BeBee;Full-time;FALSE;August;TRUE
1458534;Data Engineer;Johannesburg;BeBee;Full-time;FALSE;April;TRUE
1696572;Data Engineer;Johannesburg;BeBee;Full-time;FALSE;April;TRUE
856343;Data Engineer;Johannesburg;BeBee;Full-time;FALSE;April;TRUE
898374;Data Engineer;Johannesburg;BeBee;Full-time;FALSE;March;TRUE
64311;Data Engineer;Johannesburg;BeBee;Full-time;FALSE;February;TRUE
239208;Data Engineer;Johannesburg;BeBee;Full-time;FALSE;February;TRUE
325781;Data Engineer;Johannesburg;BeBee;Full-time;FALSE;July;TRUE
475776;Data Engineer;Johannesburg;BeBee;Full-time;FALSE;August;TRUE
1114049;Data Engineer;Johannesburg;BeBee;Full-time;FALSE;March;TRUE
226406;Data Engineer;Johannesburg;BeBee;Full-time;FALSE;May;TRUE
799265;Data Engineer;Johannesburg;BeBee;Full-time;FALSE;July;TRUE
1369690;Data Engineer;Johannesburg;BeBee;Full-time;FALSE;April;TRUE
101393;Data Engineer;Johannesburg;BeBee;Full-time;FALSE;May;TRUE
72538;Data Engineer;Johannesburg;BeBee;Full-time;FALSE;June;TRUE
156969;Data Engineer;Johannesburg;BeBee;Full-time;FALSE;April;TRUE
511837;Data Engineer;Johannesburg;BeBee;Full-time;FALSE;February;TRUE
1031705;Data Engineer;Johannesburg;BeBee;Full-time;FALSE;June;TRUE
1387350;Data Engineer;Johannesburg;BeBee;Full-time;FALSE;February;TRUE
467099;Data Engineer;Johannesburg;BeBee;Full-time;FALSE;April;TRUE
1207954;Data Engineer;Johannesburg;BeBee;Full-time;FALSE;April;TRUE
72303;Data Engineer;Johannesburg;BeBee;Full-time;FALSE;March;TRUE
1491177;Data Engineer;Johannesburg;BeBee;Full-time;FALSE;April;TRUE
553399;Data Engineer;Johannesburg;BeBee;Full-time;FALSE;August;TRUE
596546;Data Engineer;Johannesburg;BeBee;Full-time;FALSE;April;TRUE
898840;Data Engineer;Johannesburg;BeBee;Full-time;FALSE;August;TRUE
901777;Data Engineer;Johannesburg;BeBee;Full-time;FALSE;April;TRUE
1171548;Data Engineer;Johannesburg;BeBee;Full-time;FALSE;April;TRUE
1323364;Data Engineer;Johannesburg;BeBee;Full-time;FALSE;August;TRUE
624887;Data Engineer;Johannesburg;BeBee;Full-time;FALSE;May;TRUE
1225587;Data Engineer;Johannesburg;BeBee;Full-time;FALSE;May;TRUE
1403757;Data Engineer;Johannesburg;BeBee;Full-time;FALSE;May;TRUE
298573;Data Engineer;Johannesburg;BeBee;Full-time;FALSE;March;TRUE
68526;Data Engineer;Johannesburg;BeBee;Full-time;FALSE;August;TRUE
518181;Data Engineer;Johannesburg;BeBee;Full-time;FALSE;April;TRUE
38233;Data Engineer;Johannesburg;BeBee;Full-time;FALSE;April;TRUE
108238;Data Engineer;Johannesburg;BeBee;Full-time;FALSE;April;TRUE
402541;Data Engineer;Johannesburg;BeBee;Full-time;FALSE;April;TRUE
503740;Data Engineer;Johannesburg;BeBee;Full-time;FALSE;August;TRUE
912447;Data Engineer;Johannesburg;BeBee;Full-time;FALSE;July;TRUE
1488598;Data Engineer;Johannesburg;BeBee;Full-time;FALSE;April;TRUE
117297;Data Engineer;Johannesburg;BeBee;Full-time;FALSE;December;TRUE
179806;Data Engineer;Johannesburg;BeBee;Full-time;FALSE;April;TRUE
282650;Data Engineer;Johannesburg;BeBee;Full-time;FALSE;April;TRUE
300303;Data Engineer;Johannesburg;BeBee;Full-time;FALSE;April;TRUE
420519;Data Engineer;Johannesburg;BeBee;Full-time;FALSE;March;TRUE
362236;Data Engineer;Johannesburg;BeBee;Full-time;FALSE;September;TRUE
1311691;Data Engineer;Johannesburg;BeBee;Full-time;FALSE;March;TRUE
555400;Data Engineer;Johannesburg;BeBee;Full-time;FALSE;April;TRUE
886250;Data Engineer;Johannesburg;BeBee;Full-time;FALSE;May;TRUE
941864;Data Engineer;Johannesburg;BeBee;Full-time;FALSE;September;TRUE
377325;Data Engineer;Johannesburg;BeBee;Full-time;FALSE;February;TRUE
1588276;Data Engineer;Johannesburg;BeBee;Full-time;FALSE;September;TRUE
97675;Data Engineer;Johannesburg;BeBee;Full-time;FALSE;May;TRUE
50140;Data Engineer;Johannesburg;BeBee;Full-time;FALSE;March;TRUE
404112;Data Engineer;Johannesburg;BeBee;Full-time;FALSE;February;TRUE
433034;Data Engineer;Johannesburg;BeBee;Full-time;FALSE;February;TRUE
1741803;Data Engineer;Johannesburg;BeBee;Full-time;FALSE;March;TRUE
89138;Data Engineer;Johannesburg;BeBee;Full-time;FALSE;July;TRUE
367782;Data Engineer;Johannesburg;BeBee;Full-time;FALSE;February;TRUE
477564;Data Engineer;Johannesburg;BeBee;Full-time;FALSE;February;TRUE
616444;Data Engineer;Johannesburg;BeBee;Full-time;FALSE;February;TRUE
129149;Data Engineer;Johannesburg;BeBee;Full-time;FALSE;May;TRUE
1449577;Data Engineer;Johannesburg;BeBee;Full-time;FALSE;February;TRUE
774572;Data Engineer;Johannesburg;BeBee;Full-time;FALSE;April;FALSE
835915;Data Engineer;Johannesburg;BeBee;Full-time;FALSE;March;FALSE
924084;Data Engineer;Johannesburg;BeBee;Full-time;FALSE;February;FALSE
946420;Data Engineer;Johannesburg;BeBee;Full-time;FALSE;February;FALSE
994528;Data Engineer;Johannesburg;BeBee;Full-time;FALSE;March;FALSE
1401198;Data Engineer;Johannesburg;BeBee;Full-time;FALSE;June;FALSE
100192;Data Engineer;Johannesburg;BeBee;Full-time;FALSE;March;FALSE
111139;Data Engineer;Johannesburg;BeBee;Full-time;FALSE;September;FALSE
230835;Data Engineer;Johannesburg;BeBee;Full-time;FALSE;May;FALSE
280489;Data Engineer;Johannesburg;BeBee;Full-time;FALSE;August;FALSE
431624;Data Engineer;Johannesburg;BeBee;Full-time;FALSE;February;FALSE
586599;Data Engineer;Johannesburg;BeBee;Full-time;FALSE;February;FALSE
795848;Data Engineer;Johannesburg;BeBee;Full-time;FALSE;April;FALSE
1338821;Data Engineer;Johannesburg;BeBee;Full-time;FALSE;August;FALSE
47494;Data Engineer;Johannesburg;BeBee;Full-time;FALSE;June;FALSE
302241;Data Engineer;Johannesburg;BeBee;Full-time;FALSE;February;FALSE
322977;Data Engineer;Johannesburg;BeBee;Full-time;FALSE;February;FALSE
460356;Data Engineer;Johannesburg;BeBee;Full-time;FALSE;February;FALSE
463476;Data Engineer;Johannesburg;BeBee;Full-time;FALSE;February;FALSE
596780;Data Engineer;Johannesburg;BeBee;Full-time;FALSE;August;FALSE
688388;Data Engineer;Johannesburg;BeBee;Full-time;FALSE;February;FALSE
708981;Data Engineer;Johannesburg;BeBee;Full-time;FALSE;June;FALSE
767326;Data Engineer;Johannesburg;BeBee;Full-time;FALSE;April;FALSE
830808;Data Engineer;Johannesburg;BeBee;Full-time;FALSE;August;FALSE
847181;Data Engineer;Johannesburg;BeBee;Full-time;FALSE;April;FALSE
1292175;Data Engineer;Johannesburg;BeBee;Full-time;FALSE;June;FALSE
71235;Data Engineer;Johannesburg;BeBee;Full-time;FALSE;May;FALSE
80051;Data Engineer;Johannesburg;BeBee;Full-time;FALSE;April;FALSE
84154;Data Engineer;Johannesburg;BeBee;Full-time;FALSE;April;FALSE
234594;Data Engineer;Johannesburg;BeBee;Full-time;FALSE;April;FALSE
346304;Data Engineer;Johannesburg;BeBee;Full-time;FALSE;April;FALSE
429073;Data Engineer;Johannesburg;BeBee;Full-time;FALSE;May;FALSE
439740;Data Engineer;Johannesburg;BeBee;Full-time;FALSE;June;FALSE
825180;Data Engineer;Johannesburg;BeBee;Full-time;FALSE;May;FALSE
988074;Data Engineer;Johannesburg;BeBee;Full-time;FALSE;May;FALSE
1033650;Data Engineer;Johannesburg;BeBee;Full-time;FALSE;March;FALSE
275652;Data Engineer;Johannesburg;BeBee;Full-time;FALSE;February;FALSE
441854;Data Engineer;Johannesburg;BeBee;Full-time;FALSE;March;FALSE
457184;Data Engineer;Johannesburg;BeBee;Full-time;FALSE;June;FALSE
660488;Data Engineer;Johannesburg;BeBee;Full-time;FALSE;March;FALSE
1492974;Data Engineer;Johannesburg;BeBee;Full-time;FALSE;June;FALSE
1690987;Data Engineer;Johannesburg;BeBee;Full-time;FALSE;February;FALSE
34186;Data Engineer;Johannesburg;BeBee;Full-time;FALSE;August;FALSE
141215;Data Engineer;Johannesburg;BeBee;Full-time;FALSE;June;FALSE
289001;Data Engineer;Johannesburg;BeBee;Full-time;FALSE;August;FALSE
323125;Data Engineer;Johannesburg;BeBee;Full-time;FALSE;April;FALSE
338509;Data Engineer;Johannesburg;BeBee;Full-time;FALSE;August;FALSE
533980;Data Engineer;Johannesburg;BeBee;Full-time;FALSE;June;FALSE
708285;Data Engineer;Johannesburg;BeBee;Full-time;FALSE;September;FALSE
790886;Data Engineer;Johannesburg;BeBee;Full-time;FALSE;September;FALSE
868926;Data Engineer;Johannesburg;BeBee;Full-time;FALSE;June;FALSE
1039673;Data Engineer;Johannesburg;BeBee;Full-time;FALSE;September;FALSE
1325311;Data Engineer;Johannesburg;BeBee;Full-time;FALSE;August;FALSE
1338577;Data Engineer;Johannesburg;BeBee;Full-time;FALSE;March;FALSE
1362668;Data Engineer;Johannesburg;BeBee;Full-time;FALSE;June;FALSE
1368996;Data Engineer;Johannesburg;BeBee;Full-time;FALSE;August;FALSE
1738814;Data Engineer;Johannesburg;BeBee;Full-time;FALSE;March;FALSE
216111;Data Engineer;Johannesburg;BeBee;Full-time;FALSE;February;FALSE
419403;Data Engineer;Johannesburg;BeBee;Full-time;FALSE;February;FALSE
522442;Data Engineer;Johannesburg;BeBee;Full-time;FALSE;February;FALSE
552810;Data Engineer;Johannesburg;BeBee;Full-time;FALSE;April;FALSE
781505;Data Engineer;Johannesburg;BeBee;Full-time;FALSE;February;FALSE
791497;Data Engineer;Johannesburg;BeBee;Full-time;FALSE;March;FALSE
888978;Data Engineer;Johannesburg;BeBee;Full-time;FALSE;July;FALSE
953118;Data Engineer;Johannesburg;BeBee;Full-time;FALSE;May;FALSE
39719;Data Engineer;Johannesburg;BeBee;Full-time;FALSE;March;FALSE
542714;Data Engineer;Johannesburg;BeBee;Full-time;FALSE;February;FALSE
780159;Data Engineer;Johannesburg;BeBee;Full-time;FALSE;March;FALSE
6274;Data Engineer;Johannesburg;BeBee;Full-time;FALSE;March;FALSE
83668;Data Engineer;Johannesburg;BeBee;Full-time;FALSE;February;FALSE
114638;Data Engineer;Johannesburg;BeBee;Full-time;FALSE;May;FALSE
394543;Data Engineer;Johannesburg;BeBee;Full-time;FALSE;June;FALSE
523871;Data Engineer;Johannesburg;BeBee;Full-time;FALSE;March;FALSE
541175;Data Engineer;Johannesburg;BeBee;Full-time;FALSE;June;FALSE
697874;Data Engineer;Johannesburg;BeBee;Full-time;FALSE;February;FALSE
740794;Data Engineer;Johannesburg;BeBee;Full-time;FALSE;February;FALSE
1413799;Data Engineer;Johannesburg;BeBee;Full-time;FALSE;February;FALSE
118261;Data Engineer;Johannesburg;BeBee;Full-time;FALSE;February;FALSE
228718;Data Engineer;Johannesburg;BeBee;Full-time;FALSE;April;FALSE
1003991;Data Engineer;Johannesburg;BeBee;Full-time;FALSE;February;FALSE
1197470;Data Engineer;Johannesburg;BeBee;Full-time;FALSE;March;FALSE
1297690;Data Engineer;Johannesburg;BeBee;Full-time;FALSE;June;FALSE
87645;Data Engineer;Johannesburg;BeBee;Full-time;FALSE;March;FALSE
336362;Data Engineer;Johannesburg;BeBee;Full-time;FALSE;June;FALSE
1637000;Data Engineer;Johannesburg;BeBee;Full-time;FALSE;April;FALSE
206831;Data Engineer;Johannesburg;BeBee;Full-time;FALSE;March;FALSE
903899;Data Engineer;Johannesburg;BeBee;Full-time;FALSE;March;FALSE
837326;Data Engineer;Johannesburg;BeBee;Full-time;FALSE;February;FALSE
507870;Data Engineer;Johannesburg;BeBee;Full-time;FALSE;July;FALSE
567464;Data Engineer;Johannesburg;BeBee;Full-time;FALSE;May;FALSE
708159;Data Engineer;Johannesburg;BeBee;Full-time;FALSE;April;FALSE
1271099;Data Engineer;Johannesburg;BeBee;Full-time;FALSE;March;FALSE
357007;Data Engineer;Johannesburg;BeBee;Full-time;FALSE;February;FALSE
794261;Data Engineer;Johannesburg;BeBee;Full-time;FALSE;April;FALSE
1002914;Data Engineer;Johannesburg;BeBee;Full-time;FALSE;February;FALSE
242153;Data Engineer;Johannesburg;BeBee;Full-time;FALSE;June;FALSE
327716;Data Engineer;Johannesburg;BeBee;Full-time;FALSE;May;FALSE
536116;Data Engineer;Johannesburg;BeBee;Full-time;FALSE;May;FALSE
67662;Data Engineer;Johannesburg;BeBee;Full-time;FALSE;May;FALSE
84240;Data Engineer;Johannesburg;BeBee;Full-time;FALSE;May;FALSE
294946;Data Engineer;Johannesburg;BeBee;Full-time;FALSE;May;FALSE
296129;Data Engineer;Johannesburg;BeBee;Full-time;FALSE;May;FALSE
746562;Data Engineer;Johannesburg;BeBee;Full-time;FALSE;August;FALSE
378687;Data Engineer;Johannesburg;BeBee;Full-time;FALSE;June;FALSE
1749599;Data Engineer;Johannesburg;BeBee;Full-time;FALSE;May;FALSE
891395;Data Engineer;Johannesburg;BeBee;Full-time;FALSE;June;FALSE
763179;Data Engineer;Johannesburg;BeBee;Full-time;FALSE;June;FALSE
942185;Data Engineer;Johannesburg;BeBee;Full-time;FALSE;June;FALSE
1138954;Data Engineer;Johannesburg;BeBee;Full-time;FALSE;July;FALSE
189191;Data Engineer;Johannesburg;BeBee;Full-time;FALSE;May;FALSE
57295;Data Engineer;Johannesburg;BeBee;Full-time;FALSE;August;FALSE
325098;Data Engineer;Johannesburg;BeBee;Full-time;FALSE;July;FALSE
541012;Data Engineer;Johannesburg;BeBee;Full-time;FALSE;April;FALSE
662770;Data Engineer;Johannesburg;BeBee;Full-time;FALSE;August;FALSE
779882;Data Engineer;Johannesburg;BeBee;Full-time;FALSE;July;FALSE
1260214;Data Engineer;Johannesburg;BeBee;Full-time;FALSE;July;FALSE
1651019;Data Engineer;Johannesburg;BeBee;Full-time;FALSE;July;FALSE
34419;Data Engineer;Johannesburg;BeBee;Full-time;FALSE;July;FALSE
79962;Data Engineer;Johannesburg;BeBee;Full-time;FALSE;April;FALSE
162702;Data Engineer;Johannesburg;BeBee;Full-time;FALSE;February;FALSE
234836;Data Engineer;Johannesburg;BeBee;Full-time;FALSE;March;FALSE
268797;Data Engineer;Johannesburg;BeBee;Full-time;FALSE;June;FALSE
661870;Data Engineer;Johannesburg;BeBee;Full-time;FALSE;August;FALSE
970466;Data Engineer;Johannesburg;BeBee;Full-time;FALSE;June;FALSE
1491711;Data Engineer;Johannesburg;BeBee;Full-time;FALSE;March;FALSE
1739778;Data Engineer;Johannesburg;BeBee;Full-time;FALSE;April;FALSE
1012220;Data Engineer;Johannesburg;BeBee;Full-time;FALSE;May;FALSE
449204;Data Engineer;Johannesburg;BeBee;Full-time;FALSE;September;FALSE
919033;Data Engineer;Johannesburg;BeBee;Full-time;FALSE;April;FALSE
533252;Data Engineer;Johannesburg;BeBee;Full-time;FALSE;July;FALSE
1194007;Data Engineer;Johannesburg;BeBee;Full-time;FALSE;April;FALSE
378179;Data Engineer;Johannesburg;BeBee;Full-time;FALSE;June;FALSE
515193;Data Engineer;Johannesburg;BeBee;Full-time;FALSE;July;FALSE
529226;Data Engineer;Johannesburg;BeBee;Full-time;FALSE;August;FALSE
1356534;Data Engineer;Johannesburg;BeBee;Full-time;FALSE;August;FALSE
46216;Data Engineer;Johannesburg;BeBee;Full-time;FALSE;September;FALSE
58810;Data Engineer;Johannesburg;BeBee;Full-time;FALSE;May;FALSE
1311020;Data Engineer;Johannesburg;BeBee;Full-time;FALSE;August;FALSE
1758131;Data Engineer;Johannesburg;BeBee;Full-time;FALSE;July;FALSE
1789056;Data Engineer;Johannesburg;BeBee;Full-time;FALSE;July;FALSE
363151;Data Engineer;Johannesburg;BeBee;Full-time;FALSE;July;FALSE
1117256;Data Engineer;Johannesburg;BeBee;Full-time;FALSE;August;FALSE
310480;Data Engineer;Johannesburg;BeBee;Full-time;FALSE;June;FALSE
412390;Data Engineer;Johannesburg;BeBee;Full-time;FALSE;June;FALSE
580130;Data Engineer;Johannesburg;BeBee;Full-time;FALSE;July;FALSE
1248713;Data Engineer;Johannesburg;BeBee;Full-time;FALSE;June;FALSE
1278959;Data Engineer;Johannesburg;BeBee;Full-time;FALSE;June;FALSE
109648;Data Engineer;Johannesburg;BeBee;Full-time;FALSE;May;FALSE
174517;Data Engineer;Johannesburg;BeBee;Full-time;FALSE;May;FALSE
280212;Data Engineer;Johannesburg;BeBee;Full-time;FALSE;March;FALSE
596256;Data Engineer;Johannesburg;BeBee;Full-time;FALSE;May;FALSE
634331;Data Engineer;Johannesburg;BeBee;Full-time;FALSE;May;FALSE
807652;Data Engineer;Johannesburg;BeBee;Full-time;FALSE;April;FALSE
19419;Data Engineer;Johannesburg;BeBee;Full-time;FALSE;April;FALSE
94020;Data Engineer;Johannesburg;BeBee;Full-time;FALSE;July;FALSE
220648;Data Engineer;Johannesburg;BeBee;Full-time;FALSE;July;FALSE
402809;Data Engineer;Johannesburg;BeBee;Full-time;FALSE;May;FALSE
790944;Data Engineer;Johannesburg;BeBee;Full-time;FALSE;May;FALSE
1197843;Data Engineer;Johannesburg;BeBee;Full-time;FALSE;June;FALSE
599122;Data Engineer;Johannesburg;BeBee;Full-time;FALSE;March;FALSE
996913;Data Engineer;Johannesburg;BeBee;Full-time;FALSE;June;FALSE
60825;Data Engineer;Johannesburg;BeBee;Full-time;FALSE;May;FALSE
1475617;Data Engineer;Johannesburg;BeBee;Full-time;FALSE;August;FALSE
364434;Data Engineer;Johannesburg;BeBee;Full-time;FALSE;September;FALSE
447449;Data Engineer;Johannesburg;BeBee;Full-time;FALSE;June;FALSE
525594;Data Engineer;Johannesburg;BeBee;Full-time;FALSE;June;FALSE
555352;Data Engineer;Johannesburg;BeBee;Full-time;FALSE;February;FALSE
51124;Data Engineer;Johannesburg;BeBee;Full-time;FALSE;February;FALSE
71438;Data Engineer;Johannesburg;BeBee;Full-time;FALSE;April;FALSE
1009376;Data Engineer;Johannesburg;BeBee;Full-time;FALSE;June;FALSE
1778656;Data Engineer;Johannesburg;BeBee;Full-time;FALSE;June;FALSE
205715;Data Engineer;Johannesburg;BeBee;Full-time;FALSE;May;FALSE
1287409;Data Engineer;Johannesburg;BeBee;Full-time;FALSE;February;FALSE
1366720;Data Engineer;Johannesburg;BeBee;Full-time;FALSE;June;FALSE
1367696;Data Engineer;Johannesburg;BeBee;Full-time;FALSE;February;FALSE
1377363;Data Engineer;Johannesburg;BeBee;Full-time;FALSE;May;FALSE
1462341;Data Engineer;Johannesburg;BeBee;Full-time;FALSE;June;FALSE
1544474;Data Engineer;Johannesburg;BeBee;Full-time;FALSE;February;FALSE
957265;Data Scientist;Johannesburg;BeBee;Full-time;FALSE;January;FALSE
1360076;Data Scientist;Johannesburg;BeBee;Full-time;FALSE;April;FALSE
1418305;Data Scientist;Johannesburg;BeBee;Full-time;FALSE;February;FALSE
1649261;Data Scientist;Johannesburg;BeBee;Full-time;FALSE;March;FALSE
6077;Data Scientist;Johannesburg;BeBee;Full-time;FALSE;February;FALSE
321938;Data Scientist;Johannesburg;BeBee;Full-time;FALSE;February;FALSE
378858;Data Scientist;Johannesburg;BeBee;Full-time;FALSE;April;FALSE
551500;Data Scientist;Johannesburg;BeBee;Full-time;FALSE;July;FALSE
1291585;Data Scientist;Johannesburg;BeBee;Full-time;FALSE;April;FALSE
1514318;Data Scientist;Johannesburg;BeBee;Full-time;FALSE;February;FALSE
1581736;Data Scientist;Johannesburg;BeBee;Full-time;FALSE;July;FALSE
205292;Data Scientist;Johannesburg;BeBee;Full-time;FALSE;April;FALSE
969181;Data Scientist;Johannesburg;BeBee;Full-time;FALSE;April;FALSE
1318686;Data Scientist;Johannesburg;BeBee;Full-time;FALSE;February;FALSE
1345969;Data Scientist;Johannesburg;BeBee;Full-time;FALSE;April;FALSE
1413225;Data Scientist;Johannesburg;BeBee;Full-time;FALSE;January;FALSE
1681852;Data Scientist;Johannesburg;BeBee;Full-time;FALSE;February;FALSE
1684154;Data Scientist;Johannesburg;BeBee;Full-time;FALSE;July;FALSE
45162;Data Scientist;Johannesburg;BeBee;Full-time;FALSE;May;FALSE
90928;Data Scientist;Johannesburg;BeBee;Full-time;FALSE;July;FALSE
155063;Data Scientist;Johannesburg;BeBee;Full-time;FALSE;January;FALSE
324159;Data Scientist;Johannesburg;BeBee;Full-time;FALSE;June;FALSE
485208;Data Scientist;Johannesburg;BeBee;Full-time;FALSE;January;FALSE
827124;Data Scientist;Johannesburg;BeBee;Full-time;FALSE;January;FALSE
862034;Data Scientist;Johannesburg;BeBee;Full-time;FALSE;May;FALSE
991044;Data Scientist;Johannesburg;BeBee;Full-time;FALSE;January;FALSE
1143982;Data Scientist;Johannesburg;BeBee;Full-time;FALSE;March;FALSE
99777;Data Scientist;Johannesburg;BeBee;Full-time;FALSE;June;FALSE
413627;Data Scientist;Johannesburg;BeBee;Full-time;FALSE;June;FALSE
1043997;Data Scientist;Johannesburg;BeBee;Full-time;FALSE;January;FALSE
1493392;Data Scientist;Johannesburg;BeBee;Full-time;FALSE;June;FALSE
1699536;Data Scientist;Johannesburg;BeBee;Full-time;FALSE;March;FALSE
1759559;Data Scientist;Johannesburg;BeBee;Full-time;FALSE;June;FALSE
7313;Data Scientist;Johannesburg;BeBee;Full-time;FALSE;July;FALSE
26144;Data Scientist;Johannesburg;BeBee;Full-time;FALSE;March;FALSE
179951;Data Scientist;Johannesburg;BeBee;Full-time;FALSE;January;FALSE
287086;Data Scientist;Johannesburg;BeBee;Full-time;FALSE;April;FALSE
335356;Data Scientist;Johannesburg;BeBee;Full-time;FALSE;April;FALSE
351438;Data Scientist;Johannesburg;BeBee;Full-time;FALSE;June;FALSE
403613;Data Scientist;Johannesburg;BeBee;Full-time;FALSE;April;FALSE
668348;Data Scientist;Johannesburg;BeBee;Full-time;FALSE;July;FALSE
747922;Data Scientist;Johannesburg;BeBee;Full-time;FALSE;July;FALSE
861377;Data Scientist;Johannesburg;BeBee;Full-time;FALSE;June;FALSE
877958;Data Scientist;Johannesburg;BeBee;Full-time;FALSE;February;FALSE
901114;Data Scientist;Johannesburg;BeBee;Full-time;FALSE;September;FALSE
960365;Data Scientist;Johannesburg;BeBee;Full-time;FALSE;April;FALSE
1040978;Data Scientist;Johannesburg;BeBee;Full-time;FALSE;January;FALSE
1514890;Data Scientist;Johannesburg;BeBee;Full-time;FALSE;January;FALSE
1533473;Data Scientist;Johannesburg;BeBee;Full-time;FALSE;May;FALSE
1588463;Data Scientist;Johannesburg;BeBee;Full-time;FALSE;June;FALSE
1744030;Data Scientist;Johannesburg;BeBee;Full-time;FALSE;January;FALSE
29742;Data Scientist;Johannesburg;BeBee;Full-time;FALSE;February;FALSE
292827;Data Scientist;Johannesburg;BeBee;Full-time;FALSE;July;FALSE
328363;Data Scientist;Johannesburg;BeBee;Full-time;FALSE;April;FALSE
338071;Data Scientist;Johannesburg;BeBee;Full-time;FALSE;April;FALSE
373692;Data Scientist;Johannesburg;BeBee;Full-time;FALSE;July;FALSE
407908;Data Scientist;Johannesburg;BeBee;Full-time;FALSE;March;FALSE
634025;Data Scientist;Johannesburg;BeBee;Full-time;FALSE;February;FALSE
749014;Data Scientist;Johannesburg;BeBee;Full-time;FALSE;June;FALSE
839604;Data Scientist;Johannesburg;BeBee;Full-time;FALSE;July;FALSE
1288107;Data Scientist;Johannesburg;BeBee;Full-time;FALSE;July;FALSE
1305316;Data Scientist;Johannesburg;BeBee;Full-time;FALSE;June;FALSE
14902;Data Scientist;Johannesburg;BeBee;Full-time;FALSE;July;FALSE
400534;Data Scientist;Johannesburg;BeBee;Full-time;FALSE;September;FALSE
438614;Data Scientist;Johannesburg;BeBee;Full-time;FALSE;July;FALSE
781981;Data Scientist;Johannesburg;BeBee;Full-time;FALSE;July;FALSE
4960;Data Scientist;Johannesburg;BeBee;Full-time;FALSE;January;FALSE
166235;Data Scientist;Johannesburg;BeBee;Full-time;FALSE;June;FALSE
178659;Data Scientist;Johannesburg;BeBee;Full-time;FALSE;March;FALSE
243793;Data Scientist;Johannesburg;BeBee;Full-time;FALSE;January;FALSE
363857;Data Scientist;Johannesburg;BeBee;Full-time;FALSE;May;FALSE
388824;Data Scientist;Johannesburg;BeBee;Full-time;FALSE;April;FALSE
426241;Data Scientist;Johannesburg;BeBee;Full-time;FALSE;January;FALSE
724007;Data Scientist;Johannesburg;BeBee;Full-time;FALSE;January;FALSE
1451677;Data Scientist;Johannesburg;BeBee;Full-time;FALSE;January;FALSE
1504860;Data Scientist;Johannesburg;BeBee;Full-time;FALSE;January;FALSE
54383;Data Scientist;Johannesburg;BeBee;Full-time;FALSE;February;FALSE
181022;Data Scientist;Johannesburg;BeBee;Full-time;FALSE;January;FALSE
338699;Data Scientist;Johannesburg;BeBee;Full-time;FALSE;March;FALSE
415056;Data Scientist;Johannesburg;BeBee;Full-time;FALSE;January;FALSE
523304;Data Scientist;Johannesburg;BeBee;Full-time;FALSE;February;FALSE
531509;Data Scientist;Johannesburg;BeBee;Full-time;FALSE;September;FALSE
640062;Data Scientist;Johannesburg;BeBee;Full-time;FALSE;September;FALSE
668664;Data Scientist;Johannesburg;BeBee;Full-time;FALSE;April;FALSE
785235;Data Scientist;Johannesburg;BeBee;Full-time;FALSE;February;FALSE
898314;Data Scientist;Johannesburg;BeBee;Full-time;FALSE;February;FALSE
927209;Data Scientist;Johannesburg;BeBee;Full-time;FALSE;April;FALSE
1240488;Data Scientist;Johannesburg;BeBee;Full-time;FALSE;February;FALSE
1313987;Data Scientist;Johannesburg;BeBee;Full-time;FALSE;February;FALSE
1621269;Data Scientist;Johannesburg;BeBee;Full-time;FALSE;March;FALSE
248088;Data Scientist;Johannesburg;BeBee;Full-time;FALSE;April;FALSE
279186;Data Scientist;Johannesburg;BeBee;Full-time;FALSE;June;FALSE
792956;Data Scientist;Johannesburg;BeBee;Full-time;FALSE;April;FALSE
1046840;Data Scientist;Johannesburg;BeBee;Full-time;FALSE;January;FALSE
1422675;Data Scientist;Johannesburg;BeBee;Full-time;FALSE;April;FALSE
85274;Data Scientist;Johannesburg;BeBee;Full-time;FALSE;January;FALSE
473678;Data Scientist;Johannesburg;BeBee;Full-time;FALSE;June;FALSE
796828;Data Scientist;Johannesburg;BeBee;Full-time;FALSE;March;FALSE
901396;Data Scientist;Johannesburg;BeBee;Full-time;FALSE;July;FALSE
924639;Data Scientist;Johannesburg;BeBee;Full-time;FALSE;April;FALSE
1689502;Data Scientist;Johannesburg;BeBee;Full-time;FALSE;January;FALSE
28606;Data Scientist;Johannesburg;BeBee;Full-time;FALSE;April;FALSE
212423;Data Scientist;Johannesburg;BeBee;Full-time;FALSE;January;FALSE
1067025;Data Scientist;Johannesburg;BeBee;Full-time;FALSE;March;FALSE
62209;Data Scientist;Johannesburg;BeBee;Full-time;FALSE;September;FALSE
100234;Data Scientist;Johannesburg;BeBee;Full-time;FALSE;April;FALSE
1757861;Data Scientist;Johannesburg;BeBee;Full-time;FALSE;March;FALSE
7138;Data Scientist;Johannesburg;BeBee;Full-time;FALSE;April;FALSE
1042612;Data Scientist;Johannesburg;BeBee;Full-time;FALSE;April;FALSE
1056367;Data Scientist;Johannesburg;BeBee;Full-time;FALSE;March;FALSE
1448040;Data Scientist;Johannesburg;BeBee;Full-time;FALSE;June;FALSE
113197;Data Scientist;Johannesburg;BeBee;Full-time;FALSE;May;FALSE
199964;Data Scientist;Johannesburg;BeBee;Full-time;FALSE;April;FALSE
523610;Data Scientist;Johannesburg;BeBee;Full-time;FALSE;March;FALSE
1217181;Data Scientist;Johannesburg;BeBee;Full-time;FALSE;April;FALSE
1044628;Data Scientist;Johannesburg;BeBee;Full-time;FALSE;April;FALSE
1681583;Data Scientist;Johannesburg;BeBee;Full-time;FALSE;February;FALSE
144241;Data Scientist;Johannesburg;BeBee;Full-time;FALSE;June;FALSE
241552;Data Scientist;Johannesburg;BeBee;Full-time;FALSE;April;FALSE
1747062;Data Scientist;Johannesburg;BeBee;Full-time;FALSE;May;FALSE
14347;Data Scientist;Johannesburg;BeBee;Full-time;FALSE;June;FALSE
460057;Data Scientist;Johannesburg;BeBee;Full-time;FALSE;June;FALSE
488656;Data Scientist;Johannesburg;BeBee;Full-time;FALSE;January;FALSE
1632693;Data Scientist;Johannesburg;BeBee;Full-time;FALSE;June;FALSE
611520;Data Scientist;Johannesburg;BeBee;Full-time;FALSE;January;FALSE
616687;Data Scientist;Johannesburg;BeBee;Full-time;FALSE;March;FALSE
27146;Data Scientist;Johannesburg;BeBee;Full-time;FALSE;June;FALSE
109786;Data Scientist;Johannesburg;BeBee;Full-time;FALSE;July;FALSE
340053;Data Scientist;Johannesburg;BeBee;Full-time;FALSE;July;FALSE
376821;Data Scientist;Johannesburg;BeBee;Full-time;FALSE;March;FALSE
423280;Data Scientist;Johannesburg;BeBee;Full-time;FALSE;March;FALSE
584212;Data Scientist;Johannesburg;BeBee;Full-time;FALSE;May;FALSE
645703;Data Scientist;Johannesburg;BeBee;Full-time;FALSE;September;FALSE
780885;Data Scientist;Johannesburg;BeBee;Full-time;FALSE;July;FALSE
791660;Data Scientist;Johannesburg;BeBee;Full-time;FALSE;July;FALSE
802524;Data Scientist;Johannesburg;BeBee;Full-time;FALSE;July;FALSE
822945;Data Scientist;Johannesburg;BeBee;Full-time;FALSE;June;FALSE
1093062;Data Scientist;Johannesburg;BeBee;Full-time;FALSE;May;FALSE
1248764;Data Scientist;Johannesburg;BeBee;Full-time;FALSE;July;FALSE
1512170;Data Scientist;Johannesburg;BeBee;Full-time;FALSE;September;FALSE
1512774;Data Scientist;Johannesburg;BeBee;Full-time;FALSE;July;FALSE
1525884;Data Scientist;Johannesburg;BeBee;Full-time;FALSE;March;FALSE
1610114;Data Scientist;Johannesburg;BeBee;Full-time;FALSE;July;FALSE
1823152;Data Scientist;Johannesburg;BeBee;Full-time;FALSE;February;FALSE
33293;Data Scientist;Johannesburg;BeBee;Full-time;FALSE;June;FALSE
59588;Data Scientist;Johannesburg;BeBee;Full-time;FALSE;March;FALSE
66104;Data Scientist;Johannesburg;BeBee;Full-time;FALSE;February;FALSE
132765;Data Scientist;Johannesburg;BeBee;Full-time;FALSE;April;FALSE
216826;Data Scientist;Johannesburg;BeBee;Full-time;FALSE;January;FALSE
337139;Data Scientist;Johannesburg;BeBee;Full-time;FALSE;January;FALSE
403127;Data Scientist;Johannesburg;BeBee;Full-time;FALSE;January;FALSE
408155;Data Scientist;Johannesburg;BeBee;Full-time;FALSE;March;FALSE
752546;Data Scientist;Johannesburg;BeBee;Full-time;FALSE;March;FALSE
1187392;Data Scientist;Johannesburg;BeBee;Full-time;FALSE;March;FALSE
1716477;Data Scientist;Johannesburg;BeBee;Full-time;FALSE;April;FALSE
1721219;Data Scientist;Johannesburg;BeBee;Full-time;FALSE;June;FALSE
381736;Data Scientist;Johannesburg;BeBee;Full-time;FALSE;September;FALSE
1061174;Data Scientist;Johannesburg;BeBee;Full-time;FALSE;July;FALSE
58430;Data Scientist;Johannesburg;BeBee;Full-time;FALSE;January;FALSE
185946;Data Scientist;Johannesburg;BeBee;Full-time;FALSE;January;FALSE
23428;Data Scientist;Johannesburg;BeBee;Full-time;FALSE;January;FALSE
122540;Data Scientist;Johannesburg;BeBee;Full-time;FALSE;July;FALSE
1115318;Data Scientist;Johannesburg;BeBee;Full-time;FALSE;September;FALSE
357652;Data Scientist;Johannesburg;BeBee;Full-time;FALSE;January;FALSE
929630;Data Scientist;Johannesburg;BeBee;Full-time;FALSE;April;FALSE
1423200;Data Scientist;Johannesburg;BeBee;Full-time;FALSE;September;FALSE
196348;Data Scientist;Johannesburg;BeBee;Full-time;FALSE;September;FALSE
1243553;Data Scientist;Johannesburg;BeBee;Full-time;FALSE;September;FALSE
482169;Data Scientist;Johannesburg;BeBee;Full-time;FALSE;January;FALSE
515741;Data Scientist;Johannesburg;BeBee;Full-time;FALSE;September;FALSE
1095904;Data Scientist;Johannesburg;BeBee;Full-time;FALSE;January;FALSE
1530834;Data Scientist;Johannesburg;BeBee;Full-time;FALSE;September;FALSE
1710844;Data Scientist;Johannesburg;BeBee;Full-time;FALSE;January;FALSE
926766;Data Scientist;Johannesburg;BeBee;Full-time;FALSE;September;FALSE
1158700;Data Scientist;Johannesburg;BeBee;Full-time;FALSE;September;FALSE
212451;Data Scientist;Johannesburg;BeBee;Full-time;FALSE;January;FALSE
836703;Data Scientist;Johannesburg;BeBee;Full-time;FALSE;June;FALSE
1564024;Data Scientist;Johannesburg;BeBee;Full-time;FALSE;July;FALSE
724370;Data Scientist;Johannesburg;BeBee;Full-time;FALSE;January;FALSE
2928;Data Scientist;Johannesburg;BeBee;Full-time;FALSE;April;FALSE
376815;Data Scientist;Johannesburg;BeBee;Full-time;FALSE;September;FALSE
486418;Data Scientist;Johannesburg;BeBee;Full-time;FALSE;July;FALSE
1091928;Data Scientist;Johannesburg;BeBee;Full-time;FALSE;March;FALSE
1174821;Data Scientist;Johannesburg;BeBee;Full-time;FALSE;March;FALSE
59466;Data Scientist;Johannesburg;BeBee;Full-time;FALSE;May;FALSE
138221;Data Scientist;Johannesburg;BeBee;Full-time;FALSE;June;FALSE
1168831;Data Scientist;Johannesburg;BeBee;Full-time;FALSE;July;FALSE
680225;Data Scientist;Johannesburg;BeBee;Full-time;FALSE;January;FALSE
989537;Data Scientist;Johannesburg;BeBee;Full-time;FALSE;September;FALSE
1411730;Data Scientist;Johannesburg;BeBee;Full-time;FALSE;May;FALSE
1532064;Data Scientist;Johannesburg;BeBee;Full-time;FALSE;March;FALSE
1748543;Data Scientist;Johannesburg;BeBee;Full-time;FALSE;April;FALSE
1803748;Data Scientist;Johannesburg;BeBee;Full-time;FALSE;May;FALSE
51864;Data Scientist;Johannesburg;BeBee;Full-time;FALSE;January;FALSE
253449;Data Scientist;Johannesburg;BeBee;Full-time;FALSE;July;FALSE
522889;Data Scientist;Johannesburg;BeBee;Full-time;FALSE;July;FALSE
732723;Data Scientist;Johannesburg;BeBee;Full-time;FALSE;March;FALSE
883439;Data Scientist;Johannesburg;BeBee;Full-time;FALSE;February;FALSE
896527;Data Scientist;Johannesburg;BeBee;Full-time;FALSE;May;FALSE
981062;Data Scientist;Johannesburg;BeBee;Full-time;FALSE;June;FALSE
1178788;Data Scientist;Johannesburg;BeBee;Full-time;FALSE;March;FALSE
715784;Data Scientist;Johannesburg;BeBee;Full-time;FALSE;February;FALSE
820494;Data Scientist;Johannesburg;BeBee;Full-time;FALSE;June;FALSE
1401631;Data Scientist;Johannesburg;BeBee;Full-time;FALSE;September;FALSE
1625950;Data Scientist;Johannesburg;BeBee;Full-time;FALSE;February;FALSE
891006;Data Scientist;Johannesburg;BeBee;Full-time;FALSE;January;TRUE
1522802;Data Scientist;Johannesburg;BeBee;Full-time;FALSE;March;TRUE
1739377;Data Scientist;Johannesburg;BeBee;Full-time;FALSE;January;TRUE
612093;Data Scientist;Johannesburg;BeBee;Full-time;FALSE;July;TRUE
878680;Data Scientist;Johannesburg;BeBee;Full-time;FALSE;February;TRUE
1487228;Data Scientist;Johannesburg;BeBee;Full-time;FALSE;January;TRUE
1694176;Data Scientist;Johannesburg;BeBee;Full-time;FALSE;February;TRUE
80975;Data Scientist;Johannesburg;BeBee;Full-time;FALSE;February;TRUE
492510;Data Scientist;Johannesburg;BeBee;Full-time;FALSE;February;TRUE
1345986;Data Scientist;Johannesburg;BeBee;Full-time;FALSE;February;TRUE
1293056;Data Scientist;Johannesburg;BeBee;Full-time;FALSE;August;TRUE
1603806;Data Scientist;Johannesburg;BeBee;Full-time;FALSE;August;TRUE
107;Data Scientist;Johannesburg;BeBee;Full-time;FALSE;August;FALSE
43323;Data Scientist;Johannesburg;BeBee;Full-time;FALSE;August;FALSE
197669;Data Scientist;Johannesburg;BeBee;Full-time;FALSE;August;FALSE
421999;Data Scientist;Johannesburg;BeBee;Full-time;FALSE;August;FALSE
484223;Data Scientist;Johannesburg;BeBee;Full-time;FALSE;August;FALSE
605770;Data Scientist;Johannesburg;BeBee;Full-time;FALSE;August;FALSE
723810;Data Scientist;Johannesburg;BeBee;Full-time;FALSE;August;FALSE
796415;Data Scientist;Johannesburg;BeBee;Full-time;FALSE;August;FALSE
797169;Data Scientist;Johannesburg;BeBee;Full-time;FALSE;August;FALSE
903073;Data Scientist;Johannesburg;BeBee;Full-time;FALSE;August;FALSE
1525681;Data Scientist;Johannesburg;BeBee;Full-time;FALSE;August;FALSE
1567898;Data Scientist;Johannesburg;BeBee;Full-time;FALSE;August;FALSE
1639778;Data Scientist;Johannesburg;BeBee;Full-time;FALSE;August;FALSE
376328;Data Scientist;Johannesburg;BeBee;Full-time;FALSE;August;FALSE
469208;Data Scientist;Johannesburg;BeBee;Full-time;FALSE;August;FALSE
32730;Data Scientist;Johannesburg;BeBee;Full-time;FALSE;August;FALSE
258032;Data Scientist;Johannesburg;BeBee;Full-time;FALSE;August;FALSE
267875;Data Scientist;Johannesburg;BeBee;Full-time;FALSE;August;FALSE
304432;Data Scientist;Johannesburg;BeBee;Full-time;FALSE;August;FALSE
331010;Data Scientist;Johannesburg;BeBee;Full-time;FALSE;August;FALSE
356321;Data Scientist;Johannesburg;BeBee;Full-time;FALSE;August;FALSE
373286;Data Scientist;Johannesburg;BeBee;Full-time;FALSE;August;FALSE
412534;Data Scientist;Johannesburg;BeBee;Full-time;FALSE;August;FALSE
450862;Data Scientist;Johannesburg;BeBee;Full-time;FALSE;August;FALSE
458332;Data Scientist;Johannesburg;BeBee;Full-time;FALSE;August;FALSE
477485;Data Scientist;Johannesburg;BeBee;Full-time;FALSE;August;FALSE
528376;Data Scientist;Johannesburg;BeBee;Full-time;FALSE;August;FALSE
541385;Data Scientist;Johannesburg;BeBee;Full-time;FALSE;August;FALSE
604570;Data Scientist;Johannesburg;BeBee;Full-time;FALSE;August;FALSE
777469;Data Scientist;Johannesburg;BeBee;Full-time;FALSE;August;FALSE
918509;Data Scientist;Johannesburg;BeBee;Full-time;FALSE;August;FALSE
1013109;Data Scientist;Johannesburg;BeBee;Full-time;FALSE;August;FALSE
1230585;Data Scientist;Johannesburg;BeBee;Full-time;FALSE;August;FALSE
1303154;Data Scientist;Johannesburg;BeBee;Full-time;FALSE;August;FALSE
1321647;Data Scientist;Johannesburg;BeBee;Full-time;FALSE;August;FALSE
1325399;Data Scientist;Johannesburg;BeBee;Full-time;FALSE;August;FALSE
1480903;Data Scientist;Johannesburg;BeBee;Full-time;FALSE;August;FALSE
1511885;Data Scientist;Johannesburg;BeBee;Full-time;FALSE;August;FALSE
1659559;Data Scientist;Johannesburg;BeBee;Full-time;FALSE;August;FALSE
1744577;Data Scientist;Johannesburg;BeBee;Full-time;FALSE;August;FALSE
1315459;Data Scientist;Johannesburg;BeBee;Full-time;FALSE;August;FALSE
1330201;Data Scientist;Johannesburg;BeBee;Full-time;FALSE;August;FALSE
53659;Data Scientist;Johannesburg;BeBee;Full-time;FALSE;August;FALSE
1819304;Data Scientist;Johannesburg;BeBee;Full-time;FALSE;August;FALSE
177269;Data Scientist;Johannesburg;BeBee;Full-time;FALSE;August;FALSE
238537;Data Scientist;Johannesburg;BeBee;Full-time;FALSE;August;FALSE
246944;Data Scientist;Johannesburg;BeBee;Full-time;FALSE;August;FALSE
279600;Data Scientist;Johannesburg;BeBee;Full-time;FALSE;August;FALSE
309526;Data Scientist;Johannesburg;BeBee;Full-time;FALSE;August;FALSE
317844;Data Scientist;Johannesburg;BeBee;Full-time;FALSE;August;FALSE
473486;Data Scientist;Johannesburg;BeBee;Full-time;FALSE;August;FALSE
545926;Data Scientist;Johannesburg;BeBee;Full-time;FALSE;August;FALSE
669901;Data Scientist;Johannesburg;BeBee;Full-time;FALSE;August;FALSE
856769;Data Scientist;Johannesburg;BeBee;Full-time;FALSE;August;FALSE
871356;Data Scientist;Johannesburg;BeBee;Full-time;FALSE;August;FALSE
964865;Data Scientist;Johannesburg;BeBee;Full-time;FALSE;August;FALSE
1176226;Data Scientist;Johannesburg;BeBee;Full-time;FALSE;August;FALSE
1272889;Data Scientist;Johannesburg;BeBee;Full-time;FALSE;August;FALSE
1315549;Data Scientist;Johannesburg;BeBee;Full-time;FALSE;August;FALSE
1568391;Data Scientist;Johannesburg;BeBee;Full-time;FALSE;August;FALSE
1586560;Data Scientist;Johannesburg;BeBee;Full-time;FALSE;August;FALSE
1587720;Data Scientist;Johannesburg;BeBee;Full-time;FALSE;August;FALSE
94953;Data Scientist;Johannesburg;BeBee;Full-time;FALSE;August;FALSE
1285126;Data Scientist;Johannesburg;BeBee;Full-time;FALSE;August;FALSE
1675475;Data Scientist;Johannesburg;BeBee;Full-time;FALSE;August;FALSE
1041868;Data Scientist;Johannesburg;BeBee;Full-time;FALSE;August;FALSE
248946;Data Scientist;Johannesburg;BeBee;Full-time;FALSE;August;FALSE
407440;Data Scientist;Johannesburg;BeBee;Full-time;FALSE;August;FALSE
1442391;Data Scientist;Johannesburg;BeBee;Full-time;FALSE;August;FALSE
1492240;Data Scientist;Johannesburg;BeBee;Full-time;FALSE;August;FALSE
103068;Data Scientist;Johannesburg;BeBee;Full-time;FALSE;August;FALSE
257668;Software Engineer;Johannesburg;BeBee;Full-time;FALSE;February;FALSE
287096;Software Engineer;Johannesburg;BeBee;Full-time;FALSE;April;TRUE
302359;Software Engineer;Johannesburg;BeBee;Full-time;FALSE;May;FALSE
426106;Software Engineer;Johannesburg;BeBee;Full-time;FALSE;February;TRUE
666608;Software Engineer;Johannesburg;BeBee;Full-time;FALSE;July;FALSE
1387075;Software Engineer;Johannesburg;BeBee;Full-time;FALSE;April;FALSE
1647413;Software Engineer;Johannesburg;BeBee;Full-time;FALSE;January;TRUE
57768;Software Engineer;Johannesburg;BeBee;Full-time;FALSE;April;FALSE
314926;Software Engineer;Johannesburg;BeBee;Full-time;FALSE;July;FALSE
702906;Software Engineer;Johannesburg;BeBee;Full-time;FALSE;March;FALSE
961627;Software Engineer;Johannesburg;BeBee;Full-time;FALSE;February;TRUE
1378409;Software Engineer;Johannesburg;BeBee;Full-time;FALSE;July;TRUE
13590;Software Engineer;Johannesburg;BeBee;Full-time;FALSE;August;FALSE
100008;Software Engineer;Johannesburg;BeBee;Full-time;FALSE;August;FALSE
174520;Software Engineer;Johannesburg;BeBee;Full-time;FALSE;February;FALSE
219867;Software Engineer;Johannesburg;BeBee;Full-time;FALSE;August;FALSE
272537;Software Engineer;Johannesburg;BeBee;Full-time;FALSE;August;FALSE
272964;Software Engineer;Johannesburg;BeBee;Full-time;FALSE;August;TRUE
1096618;Software Engineer;Johannesburg;BeBee;Full-time;FALSE;August;FALSE
1129650;Software Engineer;Johannesburg;BeBee;Full-time;FALSE;September;FALSE
1291553;Software Engineer;Johannesburg;BeBee;Full-time;FALSE;August;FALSE
1628807;Software Engineer;Johannesburg;BeBee;Full-time;FALSE;August;FALSE
140187;Software Engineer;Johannesburg;BeBee;Full-time;FALSE;September;FALSE
258258;Software Engineer;Johannesburg;BeBee;Full-time;FALSE;April;TRUE
356883;Software Engineer;Johannesburg;BeBee;Full-time;FALSE;February;FALSE
478156;Software Engineer;Johannesburg;BeBee;Full-time;FALSE;January;TRUE
814197;Software Engineer;Johannesburg;BeBee;Full-time;FALSE;January;TRUE
1262119;Software Engineer;Johannesburg;BeBee;Full-time;FALSE;April;TRUE
1266617;Software Engineer;Johannesburg;BeBee;Full-time;FALSE;January;TRUE
1809231;Software Engineer;Johannesburg;BeBee;Full-time;FALSE;January;FALSE
396744;Software Engineer;Johannesburg;BeBee;Full-time;FALSE;June;FALSE
664519;Software Engineer;Johannesburg;BeBee;Full-time;FALSE;January;FALSE
28931;Software Engineer;Johannesburg;BeBee;Full-time;FALSE;July;FALSE
389327;Software Engineer;Johannesburg;BeBee;Full-time;FALSE;September;FALSE
723710;Software Engineer;Johannesburg;BeBee;Full-time;FALSE;April;FALSE
865599;Software Engineer;Johannesburg;BeBee;Full-time;FALSE;January;TRUE
1250546;Software Engineer;Johannesburg;BeBee;Full-time;FALSE;June;TRUE
1281250;Software Engineer;Johannesburg;BeBee;Full-time;FALSE;August;TRUE
1705755;Software Engineer;Johannesburg;BeBee;Full-time;FALSE;February;FALSE
1795049;Software Engineer;Johannesburg;BeBee;Full-time;FALSE;August;FALSE
181234;Software Engineer;Johannesburg;BeBee;Full-time;FALSE;April;FALSE
274829;Software Engineer;Johannesburg;BeBee;Full-time;FALSE;July;TRUE
307655;Software Engineer;Johannesburg;BeBee;Full-time;FALSE;July;TRUE
353334;Software Engineer;Johannesburg;BeBee;Full-time;FALSE;July;TRUE
395662;Software Engineer;Johannesburg;BeBee;Full-time;FALSE;July;TRUE
533906;Software Engineer;Johannesburg;BeBee;Full-time;FALSE;February;FALSE
555215;Software Engineer;Johannesburg;BeBee;Full-time;FALSE;February;FALSE
620308;Software Engineer;Johannesburg;BeBee;Full-time;FALSE;July;FALSE
650151;Software Engineer;Johannesburg;BeBee;Full-time;FALSE;July;FALSE
752250;Software Engineer;Johannesburg;BeBee;Full-time;FALSE;July;TRUE
768073;Software Engineer;Johannesburg;BeBee;Full-time;FALSE;February;FALSE
859317;Software Engineer;Johannesburg;BeBee;Full-time;FALSE;July;FALSE
868994;Software Engineer;Johannesburg;BeBee;Full-time;FALSE;July;FALSE
958991;Software Engineer;Johannesburg;BeBee;Full-time;FALSE;February;FALSE
1068933;Software Engineer;Johannesburg;BeBee;Full-time;FALSE;July;TRUE
1505308;Software Engineer;Johannesburg;BeBee;Full-time;FALSE;July;FALSE
1778194;Software Engineer;Johannesburg;BeBee;Full-time;FALSE;February;FALSE
30496;Software Engineer;Johannesburg;BeBee;Full-time;FALSE;July;TRUE
499498;Software Engineer;Johannesburg;BeBee;Full-time;FALSE;June;FALSE
558286;Software Engineer;Johannesburg;BeBee;Full-time;FALSE;June;FALSE
1046425;Software Engineer;Johannesburg;BeBee;Full-time;FALSE;July;FALSE
1081896;Software Engineer;Johannesburg;BeBee;Full-time;FALSE;January;FALSE
1573779;Software Engineer;Johannesburg;BeBee;Full-time;FALSE;September;FALSE
1813582;Software Engineer;Johannesburg;BeBee;Full-time;FALSE;June;TRUE
547098;Software Engineer;Johannesburg;BeBee;Full-time;FALSE;April;TRUE
92408;Software Engineer;Johannesburg;BeBee;Full-time;FALSE;June;FALSE
98268;Software Engineer;Johannesburg;BeBee;Full-time;FALSE;February;FALSE
195064;Software Engineer;Johannesburg;BeBee;Full-time;FALSE;February;TRUE
198362;Software Engineer;Johannesburg;BeBee;Full-time;FALSE;January;TRUE
297260;Software Engineer;Johannesburg;BeBee;Full-time;FALSE;February;FALSE
409949;Software Engineer;Johannesburg;BeBee;Full-time;FALSE;February;FALSE
443848;Software Engineer;Johannesburg;BeBee;Full-time;FALSE;February;TRUE
635714;Software Engineer;Johannesburg;BeBee;Full-time;FALSE;February;TRUE
730338;Software Engineer;Johannesburg;BeBee;Full-time;FALSE;February;FALSE
757859;Software Engineer;Johannesburg;BeBee;Full-time;FALSE;February;TRUE
771316;Software Engineer;Johannesburg;BeBee;Full-time;FALSE;February;FALSE
791462;Software Engineer;Johannesburg;BeBee;Full-time;FALSE;January;TRUE
808188;Software Engineer;Johannesburg;BeBee;Full-time;FALSE;January;TRUE
885528;Software Engineer;Johannesburg;BeBee;Full-time;FALSE;January;TRUE
982370;Software Engineer;Johannesburg;BeBee;Full-time;FALSE;January;TRUE
1080530;Software Engineer;Johannesburg;BeBee;Full-time;FALSE;February;FALSE
1204089;Software Engineer;Johannesburg;BeBee;Full-time;FALSE;September;FALSE
1457483;Software Engineer;Johannesburg;BeBee;Full-time;FALSE;February;TRUE
1506591;Software Engineer;Johannesburg;BeBee;Full-time;FALSE;February;TRUE
1609122;Software Engineer;Johannesburg;BeBee;Full-time;FALSE;February;TRUE
1620844;Software Engineer;Johannesburg;BeBee;Full-time;FALSE;February;FALSE
1702485;Software Engineer;Johannesburg;BeBee;Full-time;FALSE;February;FALSE
1751383;Software Engineer;Johannesburg;BeBee;Full-time;FALSE;January;TRUE
208832;Software Engineer;Johannesburg;BeBee;Full-time;FALSE;June;FALSE
267384;Software Engineer;Johannesburg;BeBee;Full-time;FALSE;September;FALSE
982626;Software Engineer;Johannesburg;BeBee;Full-time;FALSE;June;FALSE
296330;Software Engineer;Johannesburg;BeBee;Full-time;FALSE;August;FALSE
471656;Software Engineer;Johannesburg;BeBee;Full-time;FALSE;January;TRUE
1646619;Software Engineer;Johannesburg;BeBee;Full-time;FALSE;September;FALSE
152183;Software Engineer;Johannesburg;BeBee;Full-time;FALSE;September;FALSE
195444;Software Engineer;Johannesburg;BeBee;Full-time;FALSE;July;FALSE
991024;Software Engineer;Johannesburg;BeBee;Full-time;FALSE;August;FALSE
1724228;Software Engineer;Johannesburg;BeBee;Full-time;FALSE;August;FALSE
165292;Software Engineer;Johannesburg;BeBee;Full-time;FALSE;September;FALSE
592883;Software Engineer;Johannesburg;BeBee;Full-time;FALSE;January;FALSE
832051;Software Engineer;Johannesburg;BeBee;Full-time;FALSE;September;FALSE
845850;Software Engineer;Johannesburg;BeBee;Full-time;FALSE;September;TRUE
1685158;Software Engineer;Johannesburg;BeBee;Full-time;FALSE;April;FALSE
1065500;Software Engineer;Johannesburg;BeBee;Full-time;FALSE;February;FALSE
689369;Software Engineer;Johannesburg;BeBee;Full-time;FALSE;June;FALSE
902488;Software Engineer;Johannesburg;BeBee;Full-time;FALSE;June;FALSE
272102;Software Engineer;Johannesburg;BeBee;Full-time;FALSE;August;FALSE
293436;Software Engineer;Johannesburg;BeBee;Full-time;FALSE;February;TRUE
468905;Software Engineer;Johannesburg;BeBee;Full-time;FALSE;June;TRUE
1301713;Software Engineer;Johannesburg;BeBee;Full-time;FALSE;July;FALSE
1330824;Software Engineer;Johannesburg;BeBee;Full-time;FALSE;January;TRUE
1753223;Software Engineer;Johannesburg;BeBee;Full-time;FALSE;January;FALSE
21856;Software Engineer;Johannesburg;BeBee;Full-time;FALSE;August;TRUE
38267;Software Engineer;Johannesburg;BeBee;Full-time;FALSE;March;TRUE
81460;Software Engineer;Johannesburg;BeBee;Full-time;FALSE;March;TRUE
109658;Software Engineer;Johannesburg;BeBee;Full-time;FALSE;August;FALSE
309144;Software Engineer;Johannesburg;BeBee;Full-time;FALSE;August;FALSE
313776;Software Engineer;Johannesburg;BeBee;Full-time;FALSE;April;TRUE
457960;Software Engineer;Johannesburg;BeBee;Full-time;FALSE;August;TRUE
533003;Software Engineer;Johannesburg;BeBee;Full-time;FALSE;September;FALSE
1071065;Software Engineer;Johannesburg;BeBee;Full-time;FALSE;February;FALSE
1369160;Software Engineer;Johannesburg;BeBee;Full-time;FALSE;April;TRUE
61289;Software Engineer;Johannesburg;BeBee;Full-time;FALSE;September;FALSE
343800;Software Engineer;Johannesburg;BeBee;Full-time;FALSE;September;FALSE
1658935;Software Engineer;Johannesburg;BeBee;Full-time;FALSE;March;FALSE
1825607;Software Engineer;Johannesburg;BeBee;Full-time;FALSE;June;FALSE
55572;Software Engineer;Johannesburg;BeBee;Full-time;FALSE;January;FALSE
914242;Software Engineer;Johannesburg;BeBee;Full-time;FALSE;July;FALSE
1569499;Software Engineer;Johannesburg;BeBee;Full-time;FALSE;August;TRUE
882359;Software Engineer;Johannesburg;BeBee;Full-time;FALSE;August;FALSE
70838;Software Engineer;Johannesburg;BeBee;Full-time;FALSE;August;FALSE
916194;Software Engineer;Johannesburg;BeBee;Full-time;FALSE;January;FALSE
1194139;Software Engineer;Johannesburg;BeBee;Full-time;FALSE;January;TRUE
1353459;Software Engineer;Johannesburg;BeBee;Full-time;FALSE;January;FALSE
73011;Software Engineer;Johannesburg;BeBee;Full-time;FALSE;September;FALSE
313507;Software Engineer;Johannesburg;BeBee;Full-time;FALSE;August;FALSE
498901;Software Engineer;Johannesburg;BeBee;Full-time;FALSE;July;FALSE
752367;Software Engineer;Johannesburg;BeBee;Full-time;FALSE;February;TRUE
1285416;Software Engineer;Johannesburg;BeBee;Full-time;FALSE;August;FALSE
392107;Software Engineer;Johannesburg;BeBee;Full-time;FALSE;September;FALSE
790702;Software Engineer;Johannesburg;BeBee;Full-time;FALSE;August;TRUE
183958;Software Engineer;Johannesburg;BeBee;Full-time;FALSE;September;FALSE
698362;Software Engineer;Johannesburg;BeBee;Full-time;FALSE;May;FALSE
1323083;Software Engineer;Johannesburg;BeBee;Full-time;FALSE;January;TRUE
370368;Software Engineer;Johannesburg;BeBee;Full-time;FALSE;September;FALSE
1703330;Software Engineer;Johannesburg;BeBee;Full-time;FALSE;January;FALSE
108222;Software Engineer;Johannesburg;BeBee;Full-time;FALSE;July;FALSE
206730;Software Engineer;Johannesburg;BeBee;Full-time;FALSE;September;FALSE
569879;Software Engineer;Johannesburg;BeBee;Full-time;FALSE;June;FALSE
452064;Software Engineer;Johannesburg;BeBee;Full-time;FALSE;January;TRUE
617243;Software Engineer;Johannesburg;BeBee;Full-time;FALSE;July;FALSE
33648;Software Engineer;Johannesburg;BeBee;Full-time;FALSE;April;FALSE
549796;Software Engineer;Johannesburg;BeBee;Full-time;FALSE;January;FALSE
684047;Software Engineer;Johannesburg;BeBee;Full-time;FALSE;September;FALSE
851923;Software Engineer;Johannesburg;BeBee;Full-time;FALSE;August;FALSE
904021;Software Engineer;Johannesburg;BeBee;Full-time;FALSE;August;TRUE
1454497;Software Engineer;Johannesburg;BeBee;Full-time;FALSE;March;TRUE
1645052;Software Engineer;Johannesburg;BeBee;Full-time;FALSE;April;TRUE
45730;Software Engineer;Johannesburg;BeBee;Full-time;FALSE;July;TRUE
1484854;Software Engineer;Johannesburg;BeBee;Full-time;FALSE;February;FALSE
86676;Software Engineer;Johannesburg;BeBee;Full-time;FALSE;February;TRUE
195541;Software Engineer;Johannesburg;BeBee;Full-time;FALSE;February;TRUE
231220;Software Engineer;Johannesburg;BeBee;Full-time;FALSE;January;TRUE
328678;Software Engineer;Johannesburg;BeBee;Full-time;FALSE;January;FALSE
388846;Software Engineer;Johannesburg;BeBee;Full-time;FALSE;July;TRUE
475574;Software Engineer;Johannesburg;BeBee;Full-time;FALSE;January;FALSE
503209;Software Engineer;Johannesburg;BeBee;Full-time;FALSE;April;FALSE
644408;Software Engineer;Johannesburg;BeBee;Full-time;FALSE;February;TRUE
689140;Software Engineer;Johannesburg;BeBee;Full-time;FALSE;January;TRUE
691181;Software Engineer;Johannesburg;BeBee;Full-time;FALSE;February;FALSE
794623;Software Engineer;Johannesburg;BeBee;Full-time;FALSE;February;TRUE
661483;Software Engineer;Johannesburg;BeBee;Full-time;FALSE;February;FALSE
905291;Software Engineer;Johannesburg;BeBee;Full-time;FALSE;April;FALSE
977466;Software Engineer;Johannesburg;BeBee;Full-time;FALSE;September;FALSE
1816996;Software Engineer;Johannesburg;BeBee;Full-time;FALSE;July;TRUE
1362630;Software Engineer;Johannesburg;BeBee;Full-time;FALSE;June;FALSE
1415034;Software Engineer;Johannesburg;BeBee;Full-time;FALSE;January;TRUE
1430593;Software Engineer;Johannesburg;BeBee;Full-time;FALSE;January;TRUE
1445716;Software Engineer;Johannesburg;BeBee;Full-time;FALSE;April;FALSE
405588;Data Analyst;Johannesburg;BeBee;Full-time;FALSE;January;FALSE
499120;Data Analyst;Johannesburg;BeBee;Full-time;FALSE;May;TRUE
1652346;Data Analyst;Johannesburg;BeBee;Full-time;FALSE;May;TRUE
239110;Data Analyst;Johannesburg;BeBee;Full-time;FALSE;August;FALSE
305804;Data Analyst;Johannesburg;BeBee;Full-time;FALSE;August;FALSE
566572;Data Analyst;Johannesburg;BeBee;Full-time;FALSE;August;TRUE
927039;Data Analyst;Johannesburg;BeBee;Full-time;FALSE;February;FALSE
943988;Data Analyst;Johannesburg;BeBee;Full-time;FALSE;April;TRUE
976996;Data Analyst;Johannesburg;BeBee;Full-time;FALSE;July;TRUE
1047654;Data Analyst;Johannesburg;BeBee;Full-time;FALSE;August;FALSE
100125;Data Analyst;Johannesburg;BeBee;Full-time;FALSE;August;FALSE
382198;Data Analyst;Johannesburg;BeBee;Full-time;FALSE;April;TRUE
802549;Data Analyst;Johannesburg;BeBee;Full-time;FALSE;January;FALSE
900085;Data Analyst;Johannesburg;BeBee;Full-time;FALSE;February;FALSE
1159339;Data Analyst;Johannesburg;BeBee;Full-time;FALSE;August;FALSE
1290345;Data Analyst;Johannesburg;BeBee;Full-time;FALSE;May;FALSE
1734007;Data Analyst;Johannesburg;BeBee;Full-time;FALSE;August;FALSE
810181;Data Analyst;Johannesburg;BeBee;Full-time;FALSE;January;TRUE
1505776;Data Analyst;Johannesburg;BeBee;Full-time;FALSE;January;TRUE
25750;Data Analyst;Johannesburg;BeBee;Full-time;FALSE;August;FALSE
342953;Data Analyst;Johannesburg;BeBee;Full-time;FALSE;January;TRUE
664132;Data Analyst;Johannesburg;BeBee;Full-time;FALSE;September;TRUE
675593;Data Analyst;Johannesburg;BeBee;Full-time;FALSE;August;FALSE
828248;Data Analyst;Johannesburg;BeBee;Full-time;FALSE;January;TRUE
842089;Data Analyst;Johannesburg;BeBee;Full-time;FALSE;August;FALSE
864446;Data Analyst;Johannesburg;BeBee;Full-time;FALSE;August;TRUE
873636;Data Analyst;Johannesburg;BeBee;Full-time;FALSE;April;FALSE
896968;Data Analyst;Johannesburg;BeBee;Full-time;FALSE;January;TRUE
897957;Data Analyst;Johannesburg;BeBee;Full-time;FALSE;March;TRUE
993345;Data Analyst;Johannesburg;BeBee;Full-time;FALSE;February;FALSE
998072;Data Analyst;Johannesburg;BeBee;Full-time;FALSE;July;FALSE
1114784;Data Analyst;Johannesburg;BeBee;Full-time;FALSE;August;TRUE
1228864;Data Analyst;Johannesburg;BeBee;Full-time;FALSE;August;FALSE
1253853;Data Analyst;Johannesburg;BeBee;Full-time;FALSE;August;TRUE
1510730;Data Analyst;Johannesburg;BeBee;Full-time;FALSE;August;TRUE
1573239;Data Analyst;Johannesburg;BeBee;Full-time;FALSE;July;FALSE
1591811;Data Analyst;Johannesburg;BeBee;Full-time;FALSE;August;TRUE
1608696;Data Analyst;Johannesburg;BeBee;Full-time;FALSE;February;TRUE
168488;Data Analyst;Johannesburg;BeBee;Full-time;FALSE;March;FALSE
1787382;Data Analyst;Johannesburg;BeBee;Full-time;FALSE;March;TRUE
687564;Data Analyst;Johannesburg;BeBee;Full-time;FALSE;June;TRUE
752867;Data Analyst;Johannesburg;BeBee;Full-time;FALSE;August;TRUE
29910;Data Analyst;Johannesburg;BeBee;Full-time;FALSE;January;TRUE
881641;Data Analyst;Johannesburg;BeBee;Full-time;FALSE;January;TRUE
1166251;Data Analyst;Johannesburg;BeBee;Full-time;FALSE;January;TRUE
386763;Data Analyst;Johannesburg;BeBee;Full-time;FALSE;September;FALSE
435091;Data Analyst;Johannesburg;BeBee;Full-time;FALSE;February;FALSE
770597;Data Analyst;Johannesburg;BeBee;Full-time;FALSE;February;FALSE
841675;Data Analyst;Johannesburg;BeBee;Full-time;FALSE;September;FALSE
876435;Data Analyst;Johannesburg;BeBee;Full-time;FALSE;February;TRUE
1718485;Data Analyst;Johannesburg;BeBee;Full-time;FALSE;May;FALSE
1753524;Data Analyst;Johannesburg;BeBee;Full-time;FALSE;April;TRUE
1820173;Data Analyst;Johannesburg;BeBee;Full-time;FALSE;September;FALSE
1212790;Data Analyst;Johannesburg;BeBee;Full-time;FALSE;January;FALSE
1283116;Data Analyst;Johannesburg;BeBee;Full-time;FALSE;September;FALSE
1346128;Data Analyst;Johannesburg;BeBee;Full-time;FALSE;January;TRUE
735274;Data Analyst;Johannesburg;BeBee;Full-time;FALSE;January;TRUE
312533;Data Analyst;Johannesburg;BeBee;Full-time;FALSE;January;FALSE
427635;Data Analyst;Johannesburg;BeBee;Full-time;FALSE;April;FALSE
710916;Data Analyst;Johannesburg;BeBee;Full-time;FALSE;February;TRUE
52023;Data Analyst;Johannesburg;BeBee;Full-time;FALSE;August;FALSE
663451;Data Analyst;Johannesburg;BeBee;Full-time;FALSE;July;TRUE
1791014;Data Analyst;Johannesburg;BeBee;Full-time;FALSE;January;FALSE
455194;Data Analyst;Johannesburg;BeBee;Full-time;FALSE;May;TRUE
844380;Data Analyst;Johannesburg;BeBee;Full-time;FALSE;June;TRUE
322022;Data Analyst;Johannesburg;BeBee;Full-time;FALSE;April;TRUE
327284;Data Analyst;Johannesburg;BeBee;Full-time;FALSE;August;TRUE
348850;Data Analyst;Johannesburg;BeBee;Full-time;FALSE;August;FALSE
714843;Data Analyst;Johannesburg;BeBee;Full-time;FALSE;August;TRUE
749044;Data Analyst;Johannesburg;BeBee;Full-time;FALSE;January;FALSE
1244401;Data Analyst;Johannesburg;BeBee;Full-time;FALSE;August;FALSE
1565351;Data Analyst;Johannesburg;BeBee;Full-time;FALSE;May;FALSE
1588474;Data Analyst;Johannesburg;BeBee;Full-time;FALSE;July;TRUE
1787261;Data Analyst;Johannesburg;BeBee;Full-time;FALSE;April;TRUE
1804830;Data Analyst;Johannesburg;BeBee;Full-time;FALSE;August;TRUE
17659;Data Analyst;Johannesburg;BeBee;Full-time;FALSE;January;TRUE
309841;Data Analyst;Johannesburg;BeBee;Full-time;FALSE;September;TRUE
562443;Data Analyst;Johannesburg;BeBee;Full-time;FALSE;July;FALSE
536180;Data Analyst;Johannesburg;BeBee;Full-time;FALSE;June;FALSE
1131247;Data Analyst;Johannesburg;BeBee;Full-time;FALSE;September;TRUE
391252;Data Analyst;Johannesburg;BeBee;Full-time;FALSE;May;FALSE
1748152;Data Analyst;Johannesburg;BeBee;Full-time;FALSE;January;TRUE
23634;Data Analyst;Johannesburg;BeBee;Full-time;FALSE;February;FALSE
292951;Data Analyst;Johannesburg;BeBee;Full-time;FALSE;May;FALSE
927317;Data Analyst;Johannesburg;BeBee;Full-time;FALSE;May;TRUE
1820549;Data Analyst;Johannesburg;BeBee;Full-time;FALSE;September;FALSE
64550;Data Analyst;Johannesburg;BeBee;Full-time;FALSE;May;FALSE
763750;Data Analyst;Johannesburg;BeBee;Full-time;FALSE;March;TRUE
1291070;Data Analyst;Johannesburg;BeBee;Full-time;FALSE;July;TRUE
1529759;Data Analyst;Johannesburg;BeBee;Full-time;FALSE;March;FALSE
438983;Data Analyst;Johannesburg;BeBee;Full-time;FALSE;May;FALSE
638399;Data Analyst;Johannesburg;BeBee;Full-time;FALSE;July;TRUE
703908;Data Analyst;Johannesburg;BeBee;Full-time;FALSE;February;TRUE
1724590;Data Analyst;Johannesburg;BeBee;Full-time;FALSE;May;TRUE
789664;Data Analyst;Johannesburg;BeBee;Full-time;FALSE;June;TRUE
1134392;Data Analyst;Johannesburg;BeBee;Full-time;FALSE;July;FALSE
1234951;Data Analyst;Johannesburg;BeBee;Full-time;FALSE;September;TRUE
600759;Senior Data Engineer;Johannesburg;BeBee;Full-time;FALSE;February;FALSE
731426;Senior Data Engineer;Johannesburg;BeBee;Full-time;FALSE;March;TRUE
828978;Senior Data Engineer;Johannesburg;BeBee;Full-time;FALSE;May;FALSE
1385938;Senior Data Engineer;Johannesburg;BeBee;Full-time;FALSE;February;TRUE
472438;Senior Data Engineer;Johannesburg;BeBee;Full-time;FALSE;July;TRUE
1214754;Senior Data Engineer;Johannesburg;BeBee;Full-time;FALSE;April;FALSE
135766;Senior Data Engineer;Johannesburg;BeBee;Full-time;FALSE;April;TRUE
190550;Senior Data Engineer;Johannesburg;BeBee;Full-time;FALSE;April;TRUE
204935;Senior Data Engineer;Johannesburg;BeBee;Full-time;FALSE;March;FALSE
245363;Senior Data Engineer;Johannesburg;BeBee;Full-time;FALSE;April;FALSE
284230;Senior Data Engineer;Johannesburg;BeBee;Full-time;FALSE;June;FALSE
816652;Senior Data Engineer;Johannesburg;BeBee;Full-time;FALSE;March;FALSE
891379;Senior Data Engineer;Johannesburg;BeBee;Full-time;FALSE;September;FALSE
1290472;Senior Data Engineer;Johannesburg;BeBee;Full-time;FALSE;April;FALSE
374615;Senior Data Engineer;Johannesburg;BeBee;Full-time;FALSE;January;FALSE
944564;Senior Data Engineer;Johannesburg;BeBee;Full-time;FALSE;April;FALSE
130175;Senior Data Engineer;Johannesburg;BeBee;Full-time;FALSE;January;TRUE
139213;Senior Data Engineer;Johannesburg;BeBee;Full-time;FALSE;February;FALSE
139664;Senior Data Engineer;Johannesburg;BeBee;Full-time;FALSE;June;FALSE
362640;Senior Data Engineer;Johannesburg;BeBee;Full-time;FALSE;January;FALSE
604938;Senior Data Engineer;Johannesburg;BeBee;Full-time;FALSE;February;FALSE
639072;Senior Data Engineer;Johannesburg;BeBee;Full-time;FALSE;January;FALSE
741439;Senior Data Engineer;Johannesburg;BeBee;Full-time;FALSE;January;FALSE
863805;Senior Data Engineer;Johannesburg;BeBee;Full-time;FALSE;July;FALSE
1147488;Senior Data Engineer;Johannesburg;BeBee;Full-time;FALSE;January;FALSE
1150620;Senior Data Engineer;Johannesburg;BeBee;Full-time;FALSE;January;FALSE
1234728;Senior Data Engineer;Johannesburg;BeBee;Full-time;FALSE;January;TRUE
1397409;Senior Data Engineer;Johannesburg;BeBee;Full-time;FALSE;January;FALSE
1806987;Senior Data Engineer;Johannesburg;BeBee;Full-time;FALSE;June;FALSE
60082;Senior Data Engineer;Johannesburg;BeBee;Full-time;FALSE;February;FALSE
94356;Senior Data Engineer;Johannesburg;BeBee;Full-time;FALSE;April;TRUE
816733;Senior Data Engineer;Johannesburg;BeBee;Full-time;FALSE;July;TRUE
840323;Senior Data Engineer;Johannesburg;BeBee;Full-time;FALSE;July;FALSE
288757;Senior Data Engineer;Johannesburg;BeBee;Full-time;FALSE;June;FALSE
969030;Senior Data Engineer;Johannesburg;BeBee;Full-time;FALSE;June;TRUE
1163598;Senior Data Engineer;Johannesburg;BeBee;Full-time;FALSE;April;FALSE
5744;Senior Data Engineer;Johannesburg;BeBee;Full-time;FALSE;March;TRUE
53091;Senior Data Engineer;Johannesburg;BeBee;Full-time;FALSE;March;FALSE
283636;Senior Data Engineer;Johannesburg;BeBee;Full-time;FALSE;February;TRUE
440551;Senior Data Engineer;Johannesburg;BeBee;Full-time;FALSE;February;TRUE
449773;Senior Data Engineer;Johannesburg;BeBee;Full-time;FALSE;February;FALSE
766377;Senior Data Engineer;Johannesburg;BeBee;Full-time;FALSE;May;FALSE
988322;Senior Data Engineer;Johannesburg;BeBee;Full-time;FALSE;April;TRUE
1692232;Senior Data Engineer;Johannesburg;BeBee;Full-time;FALSE;January;FALSE
1719223;Senior Data Engineer;Johannesburg;BeBee;Full-time;FALSE;March;TRUE
492727;Senior Data Engineer;Johannesburg;BeBee;Full-time;FALSE;April;FALSE
520788;Senior Data Engineer;Johannesburg;BeBee;Full-time;FALSE;June;TRUE
1058149;Senior Data Engineer;Johannesburg;BeBee;Full-time;FALSE;June;FALSE
1766322;Senior Data Engineer;Johannesburg;BeBee;Full-time;FALSE;January;TRUE
183917;Senior Data Engineer;Johannesburg;BeBee;Full-time;FALSE;June;FALSE
614845;Senior Data Engineer;Johannesburg;BeBee;Full-time;FALSE;June;FALSE
931069;Senior Data Engineer;Johannesburg;BeBee;Full-time;FALSE;March;FALSE
22559;Senior Data Engineer;Johannesburg;BeBee;Full-time;FALSE;April;TRUE
33430;Senior Data Engineer;Johannesburg;BeBee;Full-time;FALSE;February;FALSE
247707;Senior Data Engineer;Johannesburg;BeBee;Full-time;FALSE;March;FALSE
1567758;Senior Data Engineer;Johannesburg;BeBee;Full-time;FALSE;March;TRUE
1664345;Senior Data Engineer;Johannesburg;BeBee;Full-time;FALSE;April;FALSE
106466;Senior Data Engineer;Johannesburg;BeBee;Full-time;FALSE;May;FALSE
425541;Senior Data Engineer;Johannesburg;BeBee;Full-time;FALSE;May;TRUE
1058615;Senior Data Engineer;Johannesburg;BeBee;Full-time;FALSE;September;TRUE
653815;Senior Data Engineer;Johannesburg;BeBee;Full-time;FALSE;March;FALSE
717063;Senior Data Engineer;Johannesburg;BeBee;Full-time;FALSE;April;TRUE
1608763;Senior Data Engineer;Johannesburg;BeBee;Full-time;FALSE;June;FALSE
315068;Senior Data Engineer;Johannesburg;BeBee;Full-time;FALSE;February;TRUE
519066;Senior Data Engineer;Johannesburg;BeBee;Full-time;FALSE;August;TRUE
521849;Senior Data Engineer;Johannesburg;BeBee;Full-time;FALSE;January;TRUE
792645;Senior Data Engineer;Johannesburg;BeBee;Full-time;FALSE;April;TRUE
1313418;Senior Data Engineer;Johannesburg;BeBee;Full-time;FALSE;January;FALSE
1472228;Senior Data Engineer;Johannesburg;BeBee;Full-time;FALSE;July;TRUE
1726839;Senior Data Engineer;Johannesburg;BeBee;Full-time;FALSE;January;FALSE
29480;Senior Data Engineer;Johannesburg;BeBee;Full-time;FALSE;August;TRUE
747011;Senior Data Engineer;Johannesburg;BeBee;Full-time;FALSE;June;FALSE
1227723;Senior Data Engineer;Johannesburg;BeBee;Full-time;FALSE;April;FALSE
787695;Senior Data Engineer;Johannesburg;BeBee;Full-time;FALSE;June;FALSE
702297;Senior Data Engineer;Johannesburg;BeBee;Full-time;FALSE;January;FALSE
734605;Senior Data Engineer;Johannesburg;BeBee;Full-time;FALSE;July;TRUE
1334789;Senior Data Engineer;Johannesburg;BeBee;Full-time;FALSE;August;TRUE
1030216;Senior Data Engineer;Johannesburg;BeBee;Full-time;FALSE;August;FALSE
807014;Senior Data Engineer;Johannesburg;BeBee;Full-time;FALSE;September;FALSE
696992;Senior Data Engineer;Johannesburg;BeBee;Full-time;FALSE;January;FALSE
1245586;Senior Data Engineer;Johannesburg;BeBee;Full-time;FALSE;January;FALSE
147490;Senior Data Engineer;Johannesburg;BeBee;Full-time;FALSE;April;FALSE
416557;Senior Data Engineer;Johannesburg;BeBee;Full-time;FALSE;May;FALSE
723934;Senior Data Engineer;Johannesburg;BeBee;Full-time;FALSE;May;FALSE
3539;Senior Data Engineer;Johannesburg;BeBee;Full-time;FALSE;February;FALSE
5803;Senior Data Engineer;Johannesburg;BeBee;Full-time;FALSE;February;FALSE
342798;Senior Data Engineer;Johannesburg;BeBee;Full-time;FALSE;January;FALSE
450682;Senior Data Engineer;Johannesburg;BeBee;Full-time;FALSE;March;FALSE
847584;Senior Data Engineer;Johannesburg;BeBee;Full-time;FALSE;April;TRUE
1081357;Senior Data Engineer;Johannesburg;BeBee;Full-time;FALSE;May;TRUE
1119489;Senior Data Engineer;Johannesburg;BeBee;Full-time;FALSE;February;TRUE
1216773;Senior Data Engineer;Johannesburg;BeBee;Full-time;FALSE;February;FALSE
1245274;Senior Data Engineer;Johannesburg;BeBee;Full-time;FALSE;January;FALSE
72243;Senior Data Engineer;Johannesburg;BeBee;Full-time;FALSE;May;FALSE
548787;Cloud Engineer;Johannesburg;BeBee;Full-time;FALSE;April;TRUE
1026745;Senior Data Scientist;Johannesburg;BeBee;Full-time;FALSE;February;FALSE
1325846;Business Analyst;Johannesburg;BeBee;Full-time;FALSE;July;FALSE
1372989;Senior Data Scientist;Johannesburg;BeBee;Full-time;FALSE;January;FALSE
142842;Senior Data Scientist;Johannesburg;BeBee;Full-time;FALSE;August;FALSE
198426;Senior Data Scientist;Johannesburg;BeBee;Full-time;FALSE;January;FALSE
494409;Business Analyst;Johannesburg;BeBee;Full-time;FALSE;August;FALSE
693037;Senior Data Scientist;Johannesburg;BeBee;Full-time;FALSE;September;FALSE
748001;Senior Data Scientist;Johannesburg;BeBee;Full-time;FALSE;June;FALSE
42299;Cloud Engineer;Johannesburg;BeBee;Full-time;FALSE;February;FALSE
243937;Senior Data Scientist;Johannesburg;BeBee;Full-time;FALSE;April;FALSE
281412;Senior Data Analyst;Johannesburg;BeBee;Full-time;FALSE;January;FALSE
412758;Senior Data Scientist;Johannesburg;BeBee;Full-time;FALSE;February;FALSE
570503;Machine Learning Engineer;Johannesburg;BeBee;Full-time;FALSE;March;FALSE
1066467;Senior Data Analyst;Johannesburg;BeBee;Full-time;FALSE;February;FALSE
1430327;Business Analyst;Johannesburg;BeBee;Full-time;FALSE;August;TRUE
396976;Senior Data Scientist;Johannesburg;BeBee;Full-time;FALSE;August;FALSE
594644;Business Analyst;Johannesburg;BeBee;Full-time;FALSE;April;FALSE
690524;Cloud Engineer;Johannesburg;BeBee;Full-time;FALSE;August;FALSE
799666;Senior Data Scientist;Johannesburg;BeBee;Full-time;FALSE;April;FALSE
1461242;Senior Data Scientist;Johannesburg;BeBee;Full-time;FALSE;April;TRUE
554691;Cloud Engineer;Johannesburg;BeBee;Full-time;FALSE;March;FALSE
1260150;Senior Data Analyst;Johannesburg;BeBee;Full-time;FALSE;March;FALSE
29336;Senior Data Scientist;Johannesburg;BeBee;Full-time;FALSE;July;TRUE
61920;Senior Data Scientist;Johannesburg;BeBee;Full-time;FALSE;August;TRUE
106597;Machine Learning Engineer;Johannesburg;BeBee;Full-time;FALSE;July;FALSE
257638;Senior Data Scientist;Johannesburg;BeBee;Full-time;FALSE;June;FALSE
292258;Cloud Engineer;Johannesburg;BeBee;Full-time;FALSE;March;TRUE
325363;Machine Learning Engineer;Johannesburg;BeBee;Full-time;FALSE;February;FALSE
493511;Senior Data Scientist;Johannesburg;BeBee;Full-time;FALSE;September;FALSE
657226;Senior Data Scientist;Johannesburg;BeBee;Full-time;FALSE;August;TRUE
717395;Senior Data Scientist;Johannesburg;BeBee;Full-time;FALSE;August;FALSE
854660;Senior Data Scientist;Johannesburg;BeBee;Full-time;FALSE;August;FALSE
875095;Senior Data Scientist;Johannesburg;BeBee;Full-time;FALSE;August;FALSE
1028054;Senior Data Scientist;Johannesburg;BeBee;Full-time;FALSE;March;FALSE
1099709;Senior Data Scientist;Johannesburg;BeBee;Full-time;FALSE;January;FALSE
1344470;Business Analyst;Johannesburg;BeBee;Full-time;FALSE;August;TRUE
1466710;Senior Data Scientist;Johannesburg;BeBee;Full-time;FALSE;January;FALSE
1531735;Senior Data Scientist;Johannesburg;BeBee;Full-time;FALSE;September;FALSE
1586870;Machine Learning Engineer;Johannesburg;BeBee;Full-time;FALSE;July;FALSE
1817720;Cloud Engineer;Johannesburg;BeBee;Full-time;FALSE;August;FALSE
21867;Cloud Engineer;Johannesburg;BeBee;Full-time;FALSE;July;FALSE
99776;Senior Data Scientist;Johannesburg;BeBee;Full-time;FALSE;April;TRUE
120421;Cloud Engineer;Johannesburg;BeBee;Full-time;FALSE;March;FALSE
174259;Machine Learning Engineer;Johannesburg;BeBee;Full-time;FALSE;February;FALSE
175043;Senior Data Scientist;Johannesburg;BeBee;Full-time;FALSE;January;FALSE
240883;Machine Learning Engineer;Johannesburg;BeBee;Full-time;FALSE;July;FALSE
448489;Cloud Engineer;Johannesburg;BeBee;Full-time;FALSE;July;FALSE
472295;Cloud Engineer;Johannesburg;BeBee;Full-time;FALSE;January;FALSE
513953;Business Analyst;Johannesburg;BeBee;Full-time;FALSE;July;TRUE
600736;Machine Learning Engineer;Johannesburg;BeBee;Full-time;FALSE;July;FALSE
1202911;Machine Learning Engineer;Johannesburg;BeBee;Full-time;FALSE;March;FALSE
1216673;Cloud Engineer;Johannesburg;BeBee;Full-time;FALSE;January;TRUE
1436682;Machine Learning Engineer;Johannesburg;BeBee;Full-time;FALSE;October;FALSE
1717364;Senior Data Scientist;Johannesburg;BeBee;Full-time;FALSE;March;FALSE
1737821;Cloud Engineer;Johannesburg;BeBee;Full-time;FALSE;March;FALSE
1804388;Senior Data Analyst;Johannesburg;BeBee;Full-time;FALSE;January;FALSE
298191;Senior Data Scientist;Johannesburg;BeBee;Full-time;FALSE;January;FALSE
311713;Cloud Engineer;Johannesburg;BeBee;Full-time;FALSE;April;TRUE
1262340;Senior Data Scientist;Johannesburg;BeBee;Full-time;FALSE;January;FALSE
34621;Machine Learning Engineer;Johannesburg;BeBee;Full-time;FALSE;June;FALSE
353087;Cloud Engineer;Johannesburg;BeBee;Full-time;FALSE;June;FALSE
388578;Cloud Engineer;Johannesburg;BeBee;Full-time;FALSE;February;FALSE
516398;Senior Data Scientist;Johannesburg;BeBee;Full-time;FALSE;September;FALSE
653568;Cloud Engineer;Johannesburg;BeBee;Full-time;FALSE;February;TRUE
775670;Cloud Engineer;Johannesburg;BeBee;Full-time;FALSE;February;FALSE
994551;Cloud Engineer;Johannesburg;BeBee;Full-time;FALSE;April;FALSE
1222735;Senior Data Scientist;Johannesburg;BeBee;Full-time;FALSE;March;FALSE
1351276;Cloud Engineer;Johannesburg;BeBee;Full-time;FALSE;February;TRUE
1388105;Cloud Engineer;Johannesburg;BeBee;Full-time;FALSE;May;FALSE
1451028;Machine Learning Engineer;Johannesburg;BeBee;Full-time;FALSE;February;FALSE
1593673;Senior Data Analyst;Johannesburg;BeBee;Full-time;FALSE;February;TRUE
1821401;Cloud Engineer;Johannesburg;BeBee;Full-time;FALSE;February;FALSE
619904;Senior Data Scientist;Johannesburg;BeBee;Full-time;FALSE;June;FALSE
1048261;Senior Data Scientist;Johannesburg;BeBee;Full-time;FALSE;January;FALSE
1344084;Machine Learning Engineer;Johannesburg;BeBee;Full-time;FALSE;June;FALSE
1554127;Cloud Engineer;Johannesburg;BeBee;Full-time;FALSE;April;FALSE
436274;Senior Data Scientist;Johannesburg;BeBee;Full-time;FALSE;March;FALSE
1596441;Senior Data Scientist;Johannesburg;BeBee;Full-time;FALSE;April;FALSE
1667196;Cloud Engineer;Johannesburg;BeBee;Full-time;FALSE;March;FALSE
1093701;Senior Data Scientist;Johannesburg;BeBee;Full-time;FALSE;January;TRUE
1290936;Senior Data Scientist;Johannesburg;BeBee;Full-time;FALSE;January;FALSE
1618502;Machine Learning Engineer;Johannesburg;BeBee;Full-time;FALSE;August;FALSE
1619839;Business Analyst;Johannesburg;BeBee;Full-time;FALSE;August;TRUE
72806;Senior Data Analyst;Johannesburg;BeBee;Full-time;FALSE;June;FALSE
966444;Cloud Engineer;Johannesburg;BeBee;Full-time;FALSE;January;TRUE
1228203;Machine Learning Engineer;Johannesburg;BeBee;Full-time;FALSE;March;FALSE
1248256;Senior Data Analyst;Johannesburg;BeBee;Full-time;FALSE;July;FALSE
1019729;Senior Data Scientist;Johannesburg;BeBee;Full-time;FALSE;February;TRUE
1443842;Cloud Engineer;Johannesburg;BeBee;Full-time;FALSE;July;FALSE
1606366;Cloud Engineer;Johannesburg;BeBee;Full-time;FALSE;January;FALSE
1524035;Cloud Engineer;Johannesburg;BeBee;Full-time;FALSE;January;TRUE
1612567;Senior Data Scientist;Johannesburg;BeBee;Full-time;FALSE;January;FALSE
732818;Business Analyst;Johannesburg;BeBee;Full-time;FALSE;September;FALSE
920420;Senior Data Scientist;Johannesburg;BeBee;Full-time;FALSE;January;FALSE
930098;Machine Learning Engineer;Johannesburg;BeBee;Full-time;FALSE;January;FALSE
1559469;Business Analyst;Johannesburg;BeBee;Full-time;FALSE;March;TRUE
870933;Senior Data Analyst;Johannesburg;BeBee;Full-time;FALSE;May;FALSE
84616;Senior Data Scientist;Johannesburg;BeBee;Full-time;FALSE;August;FALSE
114670;Senior Data Scientist;Johannesburg;BeBee;Full-time;FALSE;August;FALSE
296082;Senior Data Scientist;Johannesburg;BeBee;Full-time;FALSE;August;FALSE
347612;Business Analyst;Johannesburg;BeBee;Full-time;FALSE;August;FALSE
349240;Senior Data Scientist;Johannesburg;BeBee;Full-time;FALSE;July;FALSE
406161;Business Analyst;Johannesburg;BeBee;Full-time;FALSE;July;FALSE
436917;Senior Data Scientist;Johannesburg;BeBee;Full-time;FALSE;September;FALSE
491576;Senior Data Analyst;Johannesburg;BeBee;Full-time;FALSE;August;FALSE
1184389;Cloud Engineer;Johannesburg;BeBee;Full-time;FALSE;August;FALSE
1577602;Cloud Engineer;Johannesburg;BeBee;Full-time;FALSE;July;FALSE
1648691;Cloud Engineer;Johannesburg;BeBee;Full-time;FALSE;January;TRUE
1684138;Senior Data Scientist;Johannesburg;BeBee;Full-time;FALSE;August;FALSE
1761019;Senior Data Scientist;Johannesburg;BeBee;Full-time;FALSE;August;FALSE
26226;Senior Data Scientist;Johannesburg;BeBee;Full-time;FALSE;January;FALSE
49078;Cloud Engineer;Johannesburg;BeBee;Full-time;FALSE;July;FALSE
104479;Senior Data Scientist;Johannesburg;BeBee;Full-time;FALSE;July;FALSE
226056;Senior Data Scientist;Johannesburg;BeBee;Full-time;FALSE;August;FALSE
280078;Business Analyst;Johannesburg;BeBee;Full-time;FALSE;August;TRUE
370658;Business Analyst;Johannesburg;BeBee;Full-time;FALSE;March;TRUE
455433;Business Analyst;Johannesburg;BeBee;Full-time;FALSE;August;TRUE
1319437;Cloud Engineer;Johannesburg;BeBee;Full-time;FALSE;March;FALSE
123671;Senior Data Scientist;Johannesburg;BeBee;Full-time;FALSE;May;FALSE
1670621;Senior Data Scientist;Johannesburg;BeBee;Full-time;FALSE;September;FALSE
135618;Senior Data Scientist;Johannesburg;BeBee;Full-time;FALSE;September;FALSE
654273;Business Analyst;Johannesburg;BeBee;Full-time;FALSE;July;FALSE
1290440;Machine Learning Engineer;Johannesburg;BeBee;Full-time;FALSE;March;FALSE
1536089;Senior Data Scientist;Johannesburg;BeBee;Full-time;FALSE;July;TRUE
279037;Business Analyst;Johannesburg;BeBee;Full-time;FALSE;September;TRUE
1701983;Senior Data Scientist;Johannesburg;BeBee;Full-time;FALSE;September;FALSE
234823;Senior Data Scientist;Johannesburg;BeBee;Full-time;FALSE;August;FALSE
415353;Senior Data Analyst;Johannesburg;BeBee;Full-time;FALSE;August;TRUE
496302;Cloud Engineer;Johannesburg;BeBee;Full-time;FALSE;August;FALSE
1579769;Cloud Engineer;Johannesburg;BeBee;Full-time;FALSE;August;TRUE
1723030;Business Analyst;Johannesburg;BeBee;Full-time;FALSE;September;TRUE
392321;Cloud Engineer;Johannesburg;BeBee;Full-time;FALSE;August;FALSE
1127765;Cloud Engineer;Johannesburg;BeBee;Full-time;FALSE;July;FALSE
830400;Cloud Engineer;Johannesburg;BeBee;Full-time;FALSE;August;FALSE
80085;Senior Data Scientist;Johannesburg;BeBee;Full-time;FALSE;September;FALSE
333111;Cloud Engineer;Johannesburg;BeBee;Full-time;FALSE;February;TRUE
1501744;Senior Data Scientist;Johannesburg;BeBee;Full-time;FALSE;April;FALSE
386835;Cloud Engineer;Johannesburg;BeBee;Full-time;FALSE;January;FALSE
69220;Machine Learning Engineer;Johannesburg;BeBee;Full-time;FALSE;February;FALSE
373893;Senior Data Scientist;Johannesburg;BeBee;Full-time;FALSE;August;FALSE
547275;Cloud Engineer;Johannesburg;BeBee;Full-time;FALSE;April;FALSE
814985;Cloud Engineer;Johannesburg;BeBee;Full-time;FALSE;July;FALSE
866125;Cloud Engineer;Johannesburg;BeBee;Full-time;FALSE;January;TRUE
1155588;Machine Learning Engineer;Johannesburg;BeBee;Full-time;FALSE;March;FALSE
452818;Senior Data Analyst;Johannesburg;BeBee;Full-time;FALSE;January;TRUE
464553;Cloud Engineer;Johannesburg;BeBee;Full-time;FALSE;September;TRUE
822656;Cloud Engineer;Johannesburg;BeBee;Full-time;FALSE;April;TRUE
80398;Machine Learning Engineer;Johannesburg;BeBee;Full-time;FALSE;May;FALSE
177777;Cloud Engineer;Johannesburg;BeBee;Full-time;FALSE;April;FALSE
192695;Cloud Engineer;Johannesburg;BeBee;Full-time;FALSE;January;TRUE
318325;Senior Data Scientist;Johannesburg;BeBee;Full-time;FALSE;June;TRUE
369663;Senior Data Scientist;Johannesburg;BeBee;Full-time;FALSE;February;TRUE
388083;Senior Data Scientist;Johannesburg;BeBee;Full-time;FALSE;September;FALSE
882812;Cloud Engineer;Johannesburg;BeBee;Full-time;FALSE;February;FALSE
954686;Senior Data Scientist;Johannesburg;BeBee;Full-time;FALSE;February;FALSE
86379;Machine Learning Engineer;Johannesburg;BeBee;Full-time;FALSE;April;FALSE
158223;Senior Data Analyst;Johannesburg;BeBee;Full-time;FALSE;April;FALSE
1266319;Machine Learning Engineer;Johannesburg;BeBee;Full-time;FALSE;February;FALSE
1322490;Cloud Engineer;Johannesburg;BeBee;Full-time;FALSE;February;TRUE
1454710;Machine Learning Engineer;Johannesburg;BeBee;Full-time;FALSE;February;FALSE
446915;Software Engineer;Johannesburg;Trabajo.org;Full-time;FALSE;March;FALSE
784301;Data Analyst;Johannesburg;Trabajo.org;Full-time;FALSE;September;FALSE
1033146;Software Engineer;Johannesburg;Trabajo.org;Full-time;FALSE;March;TRUE
1035403;Software Engineer;Johannesburg;Trabajo.org;Full-time;FALSE;March;FALSE
1166302;Data Analyst;Johannesburg;Trabajo.org;Full-time;FALSE;July;TRUE
1288968;Data Engineer;Johannesburg;Trabajo.org;Full-time;FALSE;July;TRUE
1666263;Senior Data Scientist;Johannesburg;Trabajo.org;Full-time;FALSE;May;FALSE
1685918;Data Analyst;Johannesburg;Trabajo.org;Full-time;FALSE;September;TRUE
300953;Senior Data Engineer;Johannesburg;Trabajo.org;Full-time;FALSE;May;FALSE
385919;Data Engineer;Johannesburg;Trabajo.org;Full-time;FALSE;May;FALSE
569331;Data Engineer;Johannesburg;Trabajo.org;Full-time;FALSE;May;TRUE
708893;Data Engineer;Johannesburg;Trabajo.org;Full-time;FALSE;May;TRUE
1023519;Data Engineer;Johannesburg;Trabajo.org;Full-time;FALSE;May;FALSE
1254840;Machine Learning Engineer;Johannesburg;Trabajo.org;Full-time;FALSE;March;FALSE
1258506;Data Engineer;Johannesburg;Trabajo.org;Full-time;FALSE;May;FALSE
1260955;Data Analyst;Johannesburg;Trabajo.org;Full-time;FALSE;May;FALSE
1309795;Data Engineer;Johannesburg;Trabajo.org;Full-time;FALSE;June;TRUE
1500089;Data Analyst;Johannesburg;Trabajo.org;Full-time;FALSE;May;TRUE
484843;Senior Data Scientist;Johannesburg;Trabajo.org;Full-time;FALSE;May;FALSE
868987;Data Engineer;Johannesburg;Trabajo.org;Full-time;FALSE;July;FALSE
1274829;Data Engineer;Johannesburg;Trabajo.org;Full-time;FALSE;July;TRUE
1538053;Machine Learning Engineer;Johannesburg;Trabajo.org;Full-time;FALSE;July;FALSE
1607100;Data Engineer;Johannesburg;Trabajo.org;Full-time;FALSE;July;FALSE
1782887;Data Analyst;Johannesburg;Trabajo.org;Full-time;FALSE;May;FALSE
1822230;Data Engineer;Johannesburg;Trabajo.org;Full-time;FALSE;July;FALSE
69228;Data Engineer;Johannesburg;Trabajo.org;Full-time;FALSE;June;FALSE
100745;Business Analyst;Johannesburg;Trabajo.org;Full-time;FALSE;July;FALSE
121407;Senior Data Scientist;Johannesburg;Trabajo.org;Full-time;FALSE;July;FALSE
242219;Data Analyst;Johannesburg;Trabajo.org;Full-time;FALSE;July;FALSE
289238;Data Analyst;Johannesburg;Trabajo.org;Full-time;FALSE;July;FALSE
353415;Data Analyst;Johannesburg;Trabajo.org;Full-time;FALSE;July;FALSE
511843;Data Engineer;Johannesburg;Trabajo.org;Full-time;FALSE;June;FALSE
619301;Machine Learning Engineer;Johannesburg;Trabajo.org;Full-time;FALSE;September;FALSE
752194;Data Engineer;Johannesburg;Trabajo.org;Full-time;FALSE;September;FALSE
772381;Data Analyst;Johannesburg;Trabajo.org;Full-time;FALSE;September;FALSE
811496;Data Engineer;Johannesburg;Trabajo.org;Full-time;FALSE;June;FALSE
822359;Cloud Engineer;Johannesburg;Trabajo.org;Full-time;FALSE;June;FALSE
974570;Data Analyst;Johannesburg;Trabajo.org;Full-time;FALSE;July;FALSE
1209284;Senior Data Engineer;Johannesburg;Trabajo.org;Full-time;FALSE;June;FALSE
1465850;Data Analyst;Johannesburg;Trabajo.org;Full-time;FALSE;July;FALSE
1664212;Data Analyst;Johannesburg;Trabajo.org;Full-time;FALSE;July;FALSE
1692833;Cloud Engineer;Johannesburg;Trabajo.org;Full-time;FALSE;June;FALSE
613224;Data Engineer;Johannesburg;Trabajo.org;Full-time;FALSE;March;FALSE
963907;Business Analyst;Johannesburg;Trabajo.org;Full-time;FALSE;July;TRUE
1547596;Data Engineer;Johannesburg;Trabajo.org;Full-time;FALSE;March;FALSE
159835;Cloud Engineer;Johannesburg;Trabajo.org;Full-time;FALSE;March;TRUE
1265947;Machine Learning Engineer;Johannesburg;Trabajo.org;Full-time;FALSE;March;FALSE
1591718;Cloud Engineer;Johannesburg;Trabajo.org;Full-time;FALSE;March;FALSE
1733534;Senior Data Engineer;Johannesburg;Trabajo.org;Full-time;FALSE;March;FALSE
871454;Data Engineer;Johannesburg;Trabajo.org;Full-time;FALSE;May;FALSE
892131;Senior Data Engineer;Johannesburg;Trabajo.org;Full-time;FALSE;July;FALSE
1004948;Data Engineer;Johannesburg;Trabajo.org;Full-time;FALSE;July;FALSE
1108445;Data Analyst;Johannesburg;Trabajo.org;Full-time;FALSE;July;TRUE
1315181;Software Engineer;Johannesburg;Trabajo.org;Full-time;FALSE;March;FALSE
1350698;Machine Learning Engineer;Johannesburg;Trabajo.org;Full-time;FALSE;July;FALSE
1390908;Data Engineer;Johannesburg;Trabajo.org;Full-time;FALSE;July;FALSE
1699816;Senior Data Analyst;Johannesburg;Trabajo.org;Full-time;FALSE;March;FALSE
1716411;Senior Data Scientist;Johannesburg;Trabajo.org;Full-time;FALSE;June;FALSE
558493;Software Engineer;Johannesburg;Trabajo.org;Full-time;FALSE;March;TRUE
442057;Data Engineer;Johannesburg;Trabajo.org;Full-time;FALSE;July;FALSE
445597;Data Analyst;Johannesburg;Trabajo.org;Full-time;FALSE;July;TRUE
837310;Data Analyst;Johannesburg;Trabajo.org;Full-time;FALSE;July;TRUE
967989;Data Analyst;Johannesburg;Trabajo.org;Full-time;FALSE;May;TRUE
993059;Data Analyst;Johannesburg;Trabajo.org;Full-time;FALSE;May;FALSE
1000292;Senior Data Engineer;Johannesburg;Trabajo.org;Full-time;FALSE;July;TRUE
1305167;Senior Data Engineer;Johannesburg;Trabajo.org;Full-time;FALSE;March;FALSE
1798188;Data Engineer;Johannesburg;Trabajo.org;Full-time;FALSE;May;FALSE
1526953;Software Engineer;Johannesburg;Trabajo.org;Full-time;FALSE;March;FALSE
381218;Data Engineer;Johannesburg;Trabajo.org;Full-time;FALSE;May;FALSE
417948;Data Engineer;Johannesburg;Trabajo.org;Full-time;FALSE;May;FALSE
924992;Data Engineer;Johannesburg;Trabajo.org;Full-time;FALSE;May;FALSE
159087;Data Engineer;Johannesburg;Trabajo.org;Full-time;FALSE;July;FALSE
67782;Data Analyst;Johannesburg;Trabajo.org;Full-time;FALSE;March;TRUE
389451;Software Engineer;Johannesburg;Trabajo.org;Full-time;FALSE;March;TRUE
369150;Senior Data Engineer;Johannesburg;Trabajo.org;Full-time;FALSE;July;FALSE
110613;Cloud Engineer;Johannesburg;Trabajo.org;Full-time;FALSE;March;TRUE
1226703;Software Engineer;Johannesburg;Trabajo.org;Full-time;FALSE;March;FALSE
1667259;Software Engineer;Johannesburg;Trabajo.org;Full-time;FALSE;March;FALSE
21444;Software Engineer;Johannesburg;Trabajo.org;Full-time;FALSE;March;TRUE
852020;Software Engineer;Johannesburg;Trabajo.org;Full-time;FALSE;March;TRUE
1344542;Cloud Engineer;Johannesburg;Trabajo.org;Full-time;FALSE;March;FALSE
1525974;Software Engineer;Johannesburg;Trabajo.org;Full-time;FALSE;March;TRUE
1580736;Data Engineer;Johannesburg;Trabajo.org;Full-time;FALSE;May;FALSE
1580876;Software Engineer;Johannesburg;Trabajo.org;Full-time;FALSE;May;FALSE
1581729;Data Analyst;Johannesburg;Trabajo.org;Full-time;FALSE;May;FALSE
1582556;Data Engineer;Johannesburg;Trabajo.org;Full-time;FALSE;May;FALSE
1582860;Software Engineer;Johannesburg;Trabajo.org;Full-time;FALSE;May;TRUE
1583029;Data Engineer;Johannesburg;Trabajo.org;Full-time;FALSE;May;FALSE
1585126;Data Engineer;Johannesburg;Trabajo.org;Full-time;FALSE;May;FALSE
1585159;Cloud Engineer;Johannesburg;Trabajo.org;Full-time;FALSE;May;FALSE
1588776;Machine Learning Engineer;Johannesburg;Trabajo.org;Full-time;FALSE;June;FALSE
1591641;Senior Data Engineer;Johannesburg;Trabajo.org;Full-time;FALSE;June;FALSE
1591825;Data Engineer;Johannesburg;Trabajo.org;Full-time;FALSE;June;FALSE
1594705;Data Analyst;Johannesburg;Trabajo.org;Full-time;FALSE;June;FALSE
1596120;Data Engineer;Johannesburg;Trabajo.org;Full-time;FALSE;June;FALSE
1599860;Data Engineer;Johannesburg;Trabajo.org;Full-time;FALSE;June;TRUE
1599861;Data Engineer;Johannesburg;Trabajo.org;Full-time;FALSE;June;FALSE
1606334;Software Engineer;Johannesburg;Trabajo.org;Full-time;FALSE;June;TRUE
1608035;Data Analyst;Johannesburg;Trabajo.org;Full-time;FALSE;June;FALSE
1610175;Senior Data Engineer;Johannesburg;Trabajo.org;Full-time;FALSE;June;FALSE
1612006;Data Engineer;Johannesburg;Trabajo.org;Full-time;FALSE;June;FALSE
1612157;Data Engineer;Johannesburg;Trabajo.org;Full-time;FALSE;June;FALSE
1613968;Data Analyst;Johannesburg;Trabajo.org;Full-time;FALSE;June;TRUE
1614151;Data Engineer;Johannesburg;Trabajo.org;Full-time;FALSE;June;TRUE
1616255;Data Engineer;Johannesburg;Trabajo.org;Full-time;FALSE;June;TRUE
1616426;Data Engineer;Johannesburg;Trabajo.org;Full-time;FALSE;June;FALSE
1548304;Software Engineer;Johannesburg;Trabajo.org;Full-time;FALSE;May;FALSE
1548305;Software Engineer;Johannesburg;Trabajo.org;Full-time;FALSE;May;FALSE
1550408;Software Engineer;Johannesburg;Trabajo.org;Full-time;FALSE;May;TRUE
1552051;Software Engineer;Johannesburg;Trabajo.org;Full-time;FALSE;May;TRUE
1555797;Business Analyst;Johannesburg;Trabajo.org;Full-time;FALSE;May;FALSE
1565233;Data Engineer;Johannesburg;Trabajo.org;Full-time;FALSE;May;TRUE
1565999;Senior Data Engineer;Johannesburg;Trabajo.org;Full-time;FALSE;May;FALSE
1572342;Software Engineer;Johannesburg;Trabajo.org;Full-time;FALSE;May;TRUE
130371;Business Analyst;Johannesburg;Trabajo.org;Full-time;FALSE;August;TRUE
161600;Business Analyst;Johannesburg;Trabajo.org;Full-time;FALSE;August;FALSE
247010;Data Analyst;Johannesburg;Trabajo.org;Full-time;FALSE;August;FALSE
261874;Senior Data Scientist;Johannesburg;Trabajo.org;Full-time;FALSE;August;FALSE
349405;Senior Data Analyst;Johannesburg;Trabajo.org;Full-time;FALSE;August;TRUE
475553;Data Analyst;Johannesburg;Trabajo.org;Full-time;FALSE;August;FALSE
766044;Software Engineer;Johannesburg;Trabajo.org;Full-time;FALSE;August;TRUE
886753;Senior Data Analyst;Johannesburg;Trabajo.org;Full-time;FALSE;August;FALSE
996334;Senior Data Scientist;Johannesburg;Trabajo.org;Full-time;FALSE;August;FALSE
999716;Senior Data Analyst;Johannesburg;Trabajo.org;Full-time;FALSE;August;FALSE
1103881;Cloud Engineer;Johannesburg;Trabajo.org;Full-time;FALSE;August;TRUE
1361288;Senior Data Analyst;Johannesburg;Trabajo.org;Full-time;FALSE;August;FALSE
1408417;Data Analyst;Johannesburg;Trabajo.org;Full-time;FALSE;August;FALSE
1446300;Business Analyst;Johannesburg;Trabajo.org;Full-time;FALSE;August;TRUE
1539876;Cloud Engineer;Johannesburg;Trabajo.org;Full-time;FALSE;August;FALSE
123624;Senior Data Analyst;Johannesburg;Trabajo.org;Full-time;FALSE;August;FALSE
191217;Senior Data Analyst;Johannesburg;Trabajo.org;Full-time;FALSE;August;TRUE
345299;Data Engineer;Johannesburg;Trabajo.org;Full-time;FALSE;August;FALSE
1292722;Senior Data Scientist;Johannesburg;Trabajo.org;Full-time;FALSE;August;FALSE
16918;Data Analyst;Johannesburg;Trabajo.org;Full-time;FALSE;August;FALSE
20303;Data Analyst;Johannesburg;Trabajo.org;Full-time;FALSE;August;FALSE
132265;Data Analyst;Johannesburg;Trabajo.org;Full-time;FALSE;August;FALSE
141199;Senior Data Analyst;Johannesburg;Trabajo.org;Full-time;FALSE;August;FALSE
166889;Senior Data Analyst;Johannesburg;Trabajo.org;Full-time;FALSE;August;FALSE
269239;Data Engineer;Johannesburg;Trabajo.org;Full-time;FALSE;August;FALSE
390351;Data Analyst;Johannesburg;Trabajo.org;Full-time;FALSE;August;FALSE
514113;Data Analyst;Johannesburg;Trabajo.org;Full-time;FALSE;August;FALSE
800275;Data Analyst;Johannesburg;Trabajo.org;Full-time;FALSE;August;FALSE
889679;Data Analyst;Johannesburg;Trabajo.org;Full-time;FALSE;August;FALSE
1196486;Senior Data Engineer;Johannesburg;Trabajo.org;Full-time;FALSE;August;TRUE
1593423;Senior Data Analyst;Johannesburg;Trabajo.org;Full-time;FALSE;August;TRUE
1684743;Senior Data Analyst;Johannesburg;Trabajo.org;Full-time;FALSE;August;TRUE
1694388;Data Analyst;Johannesburg;Trabajo.org;Full-time;FALSE;August;TRUE
1824899;Data Analyst;Johannesburg;Trabajo.org;Full-time;FALSE;August;FALSE
203691;Data Engineer;Johannesburg;Trabajo.org;Full-time;FALSE;August;TRUE
476742;Senior Data Scientist;Johannesburg;Trabajo.org;Full-time;FALSE;August;FALSE
985592;Senior Data Engineer;Johannesburg;Trabajo.org;Full-time;FALSE;August;TRUE
1712551;Data Analyst;Johannesburg;Trabajo.org;Full-time;FALSE;August;TRUE
339141;Data Engineer;Johannesburg;Trabajo.org;Full-time;FALSE;August;FALSE
354566;Data Analyst;Johannesburg;Trabajo.org;Full-time;FALSE;August;TRUE
805923;Senior Data Scientist;Johannesburg;Trabajo.org;Full-time;FALSE;August;FALSE
1423521;Data Engineer;Johannesburg;Trabajo.org;Full-time;FALSE;August;FALSE
1519347;Senior Data Analyst;Johannesburg;Trabajo.org;Full-time;FALSE;August;TRUE
1733989;Senior Data Engineer;Johannesburg;Trabajo.org;Full-time;FALSE;August;TRUE
114675;Software Engineer;Johannesburg;Trabajo.org;Full-time;FALSE;August;TRUE
275900;Data Analyst;Johannesburg;Trabajo.org;Full-time;FALSE;August;FALSE
278215;Senior Data Scientist;Johannesburg;Trabajo.org;Full-time;FALSE;August;FALSE
489187;Data Engineer;Johannesburg;Trabajo.org;Full-time;FALSE;August;FALSE
707179;Senior Data Analyst;Johannesburg;Trabajo.org;Full-time;FALSE;August;TRUE
710825;Senior Data Analyst;Johannesburg;Trabajo.org;Full-time;FALSE;August;TRUE
793695;Senior Data Analyst;Johannesburg;Trabajo.org;Full-time;FALSE;August;FALSE
834354;Data Analyst;Johannesburg;Trabajo.org;Full-time;FALSE;August;TRUE
845466;Data Engineer;Johannesburg;Trabajo.org;Full-time;FALSE;August;FALSE
1170991;Senior Data Scientist;Johannesburg;Trabajo.org;Full-time;FALSE;August;FALSE
1586488;Senior Data Analyst;Johannesburg;Trabajo.org;Full-time;FALSE;August;TRUE
1801213;Data Analyst;Johannesburg;Trabajo.org;Full-time;FALSE;August;TRUE
492677;Data Engineer;Johannesburg;Trabajo.org;Full-time;FALSE;August;TRUE
835462;Senior Data Engineer;Johannesburg;Trabajo.org;Full-time;FALSE;August;TRUE
1508407;Data Analyst;Johannesburg;Trabajo.org;Full-time;FALSE;August;FALSE
248406;Senior Data Scientist;Johannesburg;Trabajo.org;Full-time;FALSE;August;FALSE
303693;Senior Data Scientist;Johannesburg;Trabajo.org;Full-time;FALSE;August;TRUE
208338;Senior Data Analyst;Johannesburg;Trabajo.org;Full-time;FALSE;August;FALSE
516619;Data Analyst;Johannesburg;Trabajo.org;Full-time;FALSE;August;FALSE
1236461;Business Analyst;Johannesburg;Trabajo.org;Full-time;FALSE;August;TRUE
1634794;Senior Data Scientist;Johannesburg;Trabajo.org;Full-time;FALSE;August;FALSE
1294464;Senior Data Scientist;Johannesburg;Trabajo.org;Full-time;FALSE;August;FALSE
96891;Data Engineer;Johannesburg;Trabajo.org;Full-time;FALSE;April;FALSE
134476;Data Engineer;Johannesburg;Trabajo.org;Full-time;FALSE;April;TRUE
284484;Data Engineer;Johannesburg;Trabajo.org;Full-time;FALSE;April;TRUE
495226;Senior Data Engineer;Johannesburg;Trabajo.org;Full-time;FALSE;April;FALSE
941128;Data Engineer;Johannesburg;Trabajo.org;Full-time;FALSE;April;FALSE
104104;Data Engineer;Johannesburg;Trabajo.org;Full-time;FALSE;April;FALSE
493318;Senior Data Scientist;Johannesburg;Trabajo.org;Full-time;FALSE;April;FALSE
770421;Business Analyst;Johannesburg;Trabajo.org;Full-time;FALSE;April;TRUE
945000;Senior Data Analyst;Johannesburg;Trabajo.org;Full-time;FALSE;April;FALSE
1587566;Senior Data Scientist;Johannesburg;Trabajo.org;Full-time;FALSE;April;FALSE
1816050;Machine Learning Engineer;Johannesburg;Trabajo.org;Full-time;FALSE;April;FALSE
662590;Data Engineer;Johannesburg;Trabajo.org;Full-time;FALSE;April;FALSE
77585;Senior Data Engineer;Johannesburg;Trabajo.org;Full-time;FALSE;April;FALSE
147767;Cloud Engineer;Johannesburg;Trabajo.org;Full-time;FALSE;April;TRUE
167798;Data Engineer;Johannesburg;Trabajo.org;Full-time;FALSE;April;FALSE
457414;Senior Data Engineer;Johannesburg;Trabajo.org;Full-time;FALSE;April;FALSE
508300;Machine Learning Engineer;Johannesburg;Trabajo.org;Full-time;FALSE;April;FALSE
920528;Data Engineer;Johannesburg;Trabajo.org;Full-time;FALSE;April;TRUE
1101562;Senior Data Engineer;Johannesburg;Trabajo.org;Full-time;FALSE;April;FALSE
1510178;Software Engineer;Johannesburg;Trabajo.org;Full-time;FALSE;April;FALSE
1803985;Machine Learning Engineer;Johannesburg;Trabajo.org;Full-time;FALSE;April;FALSE
351270;Senior Data Engineer;Johannesburg;Trabajo.org;Full-time;FALSE;April;FALSE
421081;Data Engineer;Johannesburg;Trabajo.org;Full-time;FALSE;April;TRUE
870014;Senior Data Engineer;Johannesburg;Trabajo.org;Full-time;FALSE;April;FALSE
1171133;Data Engineer;Johannesburg;Trabajo.org;Full-time;FALSE;April;TRUE
1428922;Data Engineer;Johannesburg;Trabajo.org;Full-time;FALSE;April;FALSE
1625387;Senior Data Engineer;Johannesburg;Trabajo.org;Full-time;FALSE;April;FALSE
54173;Data Analyst;Johannesburg;Trabajo.org;Full-time;FALSE;April;TRUE
101177;Senior Data Analyst;Johannesburg;Trabajo.org;Full-time;FALSE;April;FALSE
111817;Data Engineer;Johannesburg;Trabajo.org;Full-time;FALSE;April;FALSE
958863;Data Engineer;Johannesburg;Trabajo.org;Full-time;FALSE;April;FALSE
996853;Data Engineer;Johannesburg;Trabajo.org;Full-time;FALSE;April;TRUE
1272461;Senior Data Engineer;Johannesburg;Trabajo.org;Full-time;FALSE;April;FALSE
204699;Data Engineer;Johannesburg;Trabajo.org;Full-time;FALSE;April;FALSE
203667;Data Engineer;Johannesburg;Trabajo.org;Full-time;FALSE;April;TRUE
786185;Senior Data Engineer;Johannesburg;Trabajo.org;Full-time;FALSE;April;FALSE
842045;Senior Data Engineer;Johannesburg;Trabajo.org;Full-time;FALSE;April;TRUE
562539;Data Engineer;Johannesburg;Trabajo.org;Full-time;FALSE;April;TRUE
1672689;Senior Data Scientist;Johannesburg;Trabajo.org;Full-time;FALSE;April;FALSE
45404;Data Engineer;Johannesburg;Trabajo.org;Full-time;FALSE;April;FALSE
1381815;Data Analyst;Johannesburg;Trabajo.org;Full-time;FALSE;April;FALSE
400451;Data Analyst;Johannesburg;Trabajo.org;Full-time;FALSE;April;FALSE
402264;Cloud Engineer;Johannesburg;Trabajo.org;Full-time;FALSE;April;FALSE
1087505;Machine Learning Engineer;Johannesburg;Trabajo.org;Full-time;FALSE;April;FALSE
103247;Data Engineer;Johannesburg;Trabajo.org;Full-time;FALSE;April;FALSE
176018;Business Analyst;Johannesburg;Trabajo.org;Full-time;FALSE;April;FALSE
338321;Data Engineer;Johannesburg;Trabajo.org;Full-time;FALSE;April;FALSE
302172;Data Engineer;Johannesburg;Trabajo.org;Full-time;FALSE;April;FALSE
303733;Data Engineer;Johannesburg;Trabajo.org;Full-time;FALSE;April;TRUE
317457;Data Engineer;Johannesburg;Trabajo.org;Full-time;FALSE;April;TRUE
368036;Senior Data Engineer;Johannesburg;Trabajo.org;Full-time;FALSE;April;TRUE
401632;Data Engineer;Johannesburg;Trabajo.org;Full-time;FALSE;April;FALSE
821591;Software Engineer;Johannesburg;Trabajo.org;Full-time;FALSE;April;FALSE
862045;Senior Data Engineer;Johannesburg;Trabajo.org;Full-time;FALSE;April;TRUE
1078184;Data Engineer;Johannesburg;Trabajo.org;Full-time;FALSE;April;FALSE
1230578;Software Engineer;Johannesburg;Trabajo.org;Full-time;FALSE;April;TRUE
644789;Software Engineer;Johannesburg;Trabajo.org;Full-time;FALSE;April;TRUE
835577;Data Engineer;Johannesburg;Trabajo.org;Full-time;FALSE;April;FALSE
949145;Software Engineer;Johannesburg;Trabajo.org;Full-time;FALSE;April;TRUE
1054997;Senior Data Engineer;Johannesburg;Trabajo.org;Full-time;FALSE;April;FALSE
1122219;Senior Data Engineer;Johannesburg;Trabajo.org;Full-time;FALSE;April;TRUE
1176184;Senior Data Engineer;Johannesburg;Trabajo.org;Full-time;FALSE;April;FALSE
1457928;Data Engineer;Johannesburg;Trabajo.org;Full-time;FALSE;April;FALSE
1765573;Machine Learning Engineer;Johannesburg;Trabajo.org;Full-time;FALSE;April;FALSE
1662440;Software Engineer;Johannesburg;Trabajo.org;Full-time;FALSE;April;TRUE
1821796;Cloud Engineer;Johannesburg;Trabajo.org;Full-time;FALSE;April;TRUE
160562;Senior Data Engineer;Johannesburg;Trabajo.org;Full-time;FALSE;April;FALSE
189468;Software Engineer;Johannesburg;Trabajo.org;Full-time;FALSE;April;FALSE
195656;Software Engineer;Johannesburg;Trabajo.org;Full-time;FALSE;April;TRUE
196906;Data Engineer;Johannesburg;Trabajo.org;Full-time;FALSE;April;FALSE
423557;Data Engineer;Johannesburg;Trabajo.org;Full-time;FALSE;April;FALSE
467315;Senior Data Engineer;Johannesburg;Trabajo.org;Full-time;FALSE;April;FALSE
537507;Cloud Engineer;Johannesburg;Trabajo.org;Full-time;FALSE;April;TRUE
542513;Cloud Engineer;Johannesburg;Trabajo.org;Full-time;FALSE;April;FALSE
604616;Software Engineer;Johannesburg;Trabajo.org;Full-time;FALSE;April;FALSE
628998;Data Engineer;Johannesburg;Trabajo.org;Full-time;FALSE;April;TRUE
1090847;Software Engineer;Johannesburg;Trabajo.org;Full-time;FALSE;April;TRUE
1179168;Senior Data Engineer;Johannesburg;Trabajo.org;Full-time;FALSE;April;TRUE
1194990;Senior Data Scientist;Johannesburg;Trabajo.org;Full-time;FALSE;April;TRUE
1330312;Cloud Engineer;Johannesburg;Trabajo.org;Full-time;FALSE;April;TRUE
1400358;Software Engineer;Johannesburg;Trabajo.org;Full-time;FALSE;April;TRUE
1792051;Software Engineer;Johannesburg;Trabajo.org;Full-time;FALSE;April;FALSE
447508;Data Analyst;Johannesburg;Trabajo.org;Full-time;FALSE;April;TRUE
637480;Cloud Engineer;Johannesburg;Trabajo.org;Full-time;FALSE;April;TRUE
1270823;Senior Data Scientist;Johannesburg;Trabajo.org;Full-time;FALSE;April;FALSE
1670363;Business Analyst;Johannesburg;Trabajo.org;Full-time;FALSE;April;FALSE
760051;Data Analyst;Johannesburg;Trabajo.org;Full-time;FALSE;April;TRUE
1580916;Cloud Engineer;Johannesburg;Trabajo.org;Full-time;FALSE;April;FALSE
1513073;Business Analyst;Johannesburg;Trabajo.org;Full-time;FALSE;April;FALSE
1513552;Software Engineer;Johannesburg;Trabajo.org;Full-time;FALSE;April;TRUE
1513555;Senior Data Scientist;Johannesburg;Trabajo.org;Full-time;FALSE;April;TRUE
1513695;Cloud Engineer;Johannesburg;Trabajo.org;Full-time;FALSE;April;TRUE
1513937;Data Engineer;Johannesburg;Trabajo.org;Full-time;FALSE;April;TRUE
1514717;Data Engineer;Johannesburg;Trabajo.org;Full-time;FALSE;April;TRUE
806176;Data Engineer;Johannesburg;Trabajo.org;Full-time;FALSE;February;TRUE
1689053;Data Analyst;Johannesburg;Trabajo.org;Full-time;FALSE;February;FALSE
11647;Software Engineer;Johannesburg;Trabajo.org;Full-time;FALSE;February;TRUE
1440331;Software Engineer;Johannesburg;Trabajo.org;Full-time;FALSE;February;TRUE
1094807;Data Engineer;Johannesburg;Trabajo.org;Full-time;FALSE;February;FALSE
1807741;Data Analyst;Johannesburg;Trabajo.org;Full-time;FALSE;February;FALSE
1401420;Senior Data Scientist;Johannesburg;Trabajo.org;Full-time;FALSE;February;FALSE
1459319;Software Engineer;Johannesburg;Trabajo.org;Full-time;FALSE;February;FALSE
776922;Senior Data Scientist;Johannesburg;Trabajo.org;Full-time;FALSE;February;FALSE
881457;Software Engineer;Johannesburg;Trabajo.org;Full-time;FALSE;February;TRUE
1114789;Senior Data Engineer;Johannesburg;Trabajo.org;Full-time;FALSE;February;FALSE
1670319;Machine Learning Engineer;Johannesburg;Trabajo.org;Full-time;FALSE;February;TRUE
30605;Software Engineer;Johannesburg;Trabajo.org;Full-time;FALSE;February;TRUE
38963;Business Analyst;Johannesburg;Trabajo.org;Full-time;FALSE;February;FALSE
91014;Data Analyst;Johannesburg;Trabajo.org;Full-time;FALSE;February;FALSE
128136;Data Engineer;Johannesburg;Trabajo.org;Full-time;FALSE;February;TRUE
165146;Software Engineer;Johannesburg;Trabajo.org;Full-time;FALSE;February;TRUE
167861;Data Engineer;Johannesburg;Trabajo.org;Full-time;FALSE;February;FALSE
183502;Software Engineer;Johannesburg;Trabajo.org;Full-time;FALSE;February;TRUE
250215;Software Engineer;Johannesburg;Trabajo.org;Full-time;FALSE;February;FALSE
263530;Data Engineer;Johannesburg;Trabajo.org;Full-time;FALSE;February;TRUE
362945;Software Engineer;Johannesburg;Trabajo.org;Full-time;FALSE;February;TRUE
378959;Data Engineer;Johannesburg;Trabajo.org;Full-time;FALSE;February;TRUE
385978;Software Engineer;Johannesburg;Trabajo.org;Full-time;FALSE;February;TRUE
390544;Software Engineer;Johannesburg;Trabajo.org;Full-time;FALSE;February;FALSE
414869;Software Engineer;Johannesburg;Trabajo.org;Full-time;FALSE;February;TRUE
441447;Cloud Engineer;Johannesburg;Trabajo.org;Full-time;FALSE;February;FALSE
452140;Data Analyst;Johannesburg;Trabajo.org;Full-time;FALSE;February;FALSE
488396;Cloud Engineer;Johannesburg;Trabajo.org;Full-time;FALSE;February;FALSE
513725;Data Engineer;Johannesburg;Trabajo.org;Full-time;FALSE;February;TRUE
682125;Data Engineer;Johannesburg;Trabajo.org;Full-time;FALSE;February;TRUE
690671;Software Engineer;Johannesburg;Trabajo.org;Full-time;FALSE;February;FALSE
711833;Software Engineer;Johannesburg;Trabajo.org;Full-time;FALSE;February;FALSE
775463;Machine Learning Engineer;Johannesburg;Trabajo.org;Full-time;FALSE;February;TRUE
782053;Business Analyst;Johannesburg;Trabajo.org;Full-time;FALSE;February;TRUE
822537;Software Engineer;Johannesburg;Trabajo.org;Full-time;FALSE;February;TRUE
829779;Business Analyst;Johannesburg;Trabajo.org;Full-time;FALSE;February;FALSE
839453;Software Engineer;Johannesburg;Trabajo.org;Full-time;FALSE;February;TRUE
845827;Cloud Engineer;Johannesburg;Trabajo.org;Full-time;FALSE;February;FALSE
850057;Software Engineer;Johannesburg;Trabajo.org;Full-time;FALSE;February;TRUE
853705;Data Analyst;Johannesburg;Trabajo.org;Full-time;FALSE;February;TRUE
881993;Software Engineer;Johannesburg;Trabajo.org;Full-time;FALSE;February;TRUE
995802;Software Engineer;Johannesburg;Trabajo.org;Full-time;FALSE;February;TRUE
1114053;Cloud Engineer;Johannesburg;Trabajo.org;Full-time;FALSE;February;TRUE
1139107;Cloud Engineer;Johannesburg;Trabajo.org;Full-time;FALSE;February;TRUE
1155295;Cloud Engineer;Johannesburg;Trabajo.org;Full-time;FALSE;February;FALSE
1211061;Machine Learning Engineer;Johannesburg;Trabajo.org;Full-time;FALSE;February;TRUE
1221393;Business Analyst;Johannesburg;Trabajo.org;Full-time;FALSE;February;TRUE
1230317;Software Engineer;Johannesburg;Trabajo.org;Full-time;FALSE;February;FALSE
1279650;Software Engineer;Johannesburg;Trabajo.org;Full-time;FALSE;February;FALSE
1284663;Data Analyst;Johannesburg;Trabajo.org;Full-time;FALSE;February;FALSE
1313704;Software Engineer;Johannesburg;Trabajo.org;Full-time;FALSE;February;FALSE
1322558;Cloud Engineer;Johannesburg;Trabajo.org;Full-time;FALSE;February;FALSE
1347433;Data Analyst;Johannesburg;Trabajo.org;Full-time;FALSE;February;FALSE
1357480;Cloud Engineer;Johannesburg;Trabajo.org;Full-time;FALSE;February;TRUE
1397712;Cloud Engineer;Johannesburg;Trabajo.org;Full-time;FALSE;February;TRUE
1399196;Software Engineer;Johannesburg;Trabajo.org;Full-time;FALSE;February;TRUE
1414153;Senior Data Scientist;Johannesburg;Trabajo.org;Full-time;FALSE;February;FALSE
1582857;Software Engineer;Johannesburg;Trabajo.org;Full-time;FALSE;February;TRUE
1600810;Cloud Engineer;Johannesburg;Trabajo.org;Full-time;FALSE;February;FALSE
1649563;Machine Learning Engineer;Johannesburg;Trabajo.org;Full-time;FALSE;February;FALSE
1658472;Cloud Engineer;Johannesburg;Trabajo.org;Full-time;FALSE;February;TRUE
1679683;Cloud Engineer;Johannesburg;Trabajo.org;Full-time;FALSE;February;FALSE
1689186;Business Analyst;Johannesburg;Trabajo.org;Full-time;FALSE;February;FALSE
1700930;Software Engineer;Johannesburg;Trabajo.org;Full-time;FALSE;February;FALSE
1724320;Business Analyst;Johannesburg;Trabajo.org;Full-time;FALSE;February;FALSE
1807410;Software Engineer;Johannesburg;Trabajo.org;Full-time;FALSE;February;TRUE
86005;Senior Data Engineer;Johannesburg;Trabajo.org;Full-time;FALSE;February;TRUE
86648;Data Engineer;Johannesburg;Trabajo.org;Full-time;FALSE;February;TRUE
607034;Senior Data Engineer;Johannesburg;Trabajo.org;Full-time;FALSE;February;TRUE
756096;Data Engineer;Johannesburg;Trabajo.org;Full-time;FALSE;February;TRUE
850262;Cloud Engineer;Johannesburg;Trabajo.org;Full-time;FALSE;February;TRUE
1135377;Cloud Engineer;Johannesburg;Trabajo.org;Full-time;FALSE;February;FALSE
1229994;Software Engineer;Johannesburg;Trabajo.org;Full-time;FALSE;February;FALSE
1522784;Software Engineer;Johannesburg;Trabajo.org;Full-time;FALSE;February;TRUE
1555510;Cloud Engineer;Johannesburg;Trabajo.org;Full-time;FALSE;February;TRUE
391064;Machine Learning Engineer;Johannesburg;Trabajo.org;Full-time;FALSE;February;FALSE
823786;Software Engineer;Johannesburg;Trabajo.org;Full-time;FALSE;February;FALSE
1148582;Software Engineer;Johannesburg;Trabajo.org;Full-time;FALSE;February;FALSE
1173132;Software Engineer;Johannesburg;Trabajo.org;Full-time;FALSE;February;TRUE
1475957;Data Engineer;Johannesburg;Trabajo.org;Full-time;FALSE;February;FALSE
1624352;Data Analyst;Johannesburg;Trabajo.org;Full-time;FALSE;February;TRUE
1658325;Data Analyst;Johannesburg;Trabajo.org;Full-time;FALSE;February;FALSE
67742;Senior Data Engineer;Johannesburg;Trabajo.org;Full-time;FALSE;February;TRUE
807214;Senior Data Scientist;Johannesburg;Trabajo.org;Full-time;FALSE;February;FALSE
1032516;Machine Learning Engineer;Johannesburg;Trabajo.org;Full-time;FALSE;February;FALSE
1454828;Cloud Engineer;Johannesburg;Trabajo.org;Full-time;FALSE;February;FALSE
1634957;Data Analyst;Johannesburg;Trabajo.org;Full-time;FALSE;February;TRUE
1670428;Data Engineer;Johannesburg;Trabajo.org;Full-time;FALSE;February;TRUE
1721693;Cloud Engineer;Johannesburg;Trabajo.org;Full-time;FALSE;February;TRUE
461412;Cloud Engineer;Johannesburg;Trabajo.org;Full-time;FALSE;February;FALSE
463968;Cloud Engineer;Johannesburg;Trabajo.org;Full-time;FALSE;February;TRUE
642049;Cloud Engineer;Johannesburg;Trabajo.org;Full-time;FALSE;February;TRUE
880359;Data Analyst;Johannesburg;Trabajo.org;Full-time;FALSE;February;FALSE
53437;Data Analyst;Johannesburg;Trabajo.org;Full-time;FALSE;February;TRUE
905507;Software Engineer;Johannesburg;Trabajo.org;Full-time;FALSE;February;FALSE
1388205;Data Analyst;Johannesburg;Trabajo.org;Full-time;FALSE;February;TRUE
720605;Software Engineer;Johannesburg;Trabajo.org;Full-time;FALSE;February;TRUE
137596;Cloud Engineer;Johannesburg;Trabajo.org;Full-time;FALSE;February;TRUE
341444;Senior Data Engineer;Johannesburg;Trabajo.org;Full-time;FALSE;February;TRUE
517546;Senior Data Analyst;Johannesburg;Trabajo.org;Full-time;FALSE;February;FALSE
525860;Data Engineer;Johannesburg;Trabajo.org;Full-time;FALSE;February;FALSE
781545;Software Engineer;Johannesburg;Trabajo.org;Full-time;FALSE;February;TRUE
880099;Senior Data Scientist;Johannesburg;Trabajo.org;Full-time;FALSE;February;TRUE
1096574;Data Engineer;Johannesburg;Trabajo.org;Full-time;FALSE;February;FALSE
866624;Cloud Engineer;Johannesburg;Trabajo.org;Full-time;FALSE;February;FALSE
1447014;Software Engineer;Johannesburg;Trabajo.org;Full-time;FALSE;February;FALSE
179074;Software Engineer;Johannesburg;Trabajo.org;Full-time;FALSE;February;TRUE
214048;Senior Data Engineer;Johannesburg;Trabajo.org;Full-time;FALSE;February;FALSE
806416;Data Analyst;Johannesburg;Trabajo.org;Full-time;FALSE;February;FALSE
613899;Data Scientist;Johannesburg;Trabajo.org;Full-time;FALSE;February;FALSE
1009389;Data Scientist;Johannesburg;Trabajo.org;Full-time;FALSE;February;FALSE
1390390;Data Scientist;Johannesburg;Trabajo.org;Full-time;FALSE;March;FALSE
107744;Data Scientist;Johannesburg;Trabajo.org;Full-time;FALSE;August;TRUE
225179;Data Scientist;Johannesburg;Trabajo.org;Full-time;FALSE;April;FALSE
366656;Data Scientist;Johannesburg;Trabajo.org;Full-time;FALSE;August;FALSE
404416;Data Scientist;Johannesburg;Trabajo.org;Full-time;FALSE;August;FALSE
432073;Data Scientist;Johannesburg;Trabajo.org;Full-time;FALSE;August;FALSE
442357;Data Scientist;Johannesburg;Trabajo.org;Full-time;FALSE;August;TRUE
627764;Data Scientist;Johannesburg;Trabajo.org;Full-time;FALSE;August;FALSE
660198;Data Scientist;Johannesburg;Trabajo.org;Full-time;FALSE;August;FALSE
707746;Data Scientist;Johannesburg;Trabajo.org;Full-time;FALSE;July;FALSE
765474;Data Scientist;Johannesburg;Trabajo.org;Full-time;FALSE;August;FALSE
791136;Data Scientist;Johannesburg;Trabajo.org;Full-time;FALSE;August;FALSE
845728;Data Scientist;Johannesburg;Trabajo.org;Full-time;FALSE;August;FALSE
854063;Data Scientist;Johannesburg;Trabajo.org;Full-time;FALSE;July;FALSE
950764;Data Scientist;Johannesburg;Trabajo.org;Full-time;FALSE;August;FALSE
1027380;Data Scientist;Johannesburg;Trabajo.org;Full-time;FALSE;August;FALSE
1172508;Data Scientist;Johannesburg;Trabajo.org;Full-time;FALSE;August;FALSE
1247049;Data Scientist;Johannesburg;Trabajo.org;Full-time;FALSE;August;FALSE
1289025;Data Scientist;Johannesburg;Trabajo.org;Full-time;FALSE;August;FALSE
1312117;Data Scientist;Johannesburg;Trabajo.org;Full-time;FALSE;April;TRUE
1351778;Data Scientist;Johannesburg;Trabajo.org;Full-time;FALSE;April;TRUE
1631217;Data Scientist;Johannesburg;Trabajo.org;Full-time;FALSE;July;FALSE
1704615;Data Scientist;Johannesburg;Trabajo.org;Full-time;FALSE;August;FALSE
1566471;Data Scientist;Johannesburg;Trabajo.org;Full-time;FALSE;May;FALSE
1761223;Data Scientist;Johannesburg;Trabajo.org;Full-time;FALSE;May;FALSE
666235;Data Scientist;Johannesburg;Trabajo.org;Full-time;FALSE;April;FALSE
700966;Data Scientist;Johannesburg;Trabajo.org;Full-time;FALSE;April;FALSE
787243;Data Scientist;Johannesburg;Trabajo.org;Full-time;FALSE;April;FALSE
1475487;Data Scientist;Johannesburg;Trabajo.org;Full-time;FALSE;April;FALSE
3925;Data Scientist;Johannesburg;Trabajo.org;Full-time;FALSE;April;FALSE
220605;Data Scientist;Johannesburg;Trabajo.org;Full-time;FALSE;April;FALSE
1166849;Data Scientist;Johannesburg;Trabajo.org;Full-time;FALSE;August;FALSE
1312757;Data Scientist;Johannesburg;Trabajo.org;Full-time;FALSE;April;TRUE
3495;Data Scientist;Johannesburg;Trabajo.org;Full-time;FALSE;August;FALSE
77588;Data Scientist;Johannesburg;Trabajo.org;Full-time;FALSE;July;FALSE
149586;Data Scientist;Johannesburg;Trabajo.org;Full-time;FALSE;August;FALSE
201533;Data Scientist;Johannesburg;Trabajo.org;Full-time;FALSE;July;FALSE
226018;Data Scientist;Johannesburg;Trabajo.org;Full-time;FALSE;August;FALSE
268338;Data Scientist;Johannesburg;Trabajo.org;Full-time;FALSE;July;FALSE
491269;Data Scientist;Johannesburg;Trabajo.org;Full-time;FALSE;August;FALSE
580732;Data Scientist;Johannesburg;Trabajo.org;Full-time;FALSE;August;FALSE
667977;Data Scientist;Johannesburg;Trabajo.org;Full-time;FALSE;June;FALSE
681169;Data Scientist;Johannesburg;Trabajo.org;Full-time;FALSE;August;FALSE
682880;Data Scientist;Johannesburg;Trabajo.org;Full-time;FALSE;August;FALSE
891538;Data Scientist;Johannesburg;Trabajo.org;Full-time;FALSE;August;TRUE
1001056;Data Scientist;Johannesburg;Trabajo.org;Full-time;FALSE;August;FALSE
1049803;Data Scientist;Johannesburg;Trabajo.org;Full-time;FALSE;June;FALSE
1201782;Data Scientist;Johannesburg;Trabajo.org;Full-time;FALSE;August;FALSE
1224317;Data Scientist;Johannesburg;Trabajo.org;Full-time;FALSE;August;FALSE
1289527;Data Scientist;Johannesburg;Trabajo.org;Full-time;FALSE;August;TRUE
1324633;Data Scientist;Johannesburg;Trabajo.org;Full-time;FALSE;July;FALSE
1345157;Data Scientist;Johannesburg;Trabajo.org;Full-time;FALSE;June;TRUE
1364812;Data Scientist;Johannesburg;Trabajo.org;Full-time;FALSE;September;FALSE
1413623;Data Scientist;Johannesburg;Trabajo.org;Full-time;FALSE;August;FALSE
1456249;Data Scientist;Johannesburg;Trabajo.org;Full-time;FALSE;August;FALSE
1486092;Data Scientist;Johannesburg;Trabajo.org;Full-time;FALSE;August;FALSE
1640914;Data Scientist;Johannesburg;Trabajo.org;Full-time;FALSE;August;FALSE
1678714;Data Scientist;Johannesburg;Trabajo.org;Full-time;FALSE;August;FALSE
1684817;Data Scientist;Johannesburg;Trabajo.org;Full-time;FALSE;May;FALSE
1722695;Data Scientist;Johannesburg;Trabajo.org;Full-time;FALSE;July;FALSE
36467;Data Scientist;Johannesburg;Trabajo.org;Full-time;FALSE;April;FALSE
46421;Data Scientist;Johannesburg;Trabajo.org;Full-time;FALSE;July;FALSE
83148;Data Scientist;Johannesburg;Trabajo.org;Full-time;FALSE;March;FALSE
248793;Data Scientist;Johannesburg;Trabajo.org;Full-time;FALSE;March;FALSE
272384;Data Scientist;Johannesburg;Trabajo.org;Full-time;FALSE;July;FALSE
326197;Data Scientist;Johannesburg;Trabajo.org;Full-time;FALSE;July;FALSE
375952;Data Scientist;Johannesburg;Trabajo.org;Full-time;FALSE;March;FALSE
983204;Data Scientist;Johannesburg;Trabajo.org;Full-time;FALSE;March;FALSE
1190509;Data Scientist;Johannesburg;Trabajo.org;Full-time;FALSE;March;FALSE
1294294;Data Scientist;Johannesburg;Trabajo.org;Full-time;FALSE;July;TRUE
1315578;Data Scientist;Johannesburg;Trabajo.org;Full-time;FALSE;July;FALSE
1318004;Data Scientist;Johannesburg;Trabajo.org;Full-time;FALSE;July;FALSE
547525;Data Scientist;Johannesburg;Trabajo.org;Full-time;FALSE;February;FALSE
36850;Data Scientist;Johannesburg;Trabajo.org;Full-time;FALSE;February;FALSE
81904;Data Scientist;Johannesburg;Trabajo.org;Full-time;FALSE;February;FALSE
125941;Data Scientist;Johannesburg;Trabajo.org;Full-time;FALSE;February;FALSE
174413;Data Scientist;Johannesburg;Trabajo.org;Full-time;FALSE;February;FALSE
190066;Data Scientist;Johannesburg;Trabajo.org;Full-time;FALSE;February;FALSE
228549;Data Scientist;Johannesburg;Trabajo.org;Full-time;FALSE;April;TRUE
259957;Data Scientist;Johannesburg;Trabajo.org;Full-time;FALSE;February;FALSE
588713;Data Scientist;Johannesburg;Trabajo.org;Full-time;FALSE;April;FALSE
630796;Data Scientist;Johannesburg;Trabajo.org;Full-time;FALSE;April;TRUE
632682;Data Scientist;Johannesburg;Trabajo.org;Full-time;FALSE;July;FALSE
657962;Data Scientist;Johannesburg;Trabajo.org;Full-time;FALSE;April;FALSE
856591;Data Scientist;Johannesburg;Trabajo.org;Full-time;FALSE;June;FALSE
1261159;Data Scientist;Johannesburg;Trabajo.org;Full-time;FALSE;February;FALSE
1412484;Data Scientist;Johannesburg;Trabajo.org;Full-time;FALSE;March;FALSE
1681803;Data Scientist;Johannesburg;Trabajo.org;Full-time;FALSE;February;TRUE
1732939;Data Scientist;Johannesburg;Trabajo.org;Full-time;FALSE;April;FALSE
63952;Data Scientist;Johannesburg;Trabajo.org;Full-time;FALSE;March;FALSE
70761;Data Scientist;Johannesburg;Trabajo.org;Full-time;FALSE;February;FALSE
502702;Data Scientist;Johannesburg;Trabajo.org;Full-time;FALSE;February;FALSE
736076;Data Scientist;Johannesburg;Trabajo.org;Full-time;FALSE;February;FALSE
1381005;Data Scientist;Johannesburg;Trabajo.org;Full-time;FALSE;February;FALSE
875440;Data Scientist;Johannesburg;Trabajo.org;Full-time;FALSE;March;TRUE
299413;Data Scientist;Johannesburg;Trabajo.org;Full-time;FALSE;February;TRUE
271918;Data Scientist;Johannesburg;Trabajo.org;Full-time;FALSE;April;FALSE
594227;Data Scientist;Johannesburg;Trabajo.org;Full-time;FALSE;July;FALSE
763510;Data Scientist;Johannesburg;Trabajo.org;Full-time;FALSE;July;FALSE
316863;Data Scientist;Johannesburg;Trabajo.org;Full-time;FALSE;April;FALSE
1065644;Data Scientist;Johannesburg;Trabajo.org;Full-time;FALSE;July;FALSE
1368119;Data Scientist;Johannesburg;Trabajo.org;Full-time;FALSE;April;FALSE
519180;Data Scientist;Johannesburg;Trabajo.org;Full-time;FALSE;April;FALSE
287127;Data Scientist;Johannesburg;Trabajo.org;Full-time;FALSE;May;FALSE
341927;Data Scientist;Johannesburg;Trabajo.org;Full-time;FALSE;August;FALSE
570112;Data Scientist;Johannesburg;Trabajo.org;Full-time;FALSE;August;FALSE
687072;Data Scientist;Johannesburg;Trabajo.org;Full-time;FALSE;August;FALSE
778589;Data Scientist;Johannesburg;Trabajo.org;Full-time;FALSE;August;FALSE
1315854;Data Scientist;Johannesburg;Trabajo.org;Full-time;FALSE;August;FALSE
1481431;Data Scientist;Johannesburg;Trabajo.org;Full-time;FALSE;August;FALSE
1322724;Data Scientist;Johannesburg;Trabajo.org;Full-time;FALSE;April;FALSE
717185;Data Scientist;Johannesburg;Trabajo.org;Full-time;FALSE;February;FALSE
1216582;Data Scientist;Johannesburg;Trabajo.org;Full-time;FALSE;April;TRUE
1469697;Data Scientist;Johannesburg;Trabajo.org;Full-time;FALSE;April;FALSE
1673633;Data Scientist;Johannesburg;Trabajo.org;Full-time;FALSE;August;FALSE
972971;Data Scientist;Johannesburg;Trabajo.org;Full-time;FALSE;August;FALSE
998716;Data Scientist;Johannesburg;Trabajo.org;Full-time;FALSE;February;FALSE
1490001;Data Scientist;Johannesburg;Trabajo.org;Full-time;FALSE;July;FALSE
1597431;Data Scientist;Johannesburg;Trabajo.org;Full-time;FALSE;August;FALSE
292729;Data Scientist;Johannesburg;Trabajo.org;Full-time;FALSE;March;FALSE
1727599;Data Scientist;Johannesburg;Trabajo.org;Full-time;FALSE;August;FALSE
32636;Data Scientist;Johannesburg;Trabajo.org;Full-time;FALSE;February;FALSE
1458404;Data Scientist;Johannesburg;Trabajo.org;Full-time;FALSE;March;FALSE
1580604;Data Scientist;Johannesburg;Trabajo.org;Full-time;FALSE;May;TRUE
1593445;Data Scientist;Johannesburg;Trabajo.org;Full-time;FALSE;June;FALSE
1608033;Data Scientist;Johannesburg;Trabajo.org;Full-time;FALSE;June;FALSE
1614150;Data Scientist;Johannesburg;Trabajo.org;Full-time;FALSE;June;FALSE
1614803;Data Scientist;Johannesburg;Trabajo.org;Full-time;FALSE;June;FALSE
1514643;Data Scientist;Johannesburg;Trabajo.org;Full-time;FALSE;April;FALSE
239718;Senior Data Scientist;Johannesburg;Trabajo.org;Full-time;FALSE;January;FALSE
272395;Data Analyst;Johannesburg;Trabajo.org;Full-time;FALSE;January;TRUE
335596;Senior Data Scientist;Johannesburg;Trabajo.org;Full-time;FALSE;January;TRUE
599336;Data Scientist;Johannesburg;Trabajo.org;Full-time;FALSE;January;FALSE
458764;Senior Data Scientist;Johannesburg;Trabajo.org;Full-time;FALSE;January;FALSE
608408;Data Analyst;Johannesburg;Trabajo.org;Full-time;FALSE;January;TRUE
646575;Data Analyst;Johannesburg;Trabajo.org;Full-time;FALSE;January;TRUE
652811;Software Engineer;Johannesburg;Trabajo.org;Full-time;FALSE;January;TRUE
770031;Cloud Engineer;Johannesburg;Trabajo.org;Full-time;FALSE;January;FALSE
857769;Data Scientist;Johannesburg;Trabajo.org;Full-time;FALSE;January;FALSE
995959;Machine Learning Engineer;Johannesburg;Trabajo.org;Full-time;FALSE;January;FALSE
1066752;Data Engineer;Johannesburg;Trabajo.org;Full-time;FALSE;January;TRUE
1075904;Senior Data Scientist;Johannesburg;Trabajo.org;Full-time;FALSE;January;FALSE
1203381;Data Scientist;Johannesburg;Trabajo.org;Full-time;FALSE;January;TRUE
1255885;Senior Data Scientist;Johannesburg;Trabajo.org;Full-time;FALSE;January;FALSE
1352681;Data Analyst;Johannesburg;Trabajo.org;Full-time;FALSE;January;TRUE
1471786;Data Analyst;Johannesburg;Trabajo.org;Full-time;FALSE;January;TRUE
1749524;Data Engineer;Johannesburg;Trabajo.org;Full-time;FALSE;January;FALSE
1757088;Senior Data Scientist;Johannesburg;Trabajo.org;Full-time;FALSE;January;FALSE
14269;Data Scientist;Johannesburg;Trabajo.org;Full-time;FALSE;January;FALSE
40802;Data Analyst;Johannesburg;Trabajo.org;Full-time;FALSE;January;FALSE
65684;Data Scientist;Johannesburg;Trabajo.org;Full-time;FALSE;January;FALSE
119577;Data Analyst;Johannesburg;Trabajo.org;Full-time;FALSE;January;FALSE
204060;Data Analyst;Johannesburg;Trabajo.org;Full-time;FALSE;January;TRUE
295522;Software Engineer;Johannesburg;Trabajo.org;Full-time;FALSE;January;TRUE
313473;Data Scientist;Johannesburg;Trabajo.org;Full-time;FALSE;January;FALSE
468782;Data Analyst;Johannesburg;Trabajo.org;Full-time;FALSE;January;TRUE
516384;Data Scientist;Johannesburg;Trabajo.org;Full-time;FALSE;January;FALSE
655239;Data Analyst;Johannesburg;Trabajo.org;Full-time;FALSE;January;FALSE
706612;Software Engineer;Johannesburg;Trabajo.org;Full-time;FALSE;January;FALSE
765922;Data Scientist;Johannesburg;Trabajo.org;Full-time;FALSE;January;FALSE
809103;Data Scientist;Johannesburg;Trabajo.org;Full-time;FALSE;January;TRUE
871787;Data Engineer;Johannesburg;Trabajo.org;Full-time;FALSE;January;TRUE
916166;Senior Data Scientist;Johannesburg;Trabajo.org;Full-time;FALSE;January;FALSE
922279;Senior Data Scientist;Johannesburg;Trabajo.org;Full-time;FALSE;January;TRUE
1276507;Software Engineer;Johannesburg;Trabajo.org;Full-time;FALSE;January;TRUE
1659184;Data Analyst;Johannesburg;Trabajo.org;Full-time;FALSE;January;FALSE
1711131;Senior Data Engineer;Johannesburg;Trabajo.org;Full-time;FALSE;January;FALSE
1795924;Data Scientist;Johannesburg;Trabajo.org;Full-time;FALSE;January;TRUE
1325948;Senior Data Scientist;Johannesburg;Trabajo.org;Full-time;FALSE;January;FALSE
1632219;Data Analyst;Johannesburg;Trabajo.org;Full-time;FALSE;January;TRUE
625273;Data Engineer;Johannesburg;Trabajo.org;Full-time;FALSE;January;FALSE
1302185;Data Analyst;Johannesburg;Trabajo.org;Full-time;FALSE;January;FALSE
1482187;Data Scientist;Johannesburg;Trabajo.org;Full-time;FALSE;January;FALSE
1581639;Data Scientist;Johannesburg;Trabajo.org;Full-time;FALSE;January;TRUE
999770;Data Scientist;Johannesburg;Trabajo.org;Full-time;FALSE;January;TRUE
1015608;Software Engineer;Johannesburg;Trabajo.org;Full-time;FALSE;January;TRUE
353135;Data Scientist;Johannesburg;Trabajo.org;Full-time;FALSE;January;FALSE
580335;Data Engineer;Johannesburg;Trabajo.org;Full-time;FALSE;January;TRUE
1458517;Software Engineer;Johannesburg;Trabajo.org;Full-time;FALSE;January;TRUE
1616609;Data Analyst;Johannesburg;Trabajo.org;Full-time;FALSE;January;TRUE
527209;Data Analyst;Johannesburg;Trabajo.org;Full-time;FALSE;January;FALSE
1172279;Data Scientist;Johannesburg;Trabajo.org;Full-time;FALSE;January;FALSE
52811;Data Engineer;Johannesburg;Trabajo.org;Full-time;FALSE;January;FALSE
341325;Data Analyst;Johannesburg;Trabajo.org;Full-time;FALSE;January;TRUE
623384;Data Analyst;Johannesburg;Trabajo.org;Full-time;FALSE;January;TRUE
387456;Data Scientist;Johannesburg;Trabajo.org;Full-time;FALSE;January;TRUE
393398;Data Analyst;Johannesburg;Trabajo.org;Full-time;FALSE;January;TRUE
403866;Data Scientist;Johannesburg;Trabajo.org;Full-time;FALSE;January;FALSE
896518;Software Engineer;Johannesburg;Trabajo.org;Full-time;FALSE;January;TRUE
850494;Data Engineer;Johannesburg;Trabajo.org;Full-time;FALSE;January;FALSE
917882;Software Engineer;Johannesburg;Trabajo.org;Full-time;FALSE;January;FALSE
77036;Data Analyst;Johannesburg;Trabajo.org;Full-time;FALSE;January;FALSE
239748;Data Engineer;Johannesburg;Trabajo.org;Full-time;FALSE;January;FALSE
353113;Cloud Engineer;Johannesburg;Trabajo.org;Full-time;FALSE;January;TRUE
397261;Data Scientist;Johannesburg;Trabajo.org;Full-time;FALSE;January;FALSE
438445;Data Engineer;Johannesburg;Trabajo.org;Full-time;FALSE;January;FALSE
1823602;Data Analyst;Johannesburg;Trabajo.org;Full-time;FALSE;January;FALSE
30389;Cloud Engineer;Johannesburg;Trabajo.org;Full-time;FALSE;January;TRUE
91769;Data Scientist;Johannesburg;Trabajo.org;Full-time;FALSE;January;FALSE
266929;Data Scientist;Johannesburg;Trabajo.org;Full-time;FALSE;January;FALSE
1076851;Data Scientist;Johannesburg;Trabajo.org;Full-time;FALSE;January;FALSE
1079788;Data Analyst;Johannesburg;Trabajo.org;Full-time;FALSE;January;TRUE
1563315;Data Analyst;Johannesburg;Trabajo.org;Full-time;FALSE;January;FALSE
799603;Data Scientist;Johannesburg;Trabajo.org;Full-time;FALSE;January;TRUE
834489;Data Analyst;Johannesburg;Trabajo.org;Full-time;FALSE;January;FALSE
1127455;Data Engineer;Johannesburg;Trabajo.org;Full-time;FALSE;January;FALSE
1209591;Cloud Engineer;Johannesburg;Trabajo.org;Full-time;FALSE;January;FALSE
16995;Data Scientist;Johannesburg;Trabajo.org;Full-time;FALSE;January;FALSE
64317;Data Scientist;Johannesburg;Trabajo.org;Full-time;FALSE;January;FALSE
118035;Data Analyst;Johannesburg;Trabajo.org;Full-time;FALSE;January;FALSE
1745747;Software Engineer;Johannesburg;Trabajo.org;Full-time;FALSE;January;TRUE
5112;Data Engineer;Johannesburg;Trabajo.org;Full-time;FALSE;January;FALSE
12891;Data Analyst;Johannesburg;Trabajo.org;Full-time;FALSE;January;FALSE
39278;Data Analyst;Johannesburg;Trabajo.org;Full-time;FALSE;January;FALSE
44986;Data Scientist;Johannesburg;Trabajo.org;Full-time;FALSE;January;FALSE
99515;Data Analyst;Johannesburg;Trabajo.org;Full-time;FALSE;January;FALSE
112679;Data Analyst;Johannesburg;Trabajo.org;Full-time;FALSE;January;FALSE
113609;Data Analyst;Johannesburg;Trabajo.org;Full-time;FALSE;January;FALSE
245049;Data Scientist;Johannesburg;Trabajo.org;Full-time;FALSE;January;FALSE
255198;Data Analyst;Johannesburg;Trabajo.org;Full-time;FALSE;January;FALSE
317391;Machine Learning Engineer;Johannesburg;Trabajo.org;Full-time;FALSE;January;FALSE
327414;Data Engineer;Johannesburg;Trabajo.org;Full-time;FALSE;January;FALSE
330420;Data Analyst;Johannesburg;Trabajo.org;Full-time;FALSE;January;FALSE
336624;Data Scientist;Johannesburg;Trabajo.org;Full-time;FALSE;January;FALSE
386275;Data Scientist;Johannesburg;Trabajo.org;Full-time;FALSE;January;FALSE
433753;Data Analyst;Johannesburg;Trabajo.org;Full-time;FALSE;January;TRUE
477045;Data Scientist;Johannesburg;Trabajo.org;Full-time;FALSE;January;TRUE
616249;Data Analyst;Johannesburg;Trabajo.org;Full-time;FALSE;January;FALSE
634367;Data Analyst;Johannesburg;Trabajo.org;Full-time;FALSE;January;TRUE
684746;Senior Data Engineer;Johannesburg;Trabajo.org;Full-time;FALSE;January;FALSE
770832;Software Engineer;Johannesburg;Trabajo.org;Full-time;FALSE;January;FALSE
836556;Data Analyst;Johannesburg;Trabajo.org;Full-time;FALSE;January;FALSE
895436;Data Scientist;Johannesburg;Trabajo.org;Full-time;FALSE;January;TRUE
945258;Data Engineer;Johannesburg;Trabajo.org;Full-time;FALSE;January;FALSE
1031205;Data Engineer;Johannesburg;Trabajo.org;Full-time;FALSE;January;FALSE
1305684;Data Engineer;Johannesburg;Trabajo.org;Full-time;FALSE;January;FALSE
1338414;Data Analyst;Johannesburg;Trabajo.org;Full-time;FALSE;January;FALSE
1342974;Data Analyst;Johannesburg;Trabajo.org;Full-time;FALSE;January;TRUE
1413662;Data Engineer;Johannesburg;Trabajo.org;Full-time;FALSE;January;FALSE
1431452;Data Engineer;Johannesburg;Trabajo.org;Full-time;FALSE;January;FALSE
1481086;Software Engineer;Johannesburg;Trabajo.org;Full-time;FALSE;January;FALSE
1742207;Senior Data Engineer;Johannesburg;Trabajo.org;Full-time;FALSE;January;FALSE
709711;Senior Data Analyst;Johannesburg;Trabajo.org;Full-time;FALSE;January;TRUE
432075;Data Scientist;Johannesburg;Trabajo.org;Full-time;FALSE;January;TRUE
1083246;Data Scientist;Johannesburg;Trabajo.org;Full-time;FALSE;January;FALSE
1391967;Data Scientist;Johannesburg;Trabajo.org;Full-time;FALSE;January;FALSE
362280;Data Analyst;Johannesburg;Trabajo.org;Full-time;FALSE;January;TRUE
484219;Senior Data Scientist;Johannesburg;Trabajo.org;Full-time;FALSE;January;FALSE
820490;Data Engineer;Johannesburg;Trabajo.org;Full-time;FALSE;January;FALSE
1017869;Data Scientist;Johannesburg;Trabajo.org;Full-time;FALSE;January;FALSE
1811456;Data Scientist;Johannesburg;Trabajo.org;Full-time;FALSE;January;TRUE
461468;Data Analyst;Johannesburg;Trabajo.org;Full-time;FALSE;January;FALSE
933742;Data Analyst;Johannesburg;Trabajo.org;Full-time;FALSE;January;FALSE
280454;Data Analyst;Johannesburg;Trabajo.org;Full-time;FALSE;January;FALSE
294421;Data Scientist;Johannesburg;Trabajo.org;Full-time;FALSE;January;FALSE
297774;Senior Data Scientist;Johannesburg;Trabajo.org;Full-time;FALSE;January;FALSE
305747;Data Analyst;Johannesburg;Trabajo.org;Full-time;FALSE;January;FALSE
389720;Data Analyst;Johannesburg;Trabajo.org;Full-time;FALSE;January;TRUE
415938;Data Analyst;Johannesburg;Trabajo.org;Full-time;FALSE;January;FALSE
580954;Data Scientist;Johannesburg;Trabajo.org;Full-time;FALSE;January;FALSE
933030;Data Analyst;Johannesburg;Trabajo.org;Full-time;FALSE;January;TRUE
1134123;Data Scientist;Johannesburg;Trabajo.org;Full-time;FALSE;January;TRUE
1199015;Data Scientist;Johannesburg;Trabajo.org;Full-time;FALSE;January;FALSE
1711863;Business Analyst;Johannesburg;Trabajo.org;Full-time;FALSE;January;FALSE
15939;Data Analyst;Johannesburg;Trabajo.org;Full-time;FALSE;January;FALSE
16101;Senior Data Scientist;Johannesburg;Trabajo.org;Full-time;FALSE;January;FALSE
287315;Data Scientist;Johannesburg;Trabajo.org;Full-time;FALSE;January;FALSE
1230709;Data Analyst;Johannesburg;Trabajo.org;Full-time;FALSE;January;FALSE
1340778;Data Analyst;Johannesburg;Trabajo.org;Full-time;FALSE;January;TRUE
1187846;Senior Data Engineer;Johannesburg;Trabajo.org;Full-time;FALSE;January;TRUE
1343648;Senior Data Analyst;Johannesburg;Trabajo.org;Full-time;FALSE;January;TRUE
1415425;Senior Data Engineer;Johannesburg;Trabajo.org;Full-time;FALSE;January;FALSE
1415728;Data Analyst;Johannesburg;Trabajo.org;Full-time;FALSE;January;TRUE
58577;Data Analyst;Johannesburg;Trabajo.org;Full-time;FALSE;January;TRUE
91780;Data Engineer;Johannesburg;Trabajo.org;Full-time;FALSE;January;FALSE
126431;Data Analyst;Johannesburg;Trabajo.org;Full-time;FALSE;January;FALSE
240187;Data Analyst;Johannesburg;Trabajo.org;Full-time;FALSE;January;FALSE
9478;Data Engineer;Johannesburg;Trabajo.org;Full-time;FALSE;January;FALSE
12091;Data Engineer;Johannesburg;Trabajo.org;Full-time;FALSE;January;FALSE
177317;Senior Data Engineer;Johannesburg;Trabajo.org;Full-time;FALSE;January;FALSE
300275;Data Engineer;Johannesburg;Trabajo.org;Full-time;FALSE;January;FALSE
308712;Data Engineer;Johannesburg;Trabajo.org;Full-time;FALSE;January;TRUE
313678;Senior Data Engineer;Johannesburg;Trabajo.org;Full-time;FALSE;January;FALSE
417173;Data Scientist;Johannesburg;Trabajo.org;Full-time;FALSE;January;FALSE
674123;Data Engineer;Johannesburg;Trabajo.org;Full-time;FALSE;January;FALSE
682429;Senior Data Analyst;Johannesburg;Trabajo.org;Full-time;FALSE;January;FALSE
1445186;Data Engineer;Johannesburg;Trabajo.org;Full-time;FALSE;January;FALSE
1493919;Data Engineer;Johannesburg;Trabajo.org;Full-time;FALSE;January;FALSE
862655;Data Engineer;Johannesburg;Trabajo.org;Full-time;FALSE;January;FALSE
1783395;Data Engineer;Johannesburg;Trabajo.org;Full-time;FALSE;January;FALSE
288797;Data Scientist;Johannesburg;Trabajo.org;Full-time;FALSE;January;FALSE
895025;Software Engineer;Johannesburg;Trabajo.org;Full-time;FALSE;January;FALSE
110466;Software Engineer;Johannesburg;Trabajo.org;Full-time;FALSE;January;TRUE
1522206;Data Scientist;Johannesburg;Trabajo.org;Full-time;FALSE;January;FALSE
1680554;Data Engineer;Johannesburg;Trabajo.org;Full-time;FALSE;January;FALSE
1714710;Data Analyst;Johannesburg;Trabajo.org;Full-time;FALSE;January;FALSE
1734489;Software Engineer;Johannesburg;Trabajo.org;Full-time;FALSE;January;TRUE
1748447;Data Engineer;Johannesburg;Trabajo.org;Full-time;FALSE;January;FALSE
1823748;Data Scientist;Johannesburg;Trabajo.org;Full-time;FALSE;January;TRUE
727131;Data Engineer;Johannesburg;Trabajo.org;Full-time;FALSE;January;FALSE
214611;Business Analyst;Johannesburg;Trabajo.org;Full-time;FALSE;January;FALSE
1231344;Data Scientist;Johannesburg;Trabajo.org;Full-time;FALSE;January;FALSE
896681;Data Scientist;Johannesburg;Trabajo.org;Full-time;FALSE;January;FALSE
935767;Data Scientist;Johannesburg;Trabajo.org;Full-time;FALSE;January;FALSE
255;Data Engineer;Johannesburg;Trabajo.org;Full-time;FALSE;January;TRUE
138868;Data Scientist;Johannesburg;Trabajo.org;Full-time;FALSE;January;TRUE
406365;Data Scientist;Johannesburg;Trabajo.org;Full-time;FALSE;January;FALSE
544351;Senior Data Engineer;Johannesburg;Trabajo.org;Full-time;FALSE;January;TRUE
1106520;Data Analyst;Johannesburg;Trabajo.org;Full-time;FALSE;January;TRUE
1153652;Senior Data Analyst;Johannesburg;Trabajo.org;Full-time;FALSE;January;FALSE
858377;Software Engineer;Johannesburg;Trabajo.org;Full-time;FALSE;January;TRUE
1568166;Software Engineer;Johannesburg;Trabajo.org;Full-time;FALSE;January;TRUE
1009862;Senior Data Engineer;Johannesburg;Trabajo.org;Full-time;FALSE;January;TRUE
1024354;Senior Data Engineer;Johannesburg;Trabajo.org;Full-time;FALSE;January;FALSE
66196;Data Engineer;Johannesburg;Trabajo.org;Full-time;FALSE;January;FALSE
1286798;Senior Data Analyst;Johannesburg;Trabajo.org;Full-time;FALSE;January;TRUE
1390422;Data Engineer;Johannesburg;Trabajo.org;Full-time;FALSE;January;FALSE
1609870;Data Engineer;Johannesburg;Trabajo.org;Full-time;FALSE;January;FALSE
498554;Data Analyst;Johannesburg;Trabajo.org;Full-time;FALSE;January;TRUE
765585;Data Engineer;Johannesburg;Trabajo.org;Full-time;FALSE;January;FALSE
851474;Software Engineer;Johannesburg;Trabajo.org;Full-time;FALSE;January;TRUE
934748;Data Scientist;Johannesburg;Trabajo.org;Full-time;FALSE;January;FALSE
1142925;Data Engineer;Johannesburg;Trabajo.org;Full-time;FALSE;January;FALSE
63981;Data Scientist;Johannesburg;Trabajo.org;Full-time;FALSE;January;FALSE
82710;Business Analyst;Johannesburg;Trabajo.org;Full-time;FALSE;January;TRUE
178686;Data Engineer;Johannesburg;Trabajo.org;Full-time;FALSE;January;FALSE
1086215;Data Analyst;Johannesburg;Trabajo.org;Full-time;FALSE;January;FALSE
1215422;Software Engineer;Johannesburg;Trabajo.org;Full-time;FALSE;January;TRUE
45609;Senior Data Analyst;Johannesburg;Trabajo.org;Full-time;FALSE;January;TRUE
66285;Data Scientist;Johannesburg;Trabajo.org;Full-time;FALSE;January;FALSE
181494;Data Engineer;Johannesburg;Trabajo.org;Full-time;FALSE;January;FALSE
213066;Senior Data Scientist;Johannesburg;Trabajo.org;Full-time;FALSE;January;FALSE
1323024;Data Scientist;Johannesburg;Trabajo.org;Full-time;FALSE;January;TRUE
1353699;Data Analyst;Johannesburg;Trabajo.org;Full-time;FALSE;January;TRUE
1365042;Data Analyst;Johannesburg;Trabajo.org;Full-time;FALSE;January;TRUE
1576169;Data Analyst;Johannesburg;Trabajo.org;Full-time;FALSE;January;TRUE
1313249;Data Engineer;Johannesburg;Trabajo.org;Full-time;FALSE;January;FALSE
1313365;Data Engineer;Johannesburg;Trabajo.org;Full-time;FALSE;January;FALSE
1313795;Data Engineer;Johannesburg;Trabajo.org;Full-time;FALSE;January;FALSE
1313797;Data Engineer;Johannesburg;Trabajo.org;Full-time;FALSE;January;FALSE
1314926;Data Engineer;Johannesburg;Trabajo.org;Full-time;FALSE;January;TRUE
1316243;Business Analyst;Johannesburg;Trabajo.org;Full-time;FALSE;January;FALSE
1316480;Software Engineer;Johannesburg;Trabajo.org;Full-time;FALSE;January;TRUE
1316682;Cloud Engineer;Johannesburg;Trabajo.org;Full-time;FALSE;January;FALSE
1318015;Data Engineer;Johannesburg;Trabajo.org;Full-time;FALSE;January;FALSE
1318226;Data Scientist;Johannesburg;Trabajo.org;Full-time;FALSE;January;TRUE
1326501;Data Engineer;Johannesburg;Trabajo.org;Full-time;FALSE;January;FALSE
1327590;Senior Data Engineer;Johannesburg;Trabajo.org;Full-time;FALSE;January;FALSE
1580207;Data Scientist;Johannesburg;;Full-time;FALSE;May;FALSE
1580213;Data Scientist;Johannesburg;;Full-time;FALSE;May;FALSE
1580216;Data Analyst;Johannesburg;;Full-time;FALSE;May;TRUE
1580224;Data Scientist;Johannesburg;;Full-time;FALSE;May;FALSE
1580229;Data Analyst;Johannesburg;;Full-time;FALSE;May;TRUE
1580234;Machine Learning Engineer;Johannesburg;;Full-time;FALSE;May;FALSE
1580240;Data Scientist;Johannesburg;;Full-time;FALSE;May;FALSE
1580242;Business Analyst;Johannesburg;;Full-time;FALSE;May;TRUE
1580244;Data Scientist;Johannesburg;;Full-time;FALSE;May;FALSE
1580543;Data Scientist;Johannesburg;;Full-time;FALSE;May;TRUE
1576573;Senior Data Engineer;Johannesburg;;Full-time;FALSE;May;FALSE
1576806;Business Analyst;Johannesburg;;Full-time;FALSE;May;TRUE
1579546;Data Scientist;Johannesburg;;Full-time;FALSE;May;TRUE
1579549;Senior Data Engineer;Johannesburg;;Full-time;FALSE;May;TRUE
1579552;Data Analyst;Johannesburg;;Full-time;FALSE;May;TRUE
1579560;Machine Learning Engineer;Johannesburg;;Full-time;FALSE;May;FALSE
1579851;Senior Data Scientist;Johannesburg;;Full-time;FALSE;May;TRUE
1579852;Data Scientist;Johannesburg;;Full-time;FALSE;May;FALSE
1583588;Senior Data Engineer;Johannesburg;;Full-time;FALSE;May;FALSE
1583591;Data Scientist;Johannesburg;;Full-time;FALSE;May;FALSE
1583984;Data Scientist;Johannesburg;;Full-time;FALSE;May;FALSE
1584341;Machine Learning Engineer;Johannesburg;;Full-time;FALSE;May;FALSE
1584819;Senior Data Engineer;Johannesburg;;Full-time;FALSE;May;FALSE
1584820;Senior Data Scientist;Johannesburg;;Full-time;FALSE;May;TRUE
1585302;Senior Data Scientist;Johannesburg;;Full-time;FALSE;May;FALSE
1585501;Machine Learning Engineer;Johannesburg;;Full-time;FALSE;May;FALSE
1585507;Business Analyst;Johannesburg;;Full-time;FALSE;May;FALSE
1585863;Senior Data Scientist;Johannesburg;;Full-time;FALSE;May;TRUE
1586082;Data Scientist;Johannesburg;;Full-time;FALSE;May;FALSE
1586085;Senior Data Scientist;Johannesburg;;Full-time;FALSE;May;FALSE
1586389;Data Scientist;Johannesburg;;Full-time;FALSE;May;FALSE
1586390;Senior Data Engineer;Johannesburg;;Full-time;FALSE;May;FALSE
1546613;Data Scientist;Johannesburg;;Full-time;FALSE;May;TRUE
1547282;Senior Data Engineer;Johannesburg;;Full-time;FALSE;May;FALSE
1548154;Data Scientist;Johannesburg;;Full-time;FALSE;May;TRUE
1548955;Senior Data Engineer;Johannesburg;;Full-time;FALSE;May;TRUE
1548957;Data Scientist;Johannesburg;;Full-time;FALSE;May;TRUE
1549659;Business Analyst;Johannesburg;;Full-time;FALSE;May;FALSE
1551147;Machine Learning Engineer;Johannesburg;;Full-time;FALSE;May;FALSE
1551238;Data Scientist;Johannesburg;;Full-time;FALSE;May;FALSE
1551315;Data Scientist;Johannesburg;;Full-time;FALSE;May;FALSE
1551601;Machine Learning Engineer;Johannesburg;;Full-time;FALSE;May;FALSE
1552163;Machine Learning Engineer;Johannesburg;;Full-time;FALSE;May;TRUE
1552231;Data Scientist;Johannesburg;;Full-time;FALSE;May;TRUE
1552663;Data Analyst;Johannesburg;;Full-time;FALSE;May;FALSE
1552853;Machine Learning Engineer;Johannesburg;;Full-time;FALSE;May;FALSE
1553685;Business Analyst;Johannesburg;;Full-time;FALSE;May;FALSE
1555210;Senior Data Scientist;Johannesburg;;Full-time;FALSE;May;TRUE
1555218;Data Scientist;Johannesburg;;Full-time;FALSE;May;FALSE
1555293;Machine Learning Engineer;Johannesburg;;Full-time;FALSE;May;FALSE
1557059;Data Analyst;Johannesburg;;Full-time;FALSE;May;TRUE
1557436;Data Scientist;Johannesburg;;Full-time;FALSE;May;FALSE
1558284;Senior Data Scientist;Johannesburg;;Full-time;FALSE;May;FALSE
1561158;Machine Learning Engineer;Johannesburg;;Full-time;FALSE;May;TRUE
1561611;Machine Learning Engineer;Johannesburg;;Full-time;FALSE;May;FALSE
1565775;Senior Data Engineer;Johannesburg;;Full-time;FALSE;May;FALSE
1565995;Data Scientist;Johannesburg;;Full-time;FALSE;May;TRUE
1566965;Senior Data Engineer;Johannesburg;;Full-time;FALSE;May;FALSE
1567030;Data Analyst;Johannesburg;;Full-time;FALSE;May;FALSE
1567269;Machine Learning Engineer;Johannesburg;;Full-time;FALSE;May;FALSE
1567271;Senior Data Scientist;Johannesburg;;Full-time;FALSE;May;FALSE
1569706;Data Scientist;Johannesburg;;Full-time;FALSE;May;FALSE
1569707;Machine Learning Engineer;Johannesburg;;Full-time;FALSE;May;FALSE
1569709;Data Analyst;Johannesburg;;Full-time;FALSE;May;TRUE
1569710;Senior Data Analyst;Johannesburg;;Full-time;FALSE;May;TRUE
1569712;Machine Learning Engineer;Johannesburg;;Full-time;FALSE;May;FALSE
1569713;Machine Learning Engineer;Johannesburg;;Full-time;FALSE;May;FALSE
1569800;Data Analyst;Johannesburg;;Full-time;FALSE;May;TRUE
1569907;Machine Learning Engineer;Johannesburg;;Full-time;FALSE;May;TRUE
1570049;Business Analyst;Johannesburg;;Full-time;FALSE;May;FALSE
1570929;Senior Data Engineer;Johannesburg;;Full-time;FALSE;May;TRUE
1571686;Senior Data Engineer;Johannesburg;;Full-time;FALSE;May;TRUE
1571687;Machine Learning Engineer;Johannesburg;;Full-time;FALSE;May;FALSE
1573381;Senior Data Scientist;Johannesburg;;Full-time;FALSE;May;TRUE
1574549;Machine Learning Engineer;Johannesburg;;Full-time;FALSE;May;FALSE
1590943;Machine Learning Engineer;Johannesburg;;Full-time;FALSE;June;FALSE
1592672;Data Analyst;Johannesburg;;Full-time;FALSE;June;TRUE
1592775;Data Scientist;Johannesburg;;Full-time;FALSE;June;FALSE
1592876;Data Analyst;Johannesburg;;Full-time;FALSE;June;FALSE
1595188;Data Analyst;Johannesburg;;Full-time;FALSE;June;TRUE
1597205;Business Analyst;Johannesburg;;Full-time;FALSE;June;TRUE
1597549;Data Scientist;Johannesburg;;Full-time;FALSE;June;FALSE
1598080;Business Analyst;Johannesburg;;Full-time;FALSE;June;FALSE
1601911;Data Analyst;Johannesburg;;Full-time;FALSE;June;FALSE
1602931;Business Analyst;Johannesburg;;Full-time;FALSE;June;FALSE
1604111;Data Scientist;Johannesburg;;Full-time;FALSE;June;FALSE
1604123;Data Analyst;Johannesburg;;Full-time;FALSE;June;FALSE
1604125;Data Scientist;Johannesburg;;Full-time;FALSE;June;FALSE
1604171;Senior Data Engineer;Johannesburg;;Full-time;FALSE;June;FALSE
1604538;Senior Data Analyst;Johannesburg;;Full-time;FALSE;June;FALSE
1604540;Machine Learning Engineer;Johannesburg;;Full-time;FALSE;June;FALSE
1607681;Business Analyst;Johannesburg;;Full-time;FALSE;June;TRUE
1610177;Senior Data Engineer;Johannesburg;;Full-time;FALSE;June;FALSE
1610649;Business Analyst;Johannesburg;;Full-time;FALSE;June;TRUE
1611447;Data Scientist;Johannesburg;;Full-time;FALSE;June;TRUE
1612295;Machine Learning Engineer;Johannesburg;;Full-time;FALSE;June;FALSE
1613826;Machine Learning Engineer;Johannesburg;;Full-time;FALSE;June;FALSE
1423737;Senior Data Engineer;Johannesburg;;Full-time;FALSE;February;FALSE
1423788;Senior Data Scientist;Johannesburg;;Full-time;FALSE;February;TRUE
1424010;Data Scientist;Johannesburg;;Full-time;FALSE;February;TRUE
1424013;Senior Data Analyst;Johannesburg;;Full-time;FALSE;February;TRUE
1424014;Senior Data Scientist;Johannesburg;;Full-time;FALSE;February;TRUE
1425049;Data Scientist;Johannesburg;;Full-time;FALSE;February;FALSE
1353412;Data Scientist;Johannesburg;;Full-time;FALSE;February;FALSE
1353668;Data Scientist;Johannesburg;;Full-time;FALSE;February;TRUE
1353915;Senior Data Engineer;Johannesburg;;Full-time;FALSE;February;FALSE
1354359;Data Scientist;Johannesburg;;Full-time;FALSE;February;FALSE
1357009;Data Scientist;Johannesburg;;Full-time;FALSE;February;TRUE
1361599;Machine Learning Engineer;Johannesburg;;Full-time;FALSE;February;FALSE
1362091;Data Analyst;Johannesburg;;Full-time;FALSE;February;TRUE
1362952;Data Scientist;Johannesburg;;Full-time;FALSE;February;FALSE
1365256;Data Scientist;Johannesburg;;Full-time;FALSE;February;TRUE
1366870;Machine Learning Engineer;Johannesburg;;Full-time;FALSE;February;FALSE
1369144;Machine Learning Engineer;Johannesburg;;Full-time;FALSE;February;FALSE
1371669;Machine Learning Engineer;Johannesburg;;Full-time;FALSE;February;FALSE
1374337;Machine Learning Engineer;Johannesburg;;Full-time;FALSE;February;FALSE
1377224;Machine Learning Engineer;Johannesburg;;Full-time;FALSE;February;FALSE
1380531;Machine Learning Engineer;Johannesburg;;Full-time;FALSE;February;FALSE
1383364;Machine Learning Engineer;Johannesburg;;Full-time;FALSE;February;FALSE
1385995;Machine Learning Engineer;Johannesburg;;Full-time;FALSE;February;FALSE
1388518;Machine Learning Engineer;Johannesburg;;Full-time;FALSE;February;FALSE
1391318;Machine Learning Engineer;Johannesburg;;Full-time;FALSE;February;FALSE
1394173;Machine Learning Engineer;Johannesburg;;Full-time;FALSE;February;FALSE
1397547;Machine Learning Engineer;Johannesburg;;Full-time;FALSE;February;FALSE
1401509;Machine Learning Engineer;Johannesburg;;Full-time;FALSE;February;FALSE
1404769;Machine Learning Engineer;Johannesburg;;Full-time;FALSE;February;FALSE
1407563;Machine Learning Engineer;Johannesburg;;Full-time;FALSE;February;FALSE
1410226;Machine Learning Engineer;Johannesburg;;Full-time;FALSE;February;FALSE
1413215;Machine Learning Engineer;Johannesburg;;Full-time;FALSE;February;FALSE
1416453;Machine Learning Engineer;Johannesburg;;Full-time;FALSE;February;FALSE
1439381;Business Analyst;Johannesburg;;Full-time;FALSE;March;FALSE
1442225;Machine Learning Engineer;Johannesburg;;Full-time;FALSE;March;FALSE
1442226;Machine Learning Engineer;Johannesburg;;Full-time;FALSE;March;FALSE
1444995;Data Analyst;Johannesburg;;Full-time;FALSE;March;FALSE
1445410;Machine Learning Engineer;Johannesburg;;Full-time;FALSE;March;FALSE
1445524;Data Scientist;Johannesburg;;Full-time;FALSE;March;FALSE
1445527;Business Analyst;Johannesburg;;Full-time;FALSE;March;FALSE
1445535;Business Analyst;Johannesburg;;Full-time;FALSE;March;FALSE
1445536;Senior Data Engineer;Johannesburg;;Full-time;FALSE;March;TRUE
1446601;Senior Data Engineer;Johannesburg;;Full-time;FALSE;March;TRUE
1448835;Senior Data Engineer;Johannesburg;;Full-time;FALSE;March;TRUE
1449883;Business Analyst;Johannesburg;;Full-time;FALSE;March;TRUE
1451266;Senior Data Engineer;Johannesburg;;Full-time;FALSE;March;TRUE
1452364;Business Analyst;Johannesburg;;Full-time;FALSE;March;TRUE
1282830;Senior Data Scientist;Johannesburg;;Full-time;FALSE;January;TRUE
1282834;Business Analyst;Johannesburg;;Full-time;FALSE;January;TRUE
1283869;Data Analyst;Johannesburg;;Full-time;FALSE;January;FALSE
1284663;Business Analyst;Johannesburg;;Full-time;FALSE;January;TRUE
1287581;Senior Data Engineer;Johannesburg;;Full-time;FALSE;January;TRUE
1307703;Senior Data Engineer;Johannesburg;;Full-time;FALSE;January;FALSE
1307706;Senior Data Engineer;Johannesburg;;Full-time;FALSE;January;TRUE
1314070;Data Analyst;Johannesburg;;Full-time;FALSE;January;TRUE
1315569;Data Scientist;Johannesburg;;Full-time;FALSE;January;FALSE
1316680;Data Analyst;Johannesburg;;Full-time;FALSE;January;FALSE
1317308;Data Scientist;Johannesburg;;Full-time;FALSE;January;FALSE
1318223;Senior Data Scientist;Johannesburg;;Full-time;FALSE;January;FALSE
1323464;Data Scientist;Johannesburg;;Full-time;FALSE;January;TRUE
1323700;Data Scientist;Johannesburg;;Full-time;FALSE;January;TRUE
1326500;Machine Learning Engineer;Johannesburg;;Full-time;FALSE;January;FALSE
1331046;Machine Learning Engineer;Johannesburg;;Full-time;FALSE;January;FALSE
1334175;Data Scientist;Johannesburg;;Full-time;FALSE;January;FALSE
1336123;Data Analyst;Johannesburg;;Full-time;FALSE;January;FALSE
1339012;Data Scientist;Johannesburg;;Full-time;FALSE;January;FALSE
1339013;Data Scientist;Johannesburg;;Full-time;FALSE;January;FALSE
1339733;Machine Learning Engineer;Johannesburg;;Full-time;FALSE;January;FALSE
1495972;Data Scientist;Johannesburg;;Full-time;FALSE;March;FALSE
1496558;Data Scientist;Johannesburg;;Full-time;FALSE;March;FALSE
1525605;Business Analyst;Johannesburg;;Full-time;FALSE;April;TRUE
1525994;Business Analyst;Johannesburg;;Full-time;FALSE;April;TRUE
1526100;Data Scientist;Johannesburg;;Full-time;FALSE;April;FALSE
1526101;Data Scientist;Johannesburg;;Full-time;FALSE;April;TRUE
1526220;Senior Data Scientist;Johannesburg;;Full-time;FALSE;April;FALSE
1526429;Senior Data Engineer;Johannesburg;;Full-time;FALSE;April;FALSE
1526479;Senior Data Engineer;Johannesburg;;Full-time;FALSE;April;TRUE
1453843;Senior Data Engineer;Johannesburg;;Full-time;FALSE;March;TRUE
1455017;Business Analyst;Johannesburg;;Full-time;FALSE;March;TRUE
1456689;Senior Data Engineer;Johannesburg;;Full-time;FALSE;March;TRUE
1458021;Business Analyst;Johannesburg;;Full-time;FALSE;March;TRUE
1459475;Senior Data Engineer;Johannesburg;;Full-time;FALSE;March;TRUE
1460489;Business Analyst;Johannesburg;;Full-time;FALSE;March;TRUE
1461734;Senior Data Engineer;Johannesburg;;Full-time;FALSE;March;TRUE
1463832;Senior Data Engineer;Johannesburg;;Full-time;FALSE;March;TRUE
1465931;Senior Data Engineer;Johannesburg;;Full-time;FALSE;March;TRUE
1468161;Senior Data Engineer;Johannesburg;;Full-time;FALSE;March;TRUE
1469170;Business Analyst;Johannesburg;;Full-time;FALSE;March;TRUE
1470568;Senior Data Engineer;Johannesburg;;Full-time;FALSE;March;TRUE
1471700;Business Analyst;Johannesburg;;Full-time;FALSE;March;TRUE
1473228;Senior Data Engineer;Johannesburg;;Full-time;FALSE;March;TRUE
1474433;Business Analyst;Johannesburg;;Full-time;FALSE;March;TRUE
1475790;Senior Data Engineer;Johannesburg;;Full-time;FALSE;March;TRUE
1477884;Senior Data Engineer;Johannesburg;;Full-time;FALSE;March;TRUE
1486706;Data Analyst;Johannesburg;;Full-time;FALSE;March;TRUE
1487060;Data Scientist;Johannesburg;;Full-time;FALSE;March;TRUE
1487707;Senior Data Engineer;Johannesburg;;Full-time;FALSE;March;TRUE
1487929;Data Analyst;Johannesburg;;Full-time;FALSE;March;TRUE
1488992;Data Analyst;Johannesburg;;Full-time;FALSE;March;FALSE
1490969;Machine Learning Engineer;Johannesburg;;Full-time;FALSE;March;TRUE
1491553;Data Scientist;Johannesburg;;Full-time;FALSE;March;FALSE
1492971;Senior Data Analyst;Johannesburg;;Full-time;FALSE;March;TRUE
1492972;Data Scientist;Johannesburg;;Full-time;FALSE;March;FALSE
1493765;Data Scientist;Johannesburg;;Full-time;FALSE;March;FALSE
1493766;Data Analyst;Johannesburg;;Full-time;FALSE;March;TRUE
1493767;Data Scientist;Johannesburg;;Full-time;FALSE;March;FALSE
1494526;Data Scientist;Johannesburg;;Full-time;FALSE;March;FALSE
1495410;Data Analyst;Johannesburg;;Full-time;FALSE;March;FALSE
1499416;Data Analyst;Johannesburg;;Full-time;FALSE;March;TRUE
1503341;Senior Data Engineer;Johannesburg;;Full-time;FALSE;April;FALSE
1508600;Business Analyst;Johannesburg;;Full-time;FALSE;April;FALSE
1514535;Data Analyst;Johannesburg;;Full-time;FALSE;April;TRUE
1514645;Senior Data Analyst;Johannesburg;;Full-time;FALSE;April;TRUE
1514898;Senior Data Scientist;Johannesburg;;Full-time;FALSE;April;FALSE
1518509;Senior Data Scientist;Johannesburg;;Full-time;FALSE;April;FALSE
1518909;Data Scientist;Johannesburg;;Full-time;FALSE;April;FALSE
1520058;Senior Data Engineer;Johannesburg;;Full-time;FALSE;April;TRUE
1520298;Machine Learning Engineer;Johannesburg;;Full-time;FALSE;April;FALSE
1521371;Senior Data Engineer;Johannesburg;;Full-time;FALSE;April;FALSE
1521372;Senior Data Scientist;Johannesburg;;Full-time;FALSE;April;FALSE
1521654;Senior Data Analyst;Johannesburg;;Full-time;FALSE;April;FALSE
1522442;Data Analyst;Johannesburg;;Full-time;FALSE;April;TRUE
1522444;Machine Learning Engineer;Johannesburg;;Full-time;FALSE;April;FALSE
1522677;Business Analyst;Johannesburg;;Full-time;FALSE;April;TRUE
1522679;Business Analyst;Johannesburg;;Full-time;FALSE;April;FALSE
1522682;Business Analyst;Johannesburg;;Full-time;FALSE;April;FALSE
1522778;Business Analyst;Johannesburg;;Full-time;FALSE;April;FALSE
1522884;Machine Learning Engineer;Johannesburg;;Full-time;FALSE;April;TRUE
1523028;Data Scientist;Johannesburg;;Full-time;FALSE;April;TRUE
1523199;Machine Learning Engineer;Johannesburg;;Full-time;FALSE;April;TRUE
1523855;Data Analyst;Johannesburg;;Full-time;FALSE;April;FALSE
1524031;Machine Learning Engineer;Johannesburg;;Full-time;FALSE;April;FALSE
1528817;Data Scientist;Johannesburg;;Full-time;FALSE;April;FALSE
1529156;Senior Data Scientist;Johannesburg;;Full-time;FALSE;April;TRUE
1529346;Senior Data Engineer;Johannesburg;;Full-time;FALSE;April;TRUE
1530177;Senior Data Scientist;Johannesburg;;Full-time;FALSE;April;TRUE
1530616;Machine Learning Engineer;Johannesburg;;Full-time;FALSE;April;FALSE
1530617;Business Analyst;Johannesburg;;Full-time;FALSE;April;FALSE
1531272;Business Analyst;Johannesburg;;Full-time;FALSE;April;TRUE
1533007;Business Analyst;Johannesburg;;Full-time;FALSE;April;TRUE
1533655;Machine Learning Engineer;Johannesburg;;Full-time;FALSE;April;FALSE
1534339;Business Analyst;Johannesburg;;Full-time;FALSE;April;FALSE
1535138;Machine Learning Engineer;Johannesburg;;Full-time;FALSE;April;FALSE
1535284;Senior Data Scientist;Johannesburg;;Full-time;FALSE;April;TRUE
1535606;Data Scientist;Johannesburg;;Full-time;FALSE;April;FALSE
1535608;Data Scientist;Johannesburg;;Full-time;FALSE;April;TRUE
1535615;Machine Learning Engineer;Johannesburg;;Full-time;FALSE;April;FALSE
1536673;Data Scientist;Johannesburg;;Full-time;FALSE;April;TRUE
1537695;Data Scientist;Johannesburg;;Full-time;FALSE;April;TRUE
1538884;Data Scientist;Johannesburg;;Full-time;FALSE;April;TRUE
1539502;Senior Data Engineer;Johannesburg;;Full-time;FALSE;April;FALSE
1540212;Data Scientist;Johannesburg;;Full-time;FALSE;April;TRUE
1541201;Data Scientist;Johannesburg;;Full-time;FALSE;April;TRUE
1542123;Data Scientist;Johannesburg;;Full-time;FALSE;April;TRUE
1543082;Data Scientist;Johannesburg;;Full-time;FALSE;April;TRUE
1544165;Data Scientist;Johannesburg;;Full-time;FALSE;April;TRUE
1545277;Data Scientist;Johannesburg;;Full-time;FALSE;April;TRUE
1545881;Senior Data Engineer;Johannesburg;;Full-time;FALSE;April;FALSE
1580546;Cloud Engineer;Johannesburg;;Full-time;FALSE;May;TRUE
1579557;Cloud Engineer;Johannesburg;;Full-time;FALSE;May;TRUE
1584587;Cloud Engineer;Johannesburg;;Full-time;FALSE;May;FALSE
1584823;Cloud Engineer;Johannesburg;;Full-time;FALSE;May;TRUE
1586078;Cloud Engineer;Johannesburg;;Full-time;FALSE;May;FALSE
1586217;Cloud Engineer;Johannesburg;;Full-time;FALSE;May;FALSE
1588591;Cloud Engineer;Johannesburg;;Full-time;FALSE;June;TRUE
1588675;Cloud Engineer;Johannesburg;;Full-time;FALSE;June;TRUE
1597206;Cloud Engineer;Johannesburg;;Full-time;FALSE;June;TRUE
1598124;Cloud Engineer;Johannesburg;;Full-time;FALSE;June;TRUE
1604128;Cloud Engineer;Johannesburg;;Full-time;FALSE;June;FALSE
1611370;Cloud Engineer;Johannesburg;;Full-time;FALSE;June;FALSE
1423778;Cloud Engineer;Johannesburg;;Full-time;FALSE;February;TRUE
1351685;Cloud Engineer;Johannesburg;;Full-time;FALSE;February;FALSE
1352381;Cloud Engineer;Johannesburg;;Full-time;FALSE;February;FALSE
1356871;Cloud Engineer;Johannesburg;;Full-time;FALSE;February;TRUE
1366366;Cloud Engineer;Johannesburg;;Full-time;FALSE;February;FALSE
1366375;Cloud Engineer;Johannesburg;;Full-time;FALSE;February;TRUE
1368632;Cloud Engineer;Johannesburg;;Full-time;FALSE;February;FALSE
1368641;Cloud Engineer;Johannesburg;;Full-time;FALSE;February;TRUE
1371078;Cloud Engineer;Johannesburg;;Full-time;FALSE;February;FALSE
1371087;Cloud Engineer;Johannesburg;;Full-time;FALSE;February;TRUE
1373727;Cloud Engineer;Johannesburg;;Full-time;FALSE;February;FALSE
1373736;Cloud Engineer;Johannesburg;;Full-time;FALSE;February;TRUE
1376544;Cloud Engineer;Johannesburg;;Full-time;FALSE;February;FALSE
1376554;Cloud Engineer;Johannesburg;;Full-time;FALSE;February;TRUE
1379749;Cloud Engineer;Johannesburg;;Full-time;FALSE;February;FALSE
1379759;Cloud Engineer;Johannesburg;;Full-time;FALSE;February;TRUE
1382776;Cloud Engineer;Johannesburg;;Full-time;FALSE;February;FALSE
1382785;Cloud Engineer;Johannesburg;;Full-time;FALSE;February;TRUE
1385395;Cloud Engineer;Johannesburg;;Full-time;FALSE;February;FALSE
1385404;Cloud Engineer;Johannesburg;;Full-time;FALSE;February;TRUE
1387962;Cloud Engineer;Johannesburg;;Full-time;FALSE;February;FALSE
1387971;Cloud Engineer;Johannesburg;;Full-time;FALSE;February;TRUE
1390650;Cloud Engineer;Johannesburg;;Full-time;FALSE;February;FALSE
1390660;Cloud Engineer;Johannesburg;;Full-time;FALSE;February;TRUE
1393530;Cloud Engineer;Johannesburg;;Full-time;FALSE;February;FALSE
1393539;Cloud Engineer;Johannesburg;;Full-time;FALSE;February;TRUE
1396735;Cloud Engineer;Johannesburg;;Full-time;FALSE;February;FALSE
1396745;Cloud Engineer;Johannesburg;;Full-time;FALSE;February;TRUE
1400574;Cloud Engineer;Johannesburg;;Full-time;FALSE;February;FALSE
1400585;Cloud Engineer;Johannesburg;;Full-time;FALSE;February;TRUE
1404093;Cloud Engineer;Johannesburg;;Full-time;FALSE;February;FALSE
1404103;Cloud Engineer;Johannesburg;;Full-time;FALSE;February;TRUE
1406943;Cloud Engineer;Johannesburg;;Full-time;FALSE;February;FALSE
1406952;Cloud Engineer;Johannesburg;;Full-time;FALSE;February;TRUE
1409628;Cloud Engineer;Johannesburg;;Full-time;FALSE;February;FALSE
1409637;Cloud Engineer;Johannesburg;;Full-time;FALSE;February;TRUE
1412498;Cloud Engineer;Johannesburg;;Full-time;FALSE;February;FALSE
1412508;Cloud Engineer;Johannesburg;;Full-time;FALSE;February;TRUE
1415696;Cloud Engineer;Johannesburg;;Full-time;FALSE;February;FALSE
1415706;Cloud Engineer;Johannesburg;;Full-time;FALSE;February;TRUE
1446511;Cloud Engineer;Johannesburg;;Full-time;FALSE;March;TRUE
1448737;Cloud Engineer;Johannesburg;;Full-time;FALSE;March;TRUE
1451162;Cloud Engineer;Johannesburg;;Full-time;FALSE;March;TRUE
1299382;Cloud Engineer;Johannesburg;;Full-time;FALSE;January;TRUE
1525774;Cloud Engineer;Johannesburg;;Full-time;FALSE;April;TRUE
1525966;Cloud Engineer;Johannesburg;;Full-time;FALSE;April;TRUE
1525982;Cloud Engineer;Johannesburg;;Full-time;FALSE;April;TRUE
1525985;Cloud Engineer;Johannesburg;;Full-time;FALSE;April;TRUE
1525989;Cloud Engineer;Johannesburg;;Full-time;FALSE;April;TRUE
1525993;Cloud Engineer;Johannesburg;;Full-time;FALSE;April;TRUE
1453732;Cloud Engineer;Johannesburg;;Full-time;FALSE;March;TRUE
1456561;Cloud Engineer;Johannesburg;;Full-time;FALSE;March;TRUE
1459378;Cloud Engineer;Johannesburg;;Full-time;FALSE;March;TRUE
1461645;Cloud Engineer;Johannesburg;;Full-time;FALSE;March;TRUE
1463745;Cloud Engineer;Johannesburg;;Full-time;FALSE;March;TRUE
1465839;Cloud Engineer;Johannesburg;;Full-time;FALSE;March;TRUE
1468065;Cloud Engineer;Johannesburg;;Full-time;FALSE;March;TRUE
1470460;Cloud Engineer;Johannesburg;;Full-time;FALSE;March;TRUE
1473111;Cloud Engineer;Johannesburg;;Full-time;FALSE;March;TRUE
1475699;Cloud Engineer;Johannesburg;;Full-time;FALSE;March;TRUE
1477805;Cloud Engineer;Johannesburg;;Full-time;FALSE;March;TRUE
1479303;Cloud Engineer;Johannesburg;;Full-time;FALSE;March;TRUE
1480965;Cloud Engineer;Johannesburg;;Full-time;FALSE;March;TRUE
1480971;Cloud Engineer;Johannesburg;;Full-time;FALSE;March;TRUE
1487062;Cloud Engineer;Johannesburg;;Full-time;FALSE;March;FALSE
1487064;Cloud Engineer;Johannesburg;;Full-time;FALSE;March;TRUE
1487932;Cloud Engineer;Johannesburg;;Full-time;FALSE;March;TRUE
1490968;Cloud Engineer;Johannesburg;;Full-time;FALSE;March;FALSE
1495561;Cloud Engineer;Johannesburg;;Full-time;FALSE;March;TRUE
1503779;Cloud Engineer;Johannesburg;;Full-time;FALSE;April;TRUE
1514925;Cloud Engineer;Johannesburg;;Full-time;FALSE;April;FALSE
1518980;Cloud Engineer;Johannesburg;;Full-time;FALSE;April;TRUE
1522675;Cloud Engineer;Johannesburg;;Full-time;FALSE;April;FALSE
1522676;Cloud Engineer;Johannesburg;;Full-time;FALSE;April;FALSE
1522681;Cloud Engineer;Johannesburg;;Full-time;FALSE;April;FALSE
1522683;Cloud Engineer;Johannesburg;;Full-time;FALSE;April;FALSE
1528900;Cloud Engineer;Johannesburg;;Full-time;FALSE;April;TRUE
1530129;Cloud Engineer;Johannesburg;;Full-time;FALSE;April;TRUE
1530179;Cloud Engineer;Johannesburg;;Full-time;FALSE;April;TRUE
1530618;Cloud Engineer;Johannesburg;;Full-time;FALSE;April;FALSE
1532729;Cloud Engineer;Johannesburg;;Full-time;FALSE;April;FALSE
1535140;Cloud Engineer;Johannesburg;;Full-time;FALSE;April;TRUE
1535286;Cloud Engineer;Johannesburg;;Full-time;FALSE;April;TRUE
1535546;Cloud Engineer;Johannesburg;;Full-time;FALSE;April;FALSE
1535616;Cloud Engineer;Johannesburg;;Full-time;FALSE;April;FALSE
1549505;Cloud Engineer;Johannesburg;;Full-time;FALSE;May;TRUE
1549658;Cloud Engineer;Johannesburg;;Full-time;FALSE;May;FALSE
1550813;Cloud Engineer;Johannesburg;;Full-time;FALSE;May;FALSE
1551241;Cloud Engineer;Johannesburg;;Full-time;FALSE;May;FALSE
1551503;Cloud Engineer;Johannesburg;;Full-time;FALSE;May;TRUE
1553192;Cloud Engineer;Johannesburg;;Full-time;FALSE;May;FALSE
1554039;Cloud Engineer;Johannesburg;;Full-time;FALSE;May;FALSE
1554576;Cloud Engineer;Johannesburg;;Full-time;FALSE;May;TRUE
1555120;Cloud Engineer;Johannesburg;;Full-time;FALSE;May;TRUE
1557057;Cloud Engineer;Johannesburg;;Full-time;FALSE;May;FALSE
1560089;Cloud Engineer;Johannesburg;;Full-time;FALSE;May;TRUE
1565776;Cloud Engineer;Johannesburg;;Full-time;FALSE;May;TRUE
1566148;Cloud Engineer;Johannesburg;;Full-time;FALSE;May;TRUE
1567277;Cloud Engineer;Johannesburg;;Full-time;FALSE;May;TRUE
1569955;Cloud Engineer;Johannesburg;;Full-time;FALSE;May;TRUE
1581815;Software Engineer;Johannesburg;;Full-time;FALSE;May;FALSE
1576989;Software Engineer;Johannesburg;;Full-time;FALSE;May;TRUE
1579786;Software Engineer;Johannesburg;;Full-time;FALSE;May;TRUE
1582413;Software Engineer;Johannesburg;;Full-time;FALSE;May;FALSE
1583590;Software Engineer;Johannesburg;;Full-time;FALSE;May;TRUE
1584986;Software Engineer;Johannesburg;;Full-time;FALSE;May;TRUE
1585104;Software Engineer;Johannesburg;;Full-time;FALSE;May;TRUE
1585502;Software Engineer;Johannesburg;;Full-time;FALSE;May;FALSE
1594082;Software Engineer;Johannesburg;;Full-time;FALSE;June;TRUE
1594263;Software Engineer;Johannesburg;;Full-time;FALSE;June;TRUE
1599197;Software Engineer;Johannesburg;;Full-time;FALSE;June;TRUE
1599436;Software Engineer;Johannesburg;;Full-time;FALSE;June;FALSE
1604118;Software Engineer;Johannesburg;;Full-time;FALSE;June;FALSE
1604121;Software Engineer;Johannesburg;;Full-time;FALSE;June;TRUE
1604541;Software Engineer;Johannesburg;;Full-time;FALSE;June;TRUE
1604593;Software Engineer;Johannesburg;;Full-time;FALSE;June;TRUE
1605662;Software Engineer;Johannesburg;;Full-time;FALSE;June;TRUE
1606607;Software Engineer;Johannesburg;;Full-time;FALSE;June;FALSE
1613825;Software Engineer;Johannesburg;;Full-time;FALSE;June;TRUE
1423764;Software Engineer;Johannesburg;;Full-time;FALSE;February;TRUE
1342980;Software Engineer;Johannesburg;;Full-time;FALSE;January;TRUE
1353670;Software Engineer;Johannesburg;;Full-time;FALSE;February;TRUE
1355666;Software Engineer;Johannesburg;;Full-time;FALSE;February;FALSE
1356426;Software Engineer;Johannesburg;;Full-time;FALSE;February;FALSE
1358791;Software Engineer;Johannesburg;;Full-time;FALSE;February;FALSE
1360080;Software Engineer;Johannesburg;;Full-time;FALSE;February;TRUE
1367280;Software Engineer;Johannesburg;;Full-time;FALSE;February;TRUE
1369563;Software Engineer;Johannesburg;;Full-time;FALSE;February;TRUE
1372154;Software Engineer;Johannesburg;;Full-time;FALSE;February;TRUE
1374836;Software Engineer;Johannesburg;;Full-time;FALSE;February;TRUE
1377774;Software Engineer;Johannesburg;;Full-time;FALSE;February;TRUE
1381158;Software Engineer;Johannesburg;;Full-time;FALSE;February;TRUE
1383847;Software Engineer;Johannesburg;;Full-time;FALSE;February;TRUE
1386486;Software Engineer;Johannesburg;;Full-time;FALSE;February;TRUE
1388976;Software Engineer;Johannesburg;;Full-time;FALSE;February;TRUE
1391862;Software Engineer;Johannesburg;;Full-time;FALSE;February;TRUE
1394703;Software Engineer;Johannesburg;;Full-time;FALSE;February;TRUE
1398203;Software Engineer;Johannesburg;;Full-time;FALSE;February;TRUE
1401508;Software Engineer;Johannesburg;;Full-time;FALSE;February;FALSE
1402248;Software Engineer;Johannesburg;;Full-time;FALSE;February;TRUE
1405317;Software Engineer;Johannesburg;;Full-time;FALSE;February;TRUE
1408076;Software Engineer;Johannesburg;;Full-time;FALSE;February;TRUE
1410714;Software Engineer;Johannesburg;;Full-time;FALSE;February;TRUE
1413783;Software Engineer;Johannesburg;;Full-time;FALSE;February;TRUE
1418284;Software Engineer;Johannesburg;;Full-time;FALSE;February;TRUE
1446886;Software Engineer;Johannesburg;;Full-time;FALSE;March;TRUE
1449148;Software Engineer;Johannesburg;;Full-time;FALSE;March;TRUE
1451593;Software Engineer;Johannesburg;;Full-time;FALSE;March;TRUE
1287583;Software Engineer;Johannesburg;;Full-time;FALSE;January;TRUE
1330727;Software Engineer;Johannesburg;;Full-time;FALSE;January;FALSE
1495975;Software Engineer;Johannesburg;;Full-time;FALSE;March;TRUE
1525374;Software Engineer;Johannesburg;;Full-time;FALSE;April;FALSE
1525862;Software Engineer;Johannesburg;;Full-time;FALSE;April;FALSE
1525863;Software Engineer;Johannesburg;;Full-time;FALSE;April;FALSE
1525973;Software Engineer;Johannesburg;;Full-time;FALSE;April;FALSE
1525984;Software Engineer;Johannesburg;;Full-time;FALSE;April;FALSE
1525986;Software Engineer;Johannesburg;;Full-time;FALSE;April;TRUE
1525987;Software Engineer;Johannesburg;;Full-time;FALSE;April;TRUE
1525996;Software Engineer;Johannesburg;;Full-time;FALSE;April;TRUE
1525997;Software Engineer;Johannesburg;;Full-time;FALSE;April;TRUE
1526430;Software Engineer;Johannesburg;;Full-time;FALSE;April;TRUE
1526477;Software Engineer;Johannesburg;;Full-time;FALSE;April;TRUE
1454184;Software Engineer;Johannesburg;;Full-time;FALSE;March;TRUE
1457074;Software Engineer;Johannesburg;;Full-time;FALSE;March;TRUE
1458036;Software Engineer;Johannesburg;;Full-time;FALSE;March;TRUE
1459778;Software Engineer;Johannesburg;;Full-time;FALSE;March;TRUE
1462014;Software Engineer;Johannesburg;;Full-time;FALSE;March;TRUE
1464100;Software Engineer;Johannesburg;;Full-time;FALSE;March;TRUE
1466220;Software Engineer;Johannesburg;;Full-time;FALSE;March;TRUE
1468462;Software Engineer;Johannesburg;;Full-time;FALSE;March;TRUE
1470903;Software Engineer;Johannesburg;;Full-time;FALSE;March;TRUE
1473574;Software Engineer;Johannesburg;;Full-time;FALSE;March;TRUE
1476078;Software Engineer;Johannesburg;;Full-time;FALSE;March;TRUE
1478135;Software Engineer;Johannesburg;;Full-time;FALSE;March;TRUE
1480807;Software Engineer;Johannesburg;;Full-time;FALSE;March;TRUE
1485881;Software Engineer;Johannesburg;;Full-time;FALSE;March;FALSE
1487065;Software Engineer;Johannesburg;;Full-time;FALSE;March;FALSE
1487264;Software Engineer;Johannesburg;;Full-time;FALSE;March;TRUE
1488333;Software Engineer;Johannesburg;;Full-time;FALSE;March;FALSE
1490967;Software Engineer;Johannesburg;;Full-time;FALSE;March;TRUE
1493868;Software Engineer;Johannesburg;;Full-time;FALSE;March;FALSE
1494209;Software Engineer;Johannesburg;;Full-time;FALSE;March;FALSE
1501513;Software Engineer;Johannesburg;;Full-time;FALSE;March;TRUE
1509560;Software Engineer;Johannesburg;;Full-time;FALSE;April;TRUE
1513694;Software Engineer;Johannesburg;;Full-time;FALSE;April;FALSE
1513696;Software Engineer;Johannesburg;;Full-time;FALSE;April;FALSE
1514928;Software Engineer;Johannesburg;;Full-time;FALSE;April;TRUE
1518514;Software Engineer;Johannesburg;;Full-time;FALSE;April;TRUE
1519069;Software Engineer;Johannesburg;;Full-time;FALSE;April;TRUE
1519154;Software Engineer;Johannesburg;;Full-time;FALSE;April;TRUE
1521503;Software Engineer;Johannesburg;;Full-time;FALSE;April;FALSE
1522443;Software Engineer;Johannesburg;;Full-time;FALSE;April;TRUE
1522674;Software Engineer;Johannesburg;;Full-time;FALSE;April;TRUE
1522886;Software Engineer;Johannesburg;;Full-time;FALSE;April;FALSE
1522887;Software Engineer;Johannesburg;;Full-time;FALSE;April;FALSE
1524115;Software Engineer;Johannesburg;;Full-time;FALSE;April;TRUE
1524314;Software Engineer;Johannesburg;;Full-time;FALSE;April;TRUE
1526905;Software Engineer;Johannesburg;;Full-time;FALSE;April;FALSE
1527234;Software Engineer;Johannesburg;;Full-time;FALSE;April;TRUE
1528819;Software Engineer;Johannesburg;;Full-time;FALSE;April;TRUE
1529921;Software Engineer;Johannesburg;;Full-time;FALSE;April;TRUE
1530175;Software Engineer;Johannesburg;;Full-time;FALSE;April;TRUE
1531457;Software Engineer;Johannesburg;;Full-time;FALSE;April;FALSE
1531579;Software Engineer;Johannesburg;;Full-time;FALSE;April;FALSE
1532370;Software Engineer;Johannesburg;;Full-time;FALSE;April;TRUE
1532462;Software Engineer;Johannesburg;;Full-time;FALSE;April;TRUE
1533004;Software Engineer;Johannesburg;;Full-time;FALSE;April;TRUE
1533772;Software Engineer;Johannesburg;;Full-time;FALSE;April;FALSE
1533885;Software Engineer;Johannesburg;;Full-time;FALSE;April;TRUE
1534012;Software Engineer;Johannesburg;;Full-time;FALSE;April;TRUE
1535288;Software Engineer;Johannesburg;;Full-time;FALSE;April;FALSE
1548792;Software Engineer;Johannesburg;;Full-time;FALSE;May;FALSE
1549655;Software Engineer;Johannesburg;;Full-time;FALSE;May;TRUE
1551242;Software Engineer;Johannesburg;;Full-time;FALSE;May;FALSE
1551243;Software Engineer;Johannesburg;;Full-time;FALSE;May;FALSE
1551502;Software Engineer;Johannesburg;;Full-time;FALSE;May;FALSE
1551603;Software Engineer;Johannesburg;;Full-time;FALSE;May;TRUE
1552409;Software Engineer;Johannesburg;;Full-time;FALSE;May;TRUE
1552857;Software Engineer;Johannesburg;;Full-time;FALSE;May;FALSE
1553683;Software Engineer;Johannesburg;;Full-time;FALSE;May;TRUE
1554035;Software Engineer;Johannesburg;;Full-time;FALSE;May;TRUE
1555121;Software Engineer;Johannesburg;;Full-time;FALSE;May;FALSE
1555123;Software Engineer;Johannesburg;;Full-time;FALSE;May;TRUE
1555124;Software Engineer;Johannesburg;;Full-time;FALSE;May;TRUE
1555208;Software Engineer;Johannesburg;;Full-time;FALSE;May;TRUE
1555215;Software Engineer;Johannesburg;;Full-time;FALSE;May;FALSE
1555742;Software Engineer;Johannesburg;;Full-time;FALSE;May;FALSE
1559020;Software Engineer;Johannesburg;;Full-time;FALSE;May;FALSE
1565849;Software Engineer;Johannesburg;;Full-time;FALSE;May;FALSE
1567138;Software Engineer;Johannesburg;;Full-time;FALSE;May;TRUE
1567273;Software Engineer;Johannesburg;;Full-time;FALSE;May;TRUE
1569801;Software Engineer;Johannesburg;;Full-time;FALSE;May;TRUE
1569911;Software Engineer;Johannesburg;;Full-time;FALSE;May;TRUE
1569912;Software Engineer;Johannesburg;;Full-time;FALSE;May;TRUE
1571613;Software Engineer;Johannesburg;;Full-time;FALSE;May;TRUE
1572065;Software Engineer;Johannesburg;;Full-time;FALSE;May;FALSE
1574818;Software Engineer;Johannesburg;;Full-time;FALSE;May;TRUE
1574933;Software Engineer;Johannesburg;;Full-time;FALSE;May;TRUE
1575377;Software Engineer;Johannesburg;;Full-time;FALSE;May;FALSE
1575378;Software Engineer;Johannesburg;;Full-time;FALSE;May;TRUE
1580206;Data Engineer;Johannesburg;;Full-time;FALSE;May;FALSE
1580208;Data Engineer;Johannesburg;;Full-time;FALSE;May;FALSE
1580209;Data Engineer;Johannesburg;;Full-time;FALSE;May;FALSE
1580212;Data Engineer;Johannesburg;;Full-time;FALSE;May;FALSE
1580241;Data Engineer;Johannesburg;;Full-time;FALSE;May;TRUE
1580528;Data Engineer;Johannesburg;;Full-time;FALSE;May;TRUE
1580530;Data Engineer;Johannesburg;;Full-time;FALSE;May;FALSE
1580531;Data Engineer;Johannesburg;;Full-time;FALSE;May;TRUE
1580533;Data Engineer;Johannesburg;;Full-time;FALSE;May;FALSE
1580549;Data Engineer;Johannesburg;;Full-time;FALSE;May;TRUE
1580550;Data Engineer;Johannesburg;;Full-time;FALSE;May;FALSE
1581448;Data Engineer;Johannesburg;;Full-time;FALSE;May;FALSE
1581449;Data Engineer;Johannesburg;;Full-time;FALSE;May;TRUE
1579783;Data Engineer;Johannesburg;;Full-time;FALSE;May;FALSE
1582162;Data Engineer;Johannesburg;;Full-time;FALSE;May;FALSE
1583752;Data Engineer;Johannesburg;;Full-time;FALSE;May;FALSE
1584340;Data Engineer;Johannesburg;;Full-time;FALSE;May;FALSE
1584584;Data Engineer;Johannesburg;;Full-time;FALSE;May;FALSE
1584586;Data Engineer;Johannesburg;;Full-time;FALSE;May;FALSE
1584984;Data Engineer;Johannesburg;;Full-time;FALSE;May;TRUE
1584985;Data Engineer;Johannesburg;;Full-time;FALSE;May;TRUE
1585303;Data Engineer;Johannesburg;;Full-time;FALSE;May;FALSE
1585497;Data Engineer;Johannesburg;;Full-time;FALSE;May;FALSE
1588534;Data Engineer;Johannesburg;;Full-time;FALSE;June;FALSE
1588536;Data Engineer;Johannesburg;;Full-time;FALSE;June;TRUE
1594188;Data Engineer;Johannesburg;;Full-time;FALSE;June;FALSE
1594189;Data Engineer;Johannesburg;;Full-time;FALSE;June;FALSE
1597189;Data Engineer;Johannesburg;;Full-time;FALSE;June;FALSE
1597197;Data Engineer;Johannesburg;;Full-time;FALSE;June;FALSE
1600862;Data Engineer;Johannesburg;;Full-time;FALSE;June;TRUE
1603241;Data Engineer;Johannesburg;;Full-time;FALSE;June;FALSE
1603390;Data Engineer;Johannesburg;;Full-time;FALSE;June;FALSE
1603392;Data Engineer;Johannesburg;;Full-time;FALSE;June;TRUE
1603393;Data Engineer;Johannesburg;;Full-time;FALSE;June;FALSE
1604113;Data Engineer;Johannesburg;;Full-time;FALSE;June;FALSE
1604114;Data Engineer;Johannesburg;;Full-time;FALSE;June;TRUE
1613008;Data Engineer;Johannesburg;;Full-time;FALSE;June;FALSE
1615778;Data Engineer;Johannesburg;;Full-time;FALSE;June;FALSE
1619721;Data Engineer;Johannesburg;;Full-time;FALSE;June;FALSE
1423741;Data Engineer;Johannesburg;;Full-time;FALSE;February;TRUE
1423742;Data Engineer;Johannesburg;;Full-time;FALSE;February;FALSE
1423743;Data Engineer;Johannesburg;;Full-time;FALSE;February;TRUE
1423745;Data Engineer;Johannesburg;;Full-time;FALSE;February;TRUE
1423747;Data Engineer;Johannesburg;;Full-time;FALSE;February;TRUE
1423750;Data Engineer;Johannesburg;;Full-time;FALSE;February;TRUE
1423755;Data Engineer;Johannesburg;;Full-time;FALSE;February;TRUE
1423756;Data Engineer;Johannesburg;;Full-time;FALSE;February;TRUE
1423987;Data Engineer;Johannesburg;;Full-time;FALSE;February;FALSE
1423990;Data Engineer;Johannesburg;;Full-time;FALSE;February;FALSE
1424001;Data Engineer;Johannesburg;;Full-time;FALSE;February;TRUE
1343979;Data Engineer;Johannesburg;;Full-time;FALSE;February;FALSE
1351684;Data Engineer;Johannesburg;;Full-time;FALSE;February;FALSE
1353667;Data Engineer;Johannesburg;;Full-time;FALSE;February;TRUE
1353917;Data Engineer;Johannesburg;;Full-time;FALSE;February;FALSE
1353918;Data Engineer;Johannesburg;;Full-time;FALSE;February;TRUE
1356422;Data Engineer;Johannesburg;;Full-time;FALSE;February;TRUE
1361191;Data Engineer;Johannesburg;;Full-time;FALSE;February;FALSE
1366835;Data Engineer;Johannesburg;;Full-time;FALSE;February;TRUE
1366883;Data Engineer;Johannesburg;;Full-time;FALSE;February;TRUE
1369109;Data Engineer;Johannesburg;;Full-time;FALSE;February;TRUE
1369157;Data Engineer;Johannesburg;;Full-time;FALSE;February;TRUE
1371626;Data Engineer;Johannesburg;;Full-time;FALSE;February;TRUE
1371685;Data Engineer;Johannesburg;;Full-time;FALSE;February;TRUE
1374293;Data Engineer;Johannesburg;;Full-time;FALSE;February;TRUE
1374353;Data Engineer;Johannesburg;;Full-time;FALSE;February;TRUE
1377180;Data Engineer;Johannesburg;;Full-time;FALSE;February;TRUE
1377241;Data Engineer;Johannesburg;;Full-time;FALSE;February;TRUE
1380478;Data Engineer;Johannesburg;;Full-time;FALSE;February;TRUE
1380550;Data Engineer;Johannesburg;;Full-time;FALSE;February;TRUE
1383321;Data Engineer;Johannesburg;;Full-time;FALSE;February;TRUE
1383380;Data Engineer;Johannesburg;;Full-time;FALSE;February;TRUE
1385952;Data Engineer;Johannesburg;;Full-time;FALSE;February;TRUE
1386011;Data Engineer;Johannesburg;;Full-time;FALSE;February;TRUE
1388479;Data Engineer;Johannesburg;;Full-time;FALSE;February;TRUE
1388533;Data Engineer;Johannesburg;;Full-time;FALSE;February;TRUE
1391274;Data Engineer;Johannesburg;;Full-time;FALSE;February;TRUE
1391335;Data Engineer;Johannesburg;;Full-time;FALSE;February;TRUE
1394129;Data Engineer;Johannesburg;;Full-time;FALSE;February;TRUE
1394189;Data Engineer;Johannesburg;;Full-time;FALSE;February;TRUE
1397494;Data Engineer;Johannesburg;;Full-time;FALSE;February;TRUE
1397566;Data Engineer;Johannesburg;;Full-time;FALSE;February;TRUE
1401440;Data Engineer;Johannesburg;;Full-time;FALSE;February;TRUE
1401531;Data Engineer;Johannesburg;;Full-time;FALSE;February;TRUE
1404725;Data Engineer;Johannesburg;;Full-time;FALSE;February;TRUE
1404786;Data Engineer;Johannesburg;;Full-time;FALSE;February;TRUE
1407519;Data Engineer;Johannesburg;;Full-time;FALSE;February;TRUE
1407579;Data Engineer;Johannesburg;;Full-time;FALSE;February;TRUE
1410183;Data Engineer;Johannesburg;;Full-time;FALSE;February;TRUE
1410242;Data Engineer;Johannesburg;;Full-time;FALSE;February;TRUE
1413170;Data Engineer;Johannesburg;;Full-time;FALSE;February;TRUE
1413232;Data Engineer;Johannesburg;;Full-time;FALSE;February;TRUE
1416403;Data Engineer;Johannesburg;;Full-time;FALSE;February;TRUE
1416472;Data Engineer;Johannesburg;;Full-time;FALSE;February;TRUE
1420442;Data Engineer;Johannesburg;;Full-time;FALSE;February;FALSE
1422612;Data Engineer;Johannesburg;;Full-time;FALSE;February;FALSE
1432671;Data Engineer;Johannesburg;;Full-time;FALSE;March;FALSE
1445518;Data Engineer;Johannesburg;;Full-time;FALSE;March;FALSE
1445711;Data Engineer;Johannesburg;;Full-time;FALSE;March;FALSE
1445895;Data Engineer;Johannesburg;;Full-time;FALSE;March;TRUE
1446980;Data Engineer;Johannesburg;;Full-time;FALSE;March;FALSE
1448046;Data Engineer;Johannesburg;;Full-time;FALSE;March;TRUE
1449251;Data Engineer;Johannesburg;;Full-time;FALSE;March;FALSE
1450449;Data Engineer;Johannesburg;;Full-time;FALSE;March;TRUE
1451701;Data Engineer;Johannesburg;;Full-time;FALSE;March;FALSE
1280031;Data Engineer;Johannesburg;;Full-time;FALSE;January;TRUE
1280607;Data Engineer;Johannesburg;;Full-time;FALSE;January;TRUE
1281278;Data Engineer;Johannesburg;;Full-time;FALSE;January;FALSE
1281279;Data Engineer;Johannesburg;;Full-time;FALSE;January;TRUE
1282829;Data Engineer;Johannesburg;;Full-time;FALSE;January;TRUE
1282833;Data Engineer;Johannesburg;;Full-time;FALSE;January;TRUE
1284659;Data Engineer;Johannesburg;;Full-time;FALSE;January;FALSE
1286639;Data Engineer;Johannesburg;;Full-time;FALSE;January;TRUE
1288399;Data Engineer;Johannesburg;;Full-time;FALSE;January;FALSE
1289591;Data Engineer;Johannesburg;;Full-time;FALSE;January;TRUE
1289592;Data Engineer;Johannesburg;;Full-time;FALSE;January;TRUE
1293656;Data Engineer;Johannesburg;;Full-time;FALSE;January;FALSE
1293657;Data Engineer;Johannesburg;;Full-time;FALSE;January;FALSE
1293658;Data Engineer;Johannesburg;;Full-time;FALSE;January;FALSE
1300779;Data Engineer;Johannesburg;;Full-time;FALSE;January;TRUE
1300780;Data Engineer;Johannesburg;;Full-time;FALSE;January;TRUE
1303577;Data Engineer;Johannesburg;;Full-time;FALSE;January;FALSE
1307702;Data Engineer;Johannesburg;;Full-time;FALSE;January;TRUE
1309954;Data Engineer;Johannesburg;;Full-time;FALSE;January;FALSE
1314806;Data Engineer;Johannesburg;;Full-time;FALSE;January;FALSE
1318345;Data Engineer;Johannesburg;;Full-time;FALSE;January;FALSE
1322317;Data Engineer;Johannesburg;;Full-time;FALSE;January;TRUE
1335755;Data Engineer;Johannesburg;;Full-time;FALSE;January;FALSE
1495971;Data Engineer;Johannesburg;;Full-time;FALSE;March;FALSE
1496169;Data Engineer;Johannesburg;;Full-time;FALSE;March;TRUE
1497007;Data Engineer;Johannesburg;;Full-time;FALSE;March;FALSE
1497008;Data Engineer;Johannesburg;;Full-time;FALSE;March;FALSE
1525976;Data Engineer;Johannesburg;;Full-time;FALSE;April;TRUE
1526094;Data Engineer;Johannesburg;;Full-time;FALSE;April;TRUE
1526095;Data Engineer;Johannesburg;;Full-time;FALSE;April;FALSE
1526347;Data Engineer;Johannesburg;;Full-time;FALSE;April;FALSE
1452968;Data Engineer;Johannesburg;;Full-time;FALSE;March;TRUE
1454299;Data Engineer;Johannesburg;;Full-time;FALSE;March;FALSE
1455666;Data Engineer;Johannesburg;;Full-time;FALSE;March;TRUE
1456327;Data Engineer;Johannesburg;;Full-time;FALSE;March;FALSE
1457206;Data Engineer;Johannesburg;;Full-time;FALSE;March;FALSE
1458720;Data Engineer;Johannesburg;;Full-time;FALSE;March;TRUE
1459879;Data Engineer;Johannesburg;;Full-time;FALSE;March;FALSE
1461031;Data Engineer;Johannesburg;;Full-time;FALSE;March;TRUE
1462108;Data Engineer;Johannesburg;;Full-time;FALSE;March;FALSE
1463155;Data Engineer;Johannesburg;;Full-time;FALSE;March;TRUE
1464190;Data Engineer;Johannesburg;;Full-time;FALSE;March;FALSE
1465211;Data Engineer;Johannesburg;;Full-time;FALSE;March;TRUE
1466314;Data Engineer;Johannesburg;;Full-time;FALSE;March;FALSE
1467410;Data Engineer;Johannesburg;;Full-time;FALSE;March;TRUE
1468562;Data Engineer;Johannesburg;;Full-time;FALSE;March;FALSE
1469720;Data Engineer;Johannesburg;;Full-time;FALSE;March;TRUE
1471011;Data Engineer;Johannesburg;;Full-time;FALSE;March;FALSE
1472320;Data Engineer;Johannesburg;;Full-time;FALSE;March;TRUE
1472908;Data Engineer;Johannesburg;;Full-time;FALSE;March;FALSE
1473696;Data Engineer;Johannesburg;;Full-time;FALSE;March;FALSE
1475074;Data Engineer;Johannesburg;;Full-time;FALSE;March;TRUE
1476172;Data Engineer;Johannesburg;;Full-time;FALSE;March;FALSE
1477247;Data Engineer;Johannesburg;;Full-time;FALSE;March;TRUE
1478217;Data Engineer;Johannesburg;;Full-time;FALSE;March;FALSE
1479176;Data Engineer;Johannesburg;;Full-time;FALSE;March;TRUE
1479196;Data Engineer;Johannesburg;;Full-time;FALSE;March;FALSE
1480122;Data Engineer;Johannesburg;;Full-time;FALSE;March;FALSE
1481171;Data Engineer;Johannesburg;;Full-time;FALSE;March;FALSE
1487925;Data Engineer;Johannesburg;;Full-time;FALSE;March;TRUE
1488886;Data Engineer;Johannesburg;;Full-time;FALSE;March;FALSE
1495254;Data Engineer;Johannesburg;;Full-time;FALSE;March;FALSE
1505285;Data Engineer;Johannesburg;;Full-time;FALSE;April;FALSE
1510685;Data Engineer;Johannesburg;;Full-time;FALSE;April;TRUE
1514980;Data Engineer;Johannesburg;;Full-time;FALSE;April;FALSE
1515023;Data Engineer;Johannesburg;;Full-time;FALSE;April;FALSE
1515026;Data Engineer;Johannesburg;;Full-time;FALSE;April;TRUE
1517205;Data Engineer;Johannesburg;;Full-time;FALSE;April;FALSE
1518979;Data Engineer;Johannesburg;;Full-time;FALSE;April;FALSE
1520361;Data Engineer;Johannesburg;;Full-time;FALSE;April;TRUE
1521926;Data Engineer;Johannesburg;;Full-time;FALSE;April;TRUE
1522274;Data Engineer;Johannesburg;;Full-time;FALSE;April;TRUE
1522275;Data Engineer;Johannesburg;;Full-time;FALSE;April;FALSE
1524029;Data Engineer;Johannesburg;;Full-time;FALSE;April;FALSE
1528323;Data Engineer;Johannesburg;;Full-time;FALSE;April;TRUE
1528326;Data Engineer;Johannesburg;;Full-time;FALSE;April;FALSE
1528472;Data Engineer;Johannesburg;;Full-time;FALSE;April;TRUE
1528649;Data Engineer;Johannesburg;;Full-time;FALSE;April;FALSE
1528816;Data Engineer;Johannesburg;;Full-time;FALSE;April;FALSE
1529154;Data Engineer;Johannesburg;;Full-time;FALSE;April;TRUE
1531013;Data Engineer;Johannesburg;;Full-time;FALSE;April;FALSE
1533883;Data Engineer;Johannesburg;;Full-time;FALSE;April;TRUE
1549651;Data Engineer;Johannesburg;;Full-time;FALSE;May;FALSE
1549657;Data Engineer;Johannesburg;;Full-time;FALSE;May;TRUE
1551657;Data Engineer;Johannesburg;;Full-time;FALSE;May;TRUE
1553347;Data Engineer;Johannesburg;;Full-time;FALSE;May;TRUE
1555122;Data Engineer;Johannesburg;;Full-time;FALSE;May;FALSE
1560711;Data Engineer;Johannesburg;;Full-time;FALSE;May;FALSE
1561443;Data Engineer;Johannesburg;;Full-time;FALSE;May;FALSE
1565560;Data Engineer;Johannesburg;;Full-time;FALSE;May;FALSE
1566703;Data Engineer;Johannesburg;;Full-time;FALSE;May;FALSE
1566873;Data Engineer;Johannesburg;;Full-time;FALSE;May;FALSE
1567135;Data Engineer;Johannesburg;;Full-time;FALSE;May;TRUE
1567676;Data Engineer;Johannesburg;;Full-time;FALSE;May;TRUE
1568849;Data Engineer;Johannesburg;;Full-time;FALSE;May;TRUE
1570681;Data Engineer;Johannesburg;;Full-time;FALSE;May;FALSE
1571553;Data Engineer;Johannesburg;;Full-time;FALSE;May;TRUE
1573076;Data Engineer;Johannesburg;;Full-time;FALSE;May;TRUE
1573158;Data Engineer;Johannesburg;;Full-time;FALSE;May;FALSE
1574380;Data Engineer;Johannesburg;;Full-time;FALSE;May;FALSE
437747;Data Engineer;Johannesburg;LinkedIn;Full-time;FALSE;October;TRUE
941039;Data Engineer;Johannesburg;LinkedIn;Full-time;FALSE;June;TRUE
1029062;Data Engineer;Johannesburg;LinkedIn;Full-time;FALSE;August;TRUE
1799485;Data Engineer;Johannesburg;LinkedIn;Full-time;FALSE;July;TRUE
388748;Data Engineer;Johannesburg;LinkedIn;Full-time;FALSE;November;TRUE
537755;Data Engineer;Johannesburg;LinkedIn;Full-time;FALSE;July;TRUE
169783;Data Engineer;Johannesburg;LinkedIn;Full-time;FALSE;June;TRUE
372565;Data Engineer;Johannesburg;LinkedIn;Full-time;FALSE;March;TRUE
490379;Data Engineer;Johannesburg;LinkedIn;Full-time;FALSE;March;TRUE
1014176;Data Engineer;Johannesburg;LinkedIn;Full-time;FALSE;October;TRUE
1248624;Data Engineer;Johannesburg;LinkedIn;Full-time;FALSE;March;TRUE
1022975;Data Engineer;Johannesburg;LinkedIn;Full-time;FALSE;October;TRUE
1015844;Data Engineer;Johannesburg;LinkedIn;Full-time;FALSE;June;TRUE
542052;Data Engineer;Johannesburg;LinkedIn;Full-time;FALSE;May;TRUE
643628;Data Engineer;Johannesburg;LinkedIn;Full-time;FALSE;October;TRUE
434246;Data Engineer;Johannesburg;LinkedIn;Full-time;FALSE;April;TRUE
313038;Data Engineer;Johannesburg;LinkedIn;Full-time;FALSE;November;TRUE
485794;Data Engineer;Johannesburg;LinkedIn;Full-time;FALSE;January;TRUE
1106080;Data Engineer;Johannesburg;LinkedIn;Full-time;FALSE;August;TRUE
760631;Data Engineer;Johannesburg;LinkedIn;Full-time;FALSE;August;TRUE
1186195;Data Engineer;Johannesburg;LinkedIn;Full-time;FALSE;November;TRUE
1352042;Data Engineer;Johannesburg;LinkedIn;Full-time;FALSE;August;TRUE
1441621;Data Engineer;Johannesburg;LinkedIn;Full-time;FALSE;December;TRUE
69344;Data Engineer;Johannesburg;LinkedIn;Full-time;FALSE;October;TRUE
910466;Data Engineer;Johannesburg;LinkedIn;Full-time;FALSE;August;FALSE
33927;Data Engineer;Johannesburg;LinkedIn;Full-time;FALSE;November;FALSE
252907;Data Engineer;Johannesburg;LinkedIn;Full-time;FALSE;February;FALSE
286005;Data Engineer;Johannesburg;LinkedIn;Full-time;FALSE;September;FALSE
30030;Data Engineer;Johannesburg;LinkedIn;Full-time;FALSE;August;FALSE
426467;Data Engineer;Johannesburg;LinkedIn;Full-time;FALSE;January;FALSE
463060;Data Engineer;Johannesburg;LinkedIn;Full-time;FALSE;January;FALSE
496085;Data Engineer;Johannesburg;LinkedIn;Full-time;FALSE;August;FALSE
512702;Data Engineer;Johannesburg;LinkedIn;Full-time;FALSE;July;FALSE
709779;Data Engineer;Johannesburg;LinkedIn;Full-time;FALSE;June;FALSE
855883;Data Engineer;Johannesburg;LinkedIn;Full-time;FALSE;June;FALSE
891746;Data Engineer;Johannesburg;LinkedIn;Full-time;FALSE;May;FALSE
1343277;Data Engineer;Johannesburg;LinkedIn;Full-time;FALSE;January;FALSE
1375194;Data Engineer;Johannesburg;LinkedIn;Full-time;FALSE;March;FALSE
1487858;Data Engineer;Johannesburg;LinkedIn;Full-time;FALSE;October;FALSE
1636816;Data Engineer;Johannesburg;LinkedIn;Full-time;FALSE;June;FALSE
1669961;Data Engineer;Johannesburg;LinkedIn;Full-time;FALSE;August;FALSE
385950;Data Engineer;Johannesburg;LinkedIn;Full-time;FALSE;October;FALSE
438773;Data Engineer;Johannesburg;LinkedIn;Full-time;FALSE;January;FALSE
443220;Data Engineer;Johannesburg;LinkedIn;Full-time;FALSE;April;FALSE
552316;Data Engineer;Johannesburg;LinkedIn;Full-time;FALSE;February;FALSE
780283;Data Engineer;Johannesburg;LinkedIn;Full-time;FALSE;July;FALSE
61683;Data Engineer;Johannesburg;LinkedIn;Full-time;FALSE;June;FALSE
67249;Data Engineer;Johannesburg;LinkedIn;Full-time;FALSE;November;FALSE
151220;Data Engineer;Johannesburg;LinkedIn;Full-time;FALSE;October;FALSE
251439;Data Engineer;Johannesburg;LinkedIn;Full-time;FALSE;October;FALSE
512149;Data Engineer;Johannesburg;LinkedIn;Full-time;FALSE;February;FALSE
581303;Data Engineer;Johannesburg;LinkedIn;Full-time;FALSE;February;FALSE
816699;Data Engineer;Johannesburg;LinkedIn;Full-time;FALSE;August;FALSE
818823;Data Engineer;Johannesburg;LinkedIn;Full-time;FALSE;March;FALSE
823980;Data Engineer;Johannesburg;LinkedIn;Full-time;FALSE;September;FALSE
1016425;Data Engineer;Johannesburg;LinkedIn;Full-time;FALSE;November;FALSE
1450998;Data Engineer;Johannesburg;LinkedIn;Full-time;FALSE;January;FALSE
1476431;Data Engineer;Johannesburg;LinkedIn;Full-time;FALSE;March;FALSE
1679221;Data Engineer;Johannesburg;LinkedIn;Full-time;FALSE;May;FALSE
1739694;Data Engineer;Johannesburg;LinkedIn;Full-time;FALSE;April;FALSE
64253;Data Engineer;Johannesburg;LinkedIn;Full-time;FALSE;October;FALSE
77212;Data Engineer;Johannesburg;LinkedIn;Full-time;FALSE;January;FALSE
88137;Data Engineer;Johannesburg;LinkedIn;Full-time;FALSE;July;FALSE
502451;Data Engineer;Johannesburg;LinkedIn;Full-time;FALSE;October;FALSE
558223;Data Engineer;Johannesburg;LinkedIn;Full-time;FALSE;March;FALSE
652516;Data Engineer;Johannesburg;LinkedIn;Full-time;FALSE;January;FALSE
689838;Data Engineer;Johannesburg;LinkedIn;Full-time;FALSE;February;FALSE
883102;Data Engineer;Johannesburg;LinkedIn;Full-time;FALSE;February;FALSE
1091962;Data Engineer;Johannesburg;LinkedIn;Full-time;FALSE;March;FALSE
1277096;Data Engineer;Johannesburg;LinkedIn;Full-time;FALSE;December;FALSE
1280649;Data Engineer;Johannesburg;LinkedIn;Full-time;FALSE;December;FALSE
1504611;Data Engineer;Johannesburg;LinkedIn;Full-time;FALSE;January;FALSE
1591229;Data Engineer;Johannesburg;LinkedIn;Full-time;FALSE;April;FALSE
1724818;Data Engineer;Johannesburg;LinkedIn;Full-time;FALSE;February;FALSE
198210;Data Engineer;Johannesburg;LinkedIn;Full-time;FALSE;June;FALSE
546386;Data Engineer;Johannesburg;LinkedIn;Full-time;FALSE;December;FALSE
164042;Data Engineer;Johannesburg;LinkedIn;Full-time;FALSE;June;FALSE
296988;Data Engineer;Johannesburg;LinkedIn;Full-time;FALSE;October;FALSE
702427;Data Engineer;Johannesburg;LinkedIn;Full-time;FALSE;June;FALSE
138545;Data Engineer;Johannesburg;LinkedIn;Full-time;FALSE;June;FALSE
394381;Data Engineer;Johannesburg;LinkedIn;Full-time;FALSE;January;FALSE
492910;Data Engineer;Johannesburg;LinkedIn;Full-time;FALSE;June;FALSE
831262;Data Engineer;Johannesburg;LinkedIn;Full-time;FALSE;June;FALSE
873246;Data Engineer;Johannesburg;LinkedIn;Full-time;FALSE;June;FALSE
728147;Data Engineer;Johannesburg;LinkedIn;Full-time;FALSE;March;FALSE
1226000;Data Engineer;Johannesburg;LinkedIn;Full-time;FALSE;May;FALSE
1741055;Data Engineer;Johannesburg;LinkedIn;Full-time;FALSE;September;FALSE
205478;Data Engineer;Johannesburg;LinkedIn;Full-time;FALSE;July;FALSE
304915;Data Engineer;Johannesburg;LinkedIn;Full-time;FALSE;July;FALSE
324324;Data Engineer;Johannesburg;LinkedIn;Full-time;FALSE;July;FALSE
1403029;Data Engineer;Johannesburg;LinkedIn;Full-time;FALSE;November;FALSE
1453054;Data Engineer;Johannesburg;LinkedIn;Full-time;FALSE;March;FALSE
427401;Data Engineer;Johannesburg;LinkedIn;Full-time;FALSE;January;FALSE
505439;Data Engineer;Johannesburg;LinkedIn;Full-time;FALSE;April;FALSE
1732720;Data Engineer;Johannesburg;LinkedIn;Full-time;FALSE;January;FALSE
461260;Data Engineer;Johannesburg;LinkedIn;Full-time;FALSE;August;FALSE
694857;Data Engineer;Johannesburg;LinkedIn;Full-time;FALSE;July;FALSE
587519;Data Engineer;Johannesburg;LinkedIn;Full-time;FALSE;January;FALSE
793249;Data Engineer;Johannesburg;LinkedIn;Full-time;FALSE;May;FALSE
948272;Data Engineer;Johannesburg;LinkedIn;Full-time;FALSE;July;FALSE
1130223;Data Engineer;Johannesburg;LinkedIn;Full-time;FALSE;September;FALSE
1599949;Data Engineer;Johannesburg;LinkedIn;Full-time;FALSE;January;FALSE
1710216;Data Engineer;Johannesburg;LinkedIn;Full-time;FALSE;October;FALSE
1779946;Data Engineer;Johannesburg;LinkedIn;Full-time;FALSE;August;FALSE
328526;Data Engineer;Johannesburg;LinkedIn;Full-time;FALSE;February;FALSE
958698;Data Engineer;Johannesburg;LinkedIn;Full-time;FALSE;June;FALSE
965675;Data Engineer;Johannesburg;LinkedIn;Full-time;FALSE;April;FALSE
71585;Data Engineer;Johannesburg;LinkedIn;Full-time;FALSE;January;FALSE
235921;Data Engineer;Johannesburg;LinkedIn;Full-time;FALSE;October;FALSE
835392;Data Engineer;Johannesburg;LinkedIn;Full-time;FALSE;October;FALSE
318395;Data Engineer;Johannesburg;LinkedIn;Full-time;FALSE;May;FALSE
677357;Data Engineer;Johannesburg;LinkedIn;Full-time;FALSE;September;FALSE
383194;Data Engineer;Johannesburg;LinkedIn;Full-time;FALSE;October;FALSE
459286;Data Engineer;Johannesburg;LinkedIn;Full-time;FALSE;June;FALSE
464040;Data Engineer;Johannesburg;LinkedIn;Full-time;FALSE;July;FALSE
1572047;Data Engineer;Johannesburg;LinkedIn;Full-time;FALSE;March;FALSE
42574;Data Engineer;Johannesburg;LinkedIn;Full-time;FALSE;October;FALSE
79731;Data Engineer;Johannesburg;LinkedIn;Full-time;FALSE;January;FALSE
1639553;Data Engineer;Johannesburg;LinkedIn;Full-time;FALSE;January;FALSE
31151;Data Engineer;Johannesburg;LinkedIn;Full-time;FALSE;July;FALSE
1435407;Data Engineer;Johannesburg;LinkedIn;Full-time;FALSE;July;FALSE
265150;Data Engineer;Johannesburg;LinkedIn;Full-time;FALSE;August;FALSE
358844;Data Engineer;Johannesburg;LinkedIn;Full-time;FALSE;November;FALSE
694438;Data Engineer;Johannesburg;LinkedIn;Full-time;FALSE;June;FALSE
893548;Data Analyst;Johannesburg;LinkedIn;Full-time;FALSE;May;FALSE
51872;Data Analyst;Johannesburg;LinkedIn;Full-time;FALSE;November;FALSE
163983;Data Analyst;Johannesburg;LinkedIn;Full-time;FALSE;March;FALSE
223567;Data Analyst;Johannesburg;LinkedIn;Full-time;FALSE;June;FALSE
322791;Data Analyst;Johannesburg;LinkedIn;Full-time;FALSE;August;FALSE
351472;Data Analyst;Johannesburg;LinkedIn;Full-time;FALSE;November;FALSE
637029;Data Analyst;Johannesburg;LinkedIn;Full-time;FALSE;July;FALSE
886845;Data Analyst;Johannesburg;LinkedIn;Full-time;FALSE;August;FALSE
1250165;Data Analyst;Johannesburg;LinkedIn;Full-time;FALSE;November;FALSE
22162;Data Analyst;Johannesburg;LinkedIn;Full-time;FALSE;November;FALSE
125287;Data Analyst;Johannesburg;LinkedIn;Full-time;FALSE;October;FALSE
238186;Data Analyst;Johannesburg;LinkedIn;Full-time;FALSE;September;FALSE
262059;Data Analyst;Johannesburg;LinkedIn;Full-time;FALSE;June;FALSE
271260;Data Analyst;Johannesburg;LinkedIn;Full-time;FALSE;June;FALSE
376156;Data Analyst;Johannesburg;LinkedIn;Full-time;FALSE;October;FALSE
472605;Data Analyst;Johannesburg;LinkedIn;Full-time;FALSE;June;FALSE
487805;Data Analyst;Johannesburg;LinkedIn;Full-time;FALSE;February;FALSE
502091;Data Analyst;Johannesburg;LinkedIn;Full-time;FALSE;January;FALSE
509307;Data Analyst;Johannesburg;LinkedIn;Full-time;FALSE;October;FALSE
728435;Data Analyst;Johannesburg;LinkedIn;Full-time;FALSE;August;FALSE
760201;Data Analyst;Johannesburg;LinkedIn;Full-time;FALSE;June;FALSE
1184136;Data Analyst;Johannesburg;LinkedIn;Full-time;FALSE;January;FALSE
1342864;Data Analyst;Johannesburg;LinkedIn;Full-time;FALSE;February;FALSE
817178;Data Analyst;Johannesburg;LinkedIn;Full-time;FALSE;January;FALSE
1257239;Data Analyst;Johannesburg;LinkedIn;Full-time;FALSE;March;FALSE
15378;Data Analyst;Johannesburg;LinkedIn;Full-time;FALSE;November;FALSE
153707;Data Analyst;Johannesburg;LinkedIn;Full-time;FALSE;July;FALSE
406120;Data Analyst;Johannesburg;LinkedIn;Full-time;FALSE;April;FALSE
507200;Data Analyst;Johannesburg;LinkedIn;Full-time;FALSE;May;FALSE
530774;Data Analyst;Johannesburg;LinkedIn;Full-time;FALSE;July;FALSE
876913;Data Analyst;Johannesburg;LinkedIn;Full-time;FALSE;June;FALSE
995560;Data Analyst;Johannesburg;LinkedIn;Full-time;FALSE;July;FALSE
346598;Data Analyst;Johannesburg;LinkedIn;Full-time;FALSE;November;FALSE
380170;Data Analyst;Johannesburg;LinkedIn;Full-time;FALSE;February;FALSE
732833;Data Analyst;Johannesburg;LinkedIn;Full-time;FALSE;November;FALSE
775962;Data Analyst;Johannesburg;LinkedIn;Full-time;FALSE;February;FALSE
824267;Data Analyst;Johannesburg;LinkedIn;Full-time;FALSE;July;FALSE
825618;Data Analyst;Johannesburg;LinkedIn;Full-time;FALSE;January;FALSE
937566;Data Analyst;Johannesburg;LinkedIn;Full-time;FALSE;July;FALSE
1273828;Data Analyst;Johannesburg;LinkedIn;Full-time;FALSE;August;FALSE
1321221;Data Analyst;Johannesburg;LinkedIn;Full-time;FALSE;April;FALSE
100052;Data Analyst;Johannesburg;LinkedIn;Full-time;FALSE;August;FALSE
427322;Data Analyst;Johannesburg;LinkedIn;Full-time;FALSE;April;FALSE
27929;Data Analyst;Johannesburg;LinkedIn;Full-time;FALSE;October;FALSE
1682456;Data Analyst;Johannesburg;LinkedIn;Full-time;FALSE;December;FALSE
1330904;Data Analyst;Johannesburg;LinkedIn;Full-time;FALSE;June;FALSE
630413;Data Analyst;Johannesburg;LinkedIn;Full-time;FALSE;October;FALSE
687395;Data Analyst;Johannesburg;LinkedIn;Full-time;FALSE;July;FALSE
768388;Data Analyst;Johannesburg;LinkedIn;Full-time;FALSE;March;FALSE
974382;Data Analyst;Johannesburg;LinkedIn;Full-time;FALSE;December;FALSE
1305970;Data Analyst;Johannesburg;LinkedIn;Full-time;FALSE;October;FALSE
1339586;Data Analyst;Johannesburg;LinkedIn;Full-time;FALSE;August;FALSE
1438696;Data Analyst;Johannesburg;LinkedIn;Full-time;FALSE;May;FALSE
69071;Data Analyst;Johannesburg;LinkedIn;Full-time;FALSE;June;FALSE
265056;Data Analyst;Johannesburg;LinkedIn;Full-time;FALSE;May;FALSE
715896;Data Analyst;Johannesburg;LinkedIn;Full-time;FALSE;June;FALSE
586431;Data Analyst;Johannesburg;LinkedIn;Full-time;FALSE;November;FALSE
595048;Data Analyst;Johannesburg;LinkedIn;Full-time;FALSE;February;FALSE
937746;Data Analyst;Johannesburg;LinkedIn;Full-time;FALSE;September;FALSE
1004385;Data Analyst;Johannesburg;LinkedIn;Full-time;FALSE;January;FALSE
1704840;Data Analyst;Johannesburg;LinkedIn;Full-time;FALSE;September;FALSE
1101975;Data Analyst;Johannesburg;LinkedIn;Full-time;FALSE;October;FALSE
890105;Data Analyst;Johannesburg;LinkedIn;Full-time;FALSE;May;FALSE
336131;Data Analyst;Johannesburg;LinkedIn;Full-time;FALSE;April;FALSE
879418;Data Analyst;Johannesburg;LinkedIn;Full-time;FALSE;March;FALSE
1736671;Data Analyst;Johannesburg;LinkedIn;Full-time;FALSE;May;FALSE
785790;Data Analyst;Johannesburg;LinkedIn;Full-time;FALSE;August;FALSE
933151;Data Analyst;Johannesburg;LinkedIn;Full-time;FALSE;March;FALSE
1761896;Data Analyst;Johannesburg;LinkedIn;Full-time;FALSE;February;FALSE
1767203;Data Analyst;Johannesburg;LinkedIn;Full-time;FALSE;November;FALSE
520665;Data Analyst;Johannesburg;LinkedIn;Full-time;FALSE;August;FALSE
539629;Data Analyst;Johannesburg;LinkedIn;Full-time;FALSE;December;FALSE
324941;Data Analyst;Johannesburg;LinkedIn;Full-time;FALSE;October;FALSE
1119068;Data Analyst;Johannesburg;LinkedIn;Full-time;FALSE;July;FALSE
1218368;Data Analyst;Johannesburg;LinkedIn;Full-time;FALSE;August;FALSE
1766567;Data Analyst;Johannesburg;LinkedIn;Full-time;FALSE;May;FALSE
929415;Data Analyst;Johannesburg;LinkedIn;Full-time;FALSE;January;TRUE
1135788;Data Analyst;Johannesburg;LinkedIn;Full-time;FALSE;September;TRUE
53459;Data Analyst;Johannesburg;LinkedIn;Full-time;FALSE;March;TRUE
352175;Data Analyst;Johannesburg;LinkedIn;Full-time;FALSE;July;TRUE
1024163;Data Analyst;Johannesburg;LinkedIn;Full-time;FALSE;February;TRUE
1264230;Data Analyst;Johannesburg;LinkedIn;Full-time;FALSE;February;TRUE
115;Data Analyst;Johannesburg;LinkedIn;Full-time;FALSE;March;TRUE
36891;Data Analyst;Johannesburg;LinkedIn;Full-time;FALSE;July;TRUE
368092;Data Analyst;Johannesburg;LinkedIn;Full-time;FALSE;July;TRUE
975309;Data Analyst;Johannesburg;LinkedIn;Full-time;FALSE;December;TRUE
1796514;Data Analyst;Johannesburg;LinkedIn;Full-time;FALSE;March;TRUE
265579;Data Analyst;Johannesburg;LinkedIn;Full-time;FALSE;January;TRUE
442906;Data Analyst;Johannesburg;LinkedIn;Full-time;FALSE;March;TRUE
475772;Data Analyst;Johannesburg;LinkedIn;Full-time;FALSE;April;TRUE
576779;Data Analyst;Johannesburg;LinkedIn;Full-time;FALSE;June;TRUE
630688;Data Analyst;Johannesburg;LinkedIn;Full-time;FALSE;February;TRUE
874386;Data Analyst;Johannesburg;LinkedIn;Full-time;FALSE;May;TRUE
1185872;Data Analyst;Johannesburg;LinkedIn;Full-time;FALSE;June;TRUE
1280387;Data Analyst;Johannesburg;LinkedIn;Full-time;FALSE;January;TRUE
1572973;Data Analyst;Johannesburg;LinkedIn;Full-time;FALSE;April;TRUE
407284;Data Analyst;Johannesburg;LinkedIn;Full-time;FALSE;August;TRUE
317700;Data Analyst;Johannesburg;LinkedIn;Full-time;FALSE;August;TRUE
988731;Data Analyst;Johannesburg;LinkedIn;Full-time;FALSE;March;TRUE
331288;Data Analyst;Johannesburg;LinkedIn;Full-time;FALSE;April;TRUE
672351;Data Analyst;Johannesburg;LinkedIn;Full-time;FALSE;October;TRUE
966429;Data Analyst;Johannesburg;LinkedIn;Full-time;FALSE;January;TRUE
370532;Data Scientist;Johannesburg;LinkedIn;Full-time;FALSE;November;TRUE
1488842;Data Scientist;Johannesburg;LinkedIn;Full-time;FALSE;January;TRUE
594160;Data Scientist;Johannesburg;LinkedIn;Full-time;FALSE;October;TRUE
269927;Data Scientist;Johannesburg;LinkedIn;Full-time;FALSE;October;FALSE
317326;Data Scientist;Johannesburg;LinkedIn;Full-time;FALSE;April;FALSE
415363;Data Scientist;Johannesburg;LinkedIn;Full-time;FALSE;July;FALSE
780792;Data Scientist;Johannesburg;LinkedIn;Full-time;FALSE;September;FALSE
804397;Data Scientist;Johannesburg;LinkedIn;Full-time;FALSE;December;FALSE
857429;Data Scientist;Johannesburg;LinkedIn;Full-time;FALSE;September;FALSE
1592516;Data Scientist;Johannesburg;LinkedIn;Full-time;FALSE;November;FALSE
860521;Data Scientist;Johannesburg;LinkedIn;Full-time;FALSE;January;FALSE
35918;Data Scientist;Johannesburg;LinkedIn;Full-time;FALSE;March;FALSE
36702;Data Scientist;Johannesburg;LinkedIn;Full-time;FALSE;June;FALSE
166188;Data Scientist;Johannesburg;LinkedIn;Full-time;FALSE;April;FALSE
174042;Data Scientist;Johannesburg;LinkedIn;Full-time;FALSE;November;FALSE
369220;Data Scientist;Johannesburg;LinkedIn;Full-time;FALSE;February;FALSE
520804;Data Scientist;Johannesburg;LinkedIn;Full-time;FALSE;January;FALSE
1050005;Data Scientist;Johannesburg;LinkedIn;Full-time;FALSE;February;FALSE
1171767;Data Scientist;Johannesburg;LinkedIn;Full-time;FALSE;August;FALSE
1192785;Data Scientist;Johannesburg;LinkedIn;Full-time;FALSE;July;FALSE
1217259;Data Scientist;Johannesburg;LinkedIn;Full-time;FALSE;November;FALSE
1329115;Data Scientist;Johannesburg;LinkedIn;Full-time;FALSE;February;FALSE
1716482;Data Scientist;Johannesburg;LinkedIn;Full-time;FALSE;April;FALSE
1732499;Data Scientist;Johannesburg;LinkedIn;Full-time;FALSE;January;FALSE
19906;Data Scientist;Johannesburg;LinkedIn;Full-time;FALSE;July;FALSE
62133;Data Scientist;Johannesburg;LinkedIn;Full-time;FALSE;February;FALSE
189056;Data Scientist;Johannesburg;LinkedIn;Full-time;FALSE;September;FALSE
446599;Data Scientist;Johannesburg;LinkedIn;Full-time;FALSE;May;FALSE
643690;Data Scientist;Johannesburg;LinkedIn;Full-time;FALSE;February;FALSE
1026352;Data Scientist;Johannesburg;LinkedIn;Full-time;FALSE;March;FALSE
21912;Data Scientist;Johannesburg;LinkedIn;Full-time;FALSE;July;FALSE
67559;Data Scientist;Johannesburg;LinkedIn;Full-time;FALSE;January;FALSE
304481;Data Scientist;Johannesburg;LinkedIn;Full-time;FALSE;March;FALSE
371865;Data Scientist;Johannesburg;LinkedIn;Full-time;FALSE;July;FALSE
505584;Data Scientist;Johannesburg;LinkedIn;Full-time;FALSE;July;FALSE
1084946;Data Scientist;Johannesburg;LinkedIn;Full-time;FALSE;June;FALSE
1385222;Data Scientist;Johannesburg;LinkedIn;Full-time;FALSE;July;FALSE
1668786;Data Scientist;Johannesburg;LinkedIn;Full-time;FALSE;March;FALSE
1737730;Data Scientist;Johannesburg;LinkedIn;Full-time;FALSE;March;FALSE
1739024;Data Scientist;Johannesburg;LinkedIn;Full-time;FALSE;July;FALSE
54239;Data Scientist;Johannesburg;LinkedIn;Full-time;FALSE;November;FALSE
69201;Data Scientist;Johannesburg;LinkedIn;Full-time;FALSE;July;FALSE
262597;Data Scientist;Johannesburg;LinkedIn;Full-time;FALSE;August;FALSE
407674;Data Scientist;Johannesburg;LinkedIn;Full-time;FALSE;July;FALSE
431499;Data Scientist;Johannesburg;LinkedIn;Full-time;FALSE;March;FALSE
478487;Data Scientist;Johannesburg;LinkedIn;Full-time;FALSE;September;FALSE
588894;Data Scientist;Johannesburg;LinkedIn;Full-time;FALSE;February;FALSE
697394;Data Scientist;Johannesburg;LinkedIn;Full-time;FALSE;July;FALSE
786833;Data Scientist;Johannesburg;LinkedIn;Full-time;FALSE;July;FALSE
802027;Data Scientist;Johannesburg;LinkedIn;Full-time;FALSE;May;FALSE
826475;Data Scientist;Johannesburg;LinkedIn;Full-time;FALSE;August;FALSE
1103499;Data Scientist;Johannesburg;LinkedIn;Full-time;FALSE;October;FALSE
1130562;Data Scientist;Johannesburg;LinkedIn;Full-time;FALSE;March;FALSE
1183575;Data Scientist;Johannesburg;LinkedIn;Full-time;FALSE;February;FALSE
1306091;Data Scientist;Johannesburg;LinkedIn;Full-time;FALSE;July;FALSE
1723160;Data Scientist;Johannesburg;LinkedIn;Full-time;FALSE;April;FALSE
1756374;Data Scientist;Johannesburg;LinkedIn;Full-time;FALSE;July;FALSE
1806109;Data Scientist;Johannesburg;LinkedIn;Full-time;FALSE;July;FALSE
416112;Data Scientist;Johannesburg;LinkedIn;Full-time;FALSE;December;FALSE
332789;Data Scientist;Johannesburg;LinkedIn;Full-time;FALSE;July;FALSE
617731;Data Scientist;Johannesburg;LinkedIn;Full-time;FALSE;June;FALSE
855168;Data Scientist;Johannesburg;LinkedIn;Full-time;FALSE;June;FALSE
1288636;Data Scientist;Johannesburg;LinkedIn;Full-time;FALSE;June;FALSE
53448;Data Scientist;Johannesburg;LinkedIn;Full-time;FALSE;February;FALSE
56588;Data Scientist;Johannesburg;LinkedIn;Full-time;FALSE;November;FALSE
693550;Data Scientist;Johannesburg;LinkedIn;Full-time;FALSE;July;FALSE
958964;Data Scientist;Johannesburg;LinkedIn;Full-time;FALSE;March;FALSE
465730;Data Scientist;Johannesburg;LinkedIn;Full-time;FALSE;August;FALSE
897571;Data Scientist;Johannesburg;LinkedIn;Full-time;FALSE;March;FALSE
1291050;Data Scientist;Johannesburg;LinkedIn;Full-time;FALSE;May;FALSE
557323;Data Scientist;Johannesburg;LinkedIn;Full-time;FALSE;October;FALSE
727127;Data Scientist;Johannesburg;LinkedIn;Full-time;FALSE;September;FALSE
951747;Data Scientist;Johannesburg;LinkedIn;Full-time;FALSE;September;FALSE
1042306;Data Scientist;Johannesburg;LinkedIn;Full-time;FALSE;July;FALSE
77907;Data Scientist;Johannesburg;LinkedIn;Full-time;FALSE;December;FALSE
150407;Data Scientist;Johannesburg;LinkedIn;Full-time;FALSE;December;FALSE
246038;Data Scientist;Johannesburg;LinkedIn;Full-time;FALSE;December;FALSE
285206;Data Scientist;Johannesburg;LinkedIn;Full-time;FALSE;December;FALSE
500881;Data Scientist;Johannesburg;LinkedIn;Full-time;FALSE;September;FALSE
539134;Data Scientist;Johannesburg;LinkedIn;Full-time;FALSE;October;FALSE
1588791;Data Scientist;Johannesburg;LinkedIn;Full-time;FALSE;February;FALSE
122389;Data Scientist;Johannesburg;LinkedIn;Full-time;FALSE;September;FALSE
489807;Data Scientist;Johannesburg;LinkedIn;Full-time;FALSE;March;FALSE
1656850;Data Scientist;Johannesburg;LinkedIn;Full-time;FALSE;June;FALSE
191183;Data Scientist;Johannesburg;LinkedIn;Full-time;FALSE;May;FALSE
1283403;Data Scientist;Johannesburg;LinkedIn;Full-time;FALSE;October;FALSE
207168;Data Scientist;Johannesburg;LinkedIn;Full-time;FALSE;January;FALSE
416976;Data Scientist;Johannesburg;LinkedIn;Full-time;FALSE;August;FALSE
215177;Data Scientist;Johannesburg;LinkedIn;Full-time;FALSE;January;FALSE
395461;Data Scientist;Johannesburg;LinkedIn;Full-time;FALSE;October;FALSE
427454;Data Scientist;Johannesburg;LinkedIn;Full-time;FALSE;August;FALSE
1121034;Data Scientist;Johannesburg;LinkedIn;Full-time;FALSE;July;FALSE
1165889;Data Scientist;Johannesburg;LinkedIn;Full-time;FALSE;June;FALSE
116441;Data Scientist;Johannesburg;LinkedIn;Full-time;FALSE;July;FALSE
1128365;Data Scientist;Johannesburg;LinkedIn;Full-time;FALSE;September;FALSE
13055;Data Scientist;Johannesburg;LinkedIn;Full-time;FALSE;April;FALSE
914225;Data Scientist;Johannesburg;LinkedIn;Full-time;FALSE;November;FALSE
1028862;Data Scientist;Johannesburg;LinkedIn;Full-time;FALSE;September;FALSE
328294;Data Scientist;Johannesburg;LinkedIn;Full-time;FALSE;April;FALSE
797069;Cloud Engineer;Johannesburg;LinkedIn;Full-time;FALSE;September;FALSE
1706029;Senior Data Engineer;Johannesburg;LinkedIn;Full-time;FALSE;April;FALSE
50825;Software Engineer;Johannesburg;LinkedIn;Full-time;FALSE;March;FALSE
545916;Senior Data Engineer;Johannesburg;LinkedIn;Full-time;FALSE;October;FALSE
1567834;Senior Data Analyst;Johannesburg;LinkedIn;Full-time;FALSE;September;FALSE
870983;Senior Data Analyst;Johannesburg;LinkedIn;Full-time;FALSE;July;FALSE
896448;Senior Data Scientist;Johannesburg;LinkedIn;Full-time;FALSE;November;FALSE
938278;Senior Data Engineer;Johannesburg;LinkedIn;Full-time;FALSE;September;FALSE
1502883;Senior Data Engineer;Johannesburg;LinkedIn;Full-time;FALSE;November;FALSE
929939;Business Analyst;Johannesburg;LinkedIn;Full-time;FALSE;February;FALSE
46241;Senior Data Engineer;Johannesburg;LinkedIn;Full-time;FALSE;July;FALSE
263430;Senior Data Scientist;Johannesburg;LinkedIn;Full-time;FALSE;February;FALSE
264967;Software Engineer;Johannesburg;LinkedIn;Full-time;FALSE;October;FALSE
324574;Machine Learning Engineer;Johannesburg;LinkedIn;Full-time;FALSE;February;FALSE
467513;Senior Data Scientist;Johannesburg;LinkedIn;Full-time;FALSE;September;FALSE
486559;Senior Data Scientist;Johannesburg;LinkedIn;Full-time;FALSE;July;FALSE
551858;Senior Data Engineer;Johannesburg;LinkedIn;Full-time;FALSE;July;FALSE
754762;Cloud Engineer;Johannesburg;LinkedIn;Full-time;FALSE;August;FALSE
813362;Senior Data Engineer;Johannesburg;LinkedIn;Full-time;FALSE;August;TRUE
829559;Machine Learning Engineer;Johannesburg;LinkedIn;Full-time;FALSE;January;FALSE
876618;Senior Data Engineer;Johannesburg;LinkedIn;Full-time;FALSE;August;FALSE
943486;Senior Data Analyst;Johannesburg;LinkedIn;Full-time;FALSE;December;FALSE
1133418;Senior Data Scientist;Johannesburg;LinkedIn;Full-time;FALSE;September;FALSE
1199530;Senior Data Scientist;Johannesburg;LinkedIn;Full-time;FALSE;February;FALSE
1502951;Senior Data Engineer;Johannesburg;LinkedIn;Full-time;FALSE;July;TRUE
1709009;Software Engineer;Johannesburg;LinkedIn;Full-time;FALSE;December;FALSE
38174;Senior Data Engineer;Johannesburg;LinkedIn;Full-time;FALSE;April;FALSE
302293;Senior Data Engineer;Johannesburg;LinkedIn;Full-time;FALSE;October;FALSE
495687;Machine Learning Engineer;Johannesburg;LinkedIn;Full-time;FALSE;October;FALSE
1445528;Senior Data Scientist;Johannesburg;LinkedIn;Full-time;FALSE;September;FALSE
375875;Senior Data Engineer;Johannesburg;LinkedIn;Full-time;FALSE;August;FALSE
881229;Senior Data Scientist;Johannesburg;LinkedIn;Full-time;FALSE;October;FALSE
1029428;Software Engineer;Johannesburg;LinkedIn;Full-time;FALSE;February;FALSE
1190213;Senior Data Engineer;Johannesburg;LinkedIn;Full-time;FALSE;April;FALSE
1255607;Software Engineer;Johannesburg;LinkedIn;Full-time;FALSE;July;TRUE
1416387;Senior Data Engineer;Johannesburg;LinkedIn;Full-time;FALSE;July;FALSE
1517964;Software Engineer;Johannesburg;LinkedIn;Full-time;FALSE;September;FALSE
1731719;Software Engineer;Johannesburg;LinkedIn;Full-time;FALSE;July;FALSE
127678;Senior Data Engineer;Johannesburg;LinkedIn;Full-time;FALSE;August;FALSE
140004;Senior Data Scientist;Johannesburg;LinkedIn;Full-time;FALSE;January;FALSE
182045;Senior Data Engineer;Johannesburg;LinkedIn;Full-time;FALSE;July;FALSE
232928;Cloud Engineer;Johannesburg;LinkedIn;Full-time;FALSE;February;FALSE
302463;Senior Data Analyst;Johannesburg;LinkedIn;Full-time;FALSE;June;FALSE
311832;Software Engineer;Johannesburg;LinkedIn;Full-time;FALSE;July;FALSE
405185;Cloud Engineer;Johannesburg;LinkedIn;Full-time;FALSE;August;TRUE
487835;Senior Data Engineer;Johannesburg;LinkedIn;Full-time;FALSE;October;TRUE
566529;Software Engineer;Johannesburg;LinkedIn;Full-time;FALSE;July;FALSE
1065229;Senior Data Scientist;Johannesburg;LinkedIn;Full-time;FALSE;November;FALSE
1090446;Machine Learning Engineer;Johannesburg;LinkedIn;Full-time;FALSE;July;FALSE
1244690;Machine Learning Engineer;Johannesburg;LinkedIn;Full-time;FALSE;June;FALSE
1332526;Senior Data Engineer;Johannesburg;LinkedIn;Full-time;FALSE;October;TRUE
1391642;Business Analyst;Johannesburg;LinkedIn;Full-time;FALSE;January;FALSE
1454228;Senior Data Engineer;Johannesburg;LinkedIn;Full-time;FALSE;October;FALSE
1586207;Senior Data Scientist;Johannesburg;LinkedIn;Full-time;FALSE;July;FALSE
1787236;Software Engineer;Johannesburg;LinkedIn;Full-time;FALSE;June;FALSE
1674839;Software Engineer;Johannesburg;LinkedIn;Full-time;FALSE;March;FALSE
380295;Senior Data Engineer;Johannesburg;LinkedIn;Full-time;FALSE;January;TRUE
1350160;Business Analyst;Johannesburg;LinkedIn;Full-time;FALSE;April;FALSE
1826507;Machine Learning Engineer;Johannesburg;LinkedIn;Full-time;FALSE;December;FALSE
238564;Software Engineer;Johannesburg;LinkedIn;Full-time;FALSE;May;FALSE
1362842;Senior Data Analyst;Johannesburg;LinkedIn;Full-time;FALSE;November;FALSE
1511608;Senior Data Scientist;Johannesburg;LinkedIn;Full-time;FALSE;June;FALSE
1000642;Machine Learning Engineer;Johannesburg;LinkedIn;Full-time;FALSE;April;FALSE
1096855;Senior Data Engineer;Johannesburg;LinkedIn;Full-time;FALSE;May;FALSE
1631995;Senior Data Engineer;Johannesburg;LinkedIn;Full-time;FALSE;August;FALSE
1690374;Software Engineer;Johannesburg;LinkedIn;Full-time;FALSE;April;FALSE
111664;Software Engineer;Johannesburg;LinkedIn;Full-time;FALSE;September;TRUE
214379;Machine Learning Engineer;Johannesburg;LinkedIn;Full-time;FALSE;October;FALSE
856360;Senior Data Engineer;Johannesburg;LinkedIn;Full-time;FALSE;March;FALSE
868669;Machine Learning Engineer;Johannesburg;LinkedIn;Full-time;FALSE;September;FALSE
870609;Cloud Engineer;Johannesburg;LinkedIn;Full-time;FALSE;November;FALSE
852139;Senior Data Analyst;Johannesburg;LinkedIn;Full-time;FALSE;October;FALSE
1139869;Senior Data Engineer;Johannesburg;LinkedIn;Full-time;FALSE;May;FALSE
1152256;Software Engineer;Johannesburg;LinkedIn;Full-time;FALSE;October;FALSE
1471897;Business Analyst;Johannesburg;LinkedIn;Full-time;FALSE;July;FALSE
27006;Senior Data Analyst;Johannesburg;LinkedIn;Full-time;FALSE;June;FALSE
237248;Senior Data Engineer;Johannesburg;LinkedIn;Full-time;FALSE;August;FALSE
384873;Senior Data Engineer;Johannesburg;LinkedIn;Full-time;FALSE;June;FALSE
475554;Software Engineer;Johannesburg;LinkedIn;Full-time;FALSE;July;FALSE
1575895;Senior Data Engineer;Johannesburg;LinkedIn;Full-time;FALSE;October;FALSE
294609;Business Analyst;Johannesburg;LinkedIn;Full-time;FALSE;August;FALSE
517523;Senior Data Engineer;Johannesburg;LinkedIn;Full-time;FALSE;April;FALSE
893166;Senior Data Engineer;Johannesburg;LinkedIn;Full-time;FALSE;May;FALSE
933957;Cloud Engineer;Johannesburg;LinkedIn;Full-time;FALSE;May;FALSE
1403665;Senior Data Engineer;Johannesburg;LinkedIn;Full-time;FALSE;February;FALSE
826223;Senior Data Analyst;Johannesburg;LinkedIn;Full-time;FALSE;May;TRUE
833015;Senior Data Scientist;Johannesburg;LinkedIn;Full-time;FALSE;January;FALSE
1704083;Senior Data Analyst;Johannesburg;LinkedIn;Full-time;FALSE;September;FALSE
339574;Senior Data Analyst;Johannesburg;LinkedIn;Full-time;FALSE;June;FALSE
1238936;Business Analyst;Johannesburg;LinkedIn;Full-time;FALSE;May;FALSE
1311727;Senior Data Engineer;Johannesburg;LinkedIn;Full-time;FALSE;July;TRUE
1568355;Cloud Engineer;Johannesburg;LinkedIn;Full-time;FALSE;October;FALSE
1258035;Senior Data Engineer;Johannesburg;LinkedIn;Full-time;FALSE;February;FALSE
902426;Senior Data Scientist;Johannesburg;LinkedIn;Full-time;FALSE;December;FALSE
954620;Senior Data Engineer;Johannesburg;LinkedIn;Full-time;FALSE;May;FALSE
842964;Senior Data Engineer;Johannesburg;LinkedIn;Full-time;FALSE;October;FALSE
89856;Software Engineer;Johannesburg;LinkedIn;Full-time;FALSE;December;TRUE
208335;Senior Data Analyst;Johannesburg;LinkedIn;Full-time;FALSE;December;FALSE
355148;Senior Data Scientist;Johannesburg;LinkedIn;Full-time;FALSE;March;FALSE
889071;Cloud Engineer;Johannesburg;LinkedIn;Full-time;FALSE;April;FALSE
1270402;Senior Data Analyst;Johannesburg;LinkedIn;Full-time;FALSE;September;FALSE
404135;Senior Data Engineer;Johannesburg;LinkedIn;Full-time;FALSE;September;FALSE
281866;Senior Data Engineer;Johannesburg;LinkedIn;Full-time;FALSE;June;FALSE
692377;Software Engineer;Johannesburg;LinkedIn;Full-time;FALSE;November;FALSE
828571;Machine Learning Engineer;Johannesburg;LinkedIn;Full-time;FALSE;February;FALSE
843856;Software Engineer;Johannesburg;LinkedIn;Full-time;FALSE;August;FALSE
1001000;Software Engineer;Johannesburg;LinkedIn;Full-time;FALSE;September;FALSE
1685386;Senior Data Engineer;Johannesburg;LinkedIn;Full-time;FALSE;July;FALSE
659911;Software Engineer;Johannesburg;LinkedIn;Full-time;FALSE;June;FALSE
1283095;Software Engineer;Johannesburg;LinkedIn;Full-time;FALSE;November;FALSE
1468816;Software Engineer;Johannesburg;LinkedIn;Full-time;FALSE;July;FALSE
1561731;Senior Data Engineer;Johannesburg;LinkedIn;Full-time;FALSE;August;FALSE
1640165;Senior Data Scientist;Johannesburg;LinkedIn;Full-time;FALSE;July;FALSE
650452;Senior Data Engineer;Johannesburg;Pnet;Full-time;FALSE;August;FALSE
100949;Senior Data Engineer;Johannesburg;Pnet;Full-time;FALSE;March;TRUE
169005;Software Engineer;Johannesburg;Pnet;Full-time;FALSE;June;TRUE
378963;Senior Data Scientist;Johannesburg;Pnet;Full-time;FALSE;September;FALSE
544449;Senior Data Analyst;Johannesburg;Pnet;Full-time;FALSE;July;FALSE
790918;Data Analyst;Johannesburg;Pnet;Full-time;FALSE;October;FALSE
960119;Software Engineer;Johannesburg;Pnet;Full-time;FALSE;November;FALSE
1444764;Software Engineer;Johannesburg;Pnet;Full-time;FALSE;April;FALSE
1644480;Senior Data Engineer;Johannesburg;Pnet;Full-time;FALSE;October;FALSE
1759300;Business Analyst;Johannesburg;Pnet;Full-time;FALSE;July;FALSE
50968;Machine Learning Engineer;Johannesburg;Pnet;Full-time;FALSE;August;TRUE
320350;Data Analyst;Johannesburg;Pnet;Full-time;FALSE;May;FALSE
1733627;Data Analyst;Johannesburg;Pnet;Full-time;FALSE;June;TRUE
74965;Data Analyst;Johannesburg;Pnet;Full-time;FALSE;April;FALSE
183887;Senior Data Engineer;Johannesburg;Pnet;Full-time;FALSE;August;FALSE
271845;Cloud Engineer;Johannesburg;Pnet;Full-time;FALSE;August;FALSE
297451;Data Analyst;Johannesburg;Pnet;Full-time;FALSE;October;TRUE
366746;Data Analyst;Johannesburg;Pnet;Full-time;FALSE;January;FALSE
462466;Data Analyst;Johannesburg;Pnet;Full-time;FALSE;July;FALSE
783404;Data Analyst;Johannesburg;Pnet;Full-time;FALSE;September;TRUE
813560;Software Engineer;Johannesburg;Pnet;Full-time;FALSE;September;FALSE
894333;Data Analyst;Johannesburg;Pnet;Full-time;FALSE;September;FALSE
1002982;Data Analyst;Johannesburg;Pnet;Full-time;FALSE;June;FALSE
1289586;Senior Data Scientist;Johannesburg;Pnet;Full-time;FALSE;June;FALSE
1400789;Software Engineer;Johannesburg;Pnet;Full-time;FALSE;October;FALSE
1823837;Senior Data Engineer;Johannesburg;Pnet;Full-time;FALSE;October;FALSE
254418;Software Engineer;Johannesburg;Pnet;Full-time;FALSE;December;TRUE
307774;Data Analyst;Johannesburg;Pnet;Full-time;FALSE;December;TRUE
357470;Data Analyst;Johannesburg;Pnet;Full-time;FALSE;November;TRUE
461956;Senior Data Scientist;Johannesburg;Pnet;Full-time;FALSE;November;FALSE
477505;Machine Learning Engineer;Johannesburg;Pnet;Full-time;FALSE;April;FALSE
557736;Senior Data Scientist;Johannesburg;Pnet;Full-time;FALSE;December;FALSE
795046;Senior Data Engineer;Johannesburg;Pnet;Full-time;FALSE;June;FALSE
858151;Machine Learning Engineer;Johannesburg;Pnet;Full-time;FALSE;September;FALSE
869356;Senior Data Scientist;Johannesburg;Pnet;Full-time;FALSE;April;FALSE
940163;Business Analyst;Johannesburg;Pnet;Full-time;FALSE;November;FALSE
1009585;Senior Data Engineer;Johannesburg;Pnet;Full-time;FALSE;October;FALSE
1088397;Senior Data Engineer;Johannesburg;Pnet;Full-time;FALSE;February;TRUE
1319547;Data Analyst;Johannesburg;Pnet;Full-time;FALSE;June;FALSE
1452425;Business Analyst;Johannesburg;Pnet;Full-time;FALSE;August;FALSE
1717835;Data Analyst;Johannesburg;Pnet;Full-time;FALSE;May;FALSE
1728147;Data Analyst;Johannesburg;Pnet;Full-time;FALSE;November;TRUE
136409;Senior Data Engineer;Johannesburg;Pnet;Full-time;FALSE;June;FALSE
929756;Senior Data Analyst;Johannesburg;Pnet;Full-time;FALSE;October;FALSE
49950;Senior Data Engineer;Johannesburg;Pnet;Full-time;FALSE;December;FALSE
280059;Data Analyst;Johannesburg;Pnet;Full-time;FALSE;October;TRUE
484378;Software Engineer;Johannesburg;Pnet;Full-time;FALSE;November;FALSE
551841;Senior Data Engineer;Johannesburg;Pnet;Full-time;FALSE;December;FALSE
719110;Data Analyst;Johannesburg;Pnet;Full-time;FALSE;November;TRUE
808902;Software Engineer;Johannesburg;Pnet;Full-time;FALSE;April;FALSE
859730;Data Analyst;Johannesburg;Pnet;Full-time;FALSE;June;TRUE
1093892;Data Analyst;Johannesburg;Pnet;Full-time;FALSE;May;FALSE
1239994;Data Analyst;Johannesburg;Pnet;Full-time;FALSE;July;FALSE
1339293;Senior Data Engineer;Johannesburg;Pnet;Full-time;FALSE;May;FALSE
1361842;Data Analyst;Johannesburg;Pnet;Full-time;FALSE;September;TRUE
1399640;Data Analyst;Johannesburg;Pnet;Full-time;FALSE;August;FALSE
1678130;Data Analyst;Johannesburg;Pnet;Full-time;FALSE;April;FALSE
1743568;Cloud Engineer;Johannesburg;Pnet;Full-time;FALSE;April;TRUE
1784852;Software Engineer;Johannesburg;Pnet;Full-time;FALSE;December;FALSE
692845;Senior Data Scientist;Johannesburg;Pnet;Full-time;FALSE;July;FALSE
760295;Data Analyst;Johannesburg;Pnet;Full-time;FALSE;September;TRUE
1692937;Data Analyst;Johannesburg;Pnet;Full-time;FALSE;March;FALSE
189464;Software Engineer;Johannesburg;Pnet;Full-time;FALSE;September;FALSE
370482;Data Analyst;Johannesburg;Pnet;Full-time;FALSE;July;FALSE
697314;Cloud Engineer;Johannesburg;Pnet;Full-time;FALSE;April;FALSE
31761;Software Engineer;Johannesburg;Pnet;Full-time;FALSE;December;FALSE
396831;Senior Data Scientist;Johannesburg;Pnet;Full-time;FALSE;December;FALSE
758681;Senior Data Engineer;Johannesburg;Pnet;Full-time;FALSE;March;FALSE
812822;Software Engineer;Johannesburg;Pnet;Full-time;FALSE;October;TRUE
872861;Software Engineer;Johannesburg;Pnet;Full-time;FALSE;September;FALSE
741633;Senior Data Engineer;Johannesburg;Pnet;Full-time;FALSE;May;TRUE
900670;Data Analyst;Johannesburg;Pnet;Full-time;FALSE;August;FALSE
1089782;Data Analyst;Johannesburg;Pnet;Full-time;FALSE;April;FALSE
1144043;Data Analyst;Johannesburg;Pnet;Full-time;FALSE;December;FALSE
1315157;Senior Data Engineer;Johannesburg;Pnet;Full-time;FALSE;March;FALSE
1317621;Senior Data Engineer;Johannesburg;Pnet;Full-time;FALSE;July;FALSE
1426645;Software Engineer;Johannesburg;Pnet;Full-time;FALSE;August;FALSE
1723547;Machine Learning Engineer;Johannesburg;Pnet;Full-time;FALSE;July;FALSE
1741432;Data Analyst;Johannesburg;Pnet;Full-time;FALSE;June;FALSE
316475;Machine Learning Engineer;Johannesburg;Pnet;Full-time;FALSE;April;TRUE
345185;Senior Data Analyst;Johannesburg;Pnet;Full-time;FALSE;October;FALSE
1265136;Software Engineer;Johannesburg;Pnet;Full-time;FALSE;December;TRUE
1475015;Senior Data Scientist;Johannesburg;Pnet;Full-time;FALSE;December;FALSE
1501323;Senior Data Scientist;Johannesburg;Pnet;Full-time;FALSE;November;FALSE
1522001;Software Engineer;Johannesburg;Pnet;Full-time;FALSE;April;TRUE
170387;Data Analyst;Johannesburg;Pnet;Full-time;FALSE;January;FALSE
1823527;Senior Data Engineer;Johannesburg;Pnet;Full-time;FALSE;February;TRUE
175166;Data Analyst;Johannesburg;Pnet;Full-time;FALSE;July;FALSE
253110;Senior Data Scientist;Johannesburg;Pnet;Full-time;FALSE;December;FALSE
348736;Data Analyst;Johannesburg;Pnet;Full-time;FALSE;October;TRUE
1071018;Data Analyst;Johannesburg;Pnet;Full-time;FALSE;August;FALSE
1238716;Data Analyst;Johannesburg;Pnet;Full-time;FALSE;May;FALSE
1326651;Cloud Engineer;Johannesburg;Pnet;Full-time;FALSE;July;FALSE
1580588;Machine Learning Engineer;Johannesburg;Pnet;Full-time;FALSE;December;FALSE
1583422;Senior Data Scientist;Johannesburg;Pnet;Full-time;FALSE;February;FALSE
694352;Data Analyst;Johannesburg;Pnet;Full-time;FALSE;October;FALSE
1049611;Data Analyst;Johannesburg;Pnet;Full-time;FALSE;January;TRUE
1348870;Senior Data Engineer;Johannesburg;Pnet;Full-time;FALSE;June;TRUE
20373;Senior Data Scientist;Johannesburg;Pnet;Full-time;FALSE;December;FALSE
80994;Machine Learning Engineer;Johannesburg;Pnet;Full-time;FALSE;July;FALSE
1660685;Senior Data Engineer;Johannesburg;Pnet;Full-time;FALSE;December;FALSE
1722030;Software Engineer;Johannesburg;Pnet;Full-time;FALSE;August;TRUE
1724598;Senior Data Engineer;Johannesburg;Pnet;Full-time;FALSE;January;FALSE
302384;Business Analyst;Johannesburg;Pnet;Full-time;FALSE;October;FALSE
363165;Senior Data Scientist;Johannesburg;Pnet;Full-time;FALSE;January;FALSE
368482;Data Analyst;Johannesburg;Pnet;Full-time;FALSE;March;FALSE
507185;Senior Data Engineer;Johannesburg;Pnet;Full-time;FALSE;December;FALSE
601943;Data Analyst;Johannesburg;Pnet;Full-time;FALSE;November;TRUE
606489;Data Analyst;Johannesburg;Pnet;Full-time;FALSE;July;TRUE
857005;Data Analyst;Johannesburg;Pnet;Full-time;FALSE;February;FALSE
882021;Senior Data Engineer;Johannesburg;Pnet;Full-time;FALSE;April;TRUE
1013208;Data Analyst;Johannesburg;Pnet;Full-time;FALSE;October;TRUE
1020512;Senior Data Scientist;Johannesburg;Pnet;Full-time;FALSE;November;FALSE
1339301;Data Analyst;Johannesburg;Pnet;Full-time;FALSE;January;TRUE
1359373;Senior Data Engineer;Johannesburg;Pnet;Full-time;FALSE;September;FALSE
1369130;Senior Data Engineer;Johannesburg;Pnet;Full-time;FALSE;November;FALSE
1542092;Senior Data Engineer;Johannesburg;Pnet;Full-time;FALSE;July;FALSE
1701231;Senior Data Engineer;Johannesburg;Pnet;Full-time;FALSE;February;FALSE
1702599;Senior Data Analyst;Johannesburg;Pnet;Full-time;FALSE;November;FALSE
1704902;Data Analyst;Johannesburg;Pnet;Full-time;FALSE;February;FALSE
95779;Senior Data Engineer;Johannesburg;Pnet;Full-time;FALSE;June;TRUE
1215608;Senior Data Engineer;Johannesburg;Pnet;Full-time;FALSE;August;FALSE
430180;Senior Data Engineer;Johannesburg;Pnet;Full-time;FALSE;October;TRUE
456801;Cloud Engineer;Johannesburg;Pnet;Full-time;FALSE;March;TRUE
491802;Senior Data Scientist;Johannesburg;Pnet;Full-time;FALSE;October;TRUE
763955;Data Analyst;Johannesburg;Pnet;Full-time;FALSE;June;FALSE
25065;Cloud Engineer;Johannesburg;Pnet;Full-time;FALSE;August;FALSE
70379;Data Analyst;Johannesburg;Pnet;Full-time;FALSE;October;FALSE
281793;Data Analyst;Johannesburg;Pnet;Full-time;FALSE;December;FALSE
651981;Business Analyst;Johannesburg;Pnet;Full-time;FALSE;November;TRUE
689359;Senior Data Engineer;Johannesburg;Pnet;Full-time;FALSE;September;TRUE
985097;Software Engineer;Johannesburg;Pnet;Full-time;FALSE;October;TRUE
782344;Data Analyst;Johannesburg;Pnet;Full-time;FALSE;October;FALSE
945498;Data Analyst;Johannesburg;Pnet;Full-time;FALSE;March;TRUE
1089408;Senior Data Engineer;Johannesburg;Pnet;Full-time;FALSE;April;TRUE
1734702;Cloud Engineer;Johannesburg;Pnet;Full-time;FALSE;March;FALSE
1784270;Software Engineer;Johannesburg;Pnet;Full-time;FALSE;October;FALSE
1472306;Senior Data Analyst;Johannesburg;Pnet;Full-time;FALSE;January;TRUE
1593885;Data Analyst;Johannesburg;Pnet;Full-time;FALSE;July;FALSE
1594158;Machine Learning Engineer;Johannesburg;Pnet;Full-time;FALSE;October;FALSE
329809;Data Scientist;Johannesburg;Pnet;Full-time;FALSE;March;TRUE
45121;Data Scientist;Johannesburg;Pnet;Full-time;FALSE;July;TRUE
1502637;Data Scientist;Johannesburg;Pnet;Full-time;FALSE;July;TRUE
96025;Data Scientist;Johannesburg;Pnet;Full-time;FALSE;April;FALSE
447973;Data Scientist;Johannesburg;Pnet;Full-time;FALSE;March;FALSE
586471;Data Scientist;Johannesburg;Pnet;Full-time;FALSE;May;FALSE
751692;Data Scientist;Johannesburg;Pnet;Full-time;FALSE;April;FALSE
1317466;Data Scientist;Johannesburg;Pnet;Full-time;FALSE;October;FALSE
408097;Data Scientist;Johannesburg;Pnet;Full-time;FALSE;April;FALSE
639373;Data Scientist;Johannesburg;Pnet;Full-time;FALSE;July;FALSE
701473;Data Scientist;Johannesburg;Pnet;Full-time;FALSE;April;FALSE
789827;Data Scientist;Johannesburg;Pnet;Full-time;FALSE;June;FALSE
947914;Data Scientist;Johannesburg;Pnet;Full-time;FALSE;March;FALSE
479925;Data Scientist;Johannesburg;Pnet;Full-time;FALSE;June;FALSE
752160;Data Scientist;Johannesburg;Pnet;Full-time;FALSE;November;FALSE
808798;Data Scientist;Johannesburg;Pnet;Full-time;FALSE;June;FALSE
949098;Data Scientist;Johannesburg;Pnet;Full-time;FALSE;November;FALSE
1169391;Data Scientist;Johannesburg;Pnet;Full-time;FALSE;July;FALSE
1361500;Data Scientist;Johannesburg;Pnet;Full-time;FALSE;November;FALSE
1374866;Data Scientist;Johannesburg;Pnet;Full-time;FALSE;March;FALSE
1622914;Data Scientist;Johannesburg;Pnet;Full-time;FALSE;December;FALSE
1638413;Data Scientist;Johannesburg;Pnet;Full-time;FALSE;March;FALSE
196272;Data Scientist;Johannesburg;Pnet;Full-time;FALSE;November;FALSE
389179;Data Scientist;Johannesburg;Pnet;Full-time;FALSE;May;FALSE
1490794;Data Scientist;Johannesburg;Pnet;Full-time;FALSE;October;FALSE
298342;Data Scientist;Johannesburg;Pnet;Full-time;FALSE;May;FALSE
552855;Data Scientist;Johannesburg;Pnet;Full-time;FALSE;February;FALSE
762928;Data Scientist;Johannesburg;Pnet;Full-time;FALSE;May;FALSE
1345081;Data Scientist;Johannesburg;Pnet;Full-time;FALSE;November;FALSE
1420572;Data Scientist;Johannesburg;Pnet;Full-time;FALSE;June;FALSE
9242;Data Scientist;Johannesburg;Pnet;Full-time;FALSE;October;FALSE
13081;Data Scientist;Johannesburg;Pnet;Full-time;FALSE;May;FALSE
203156;Data Scientist;Johannesburg;Pnet;Full-time;FALSE;August;FALSE
705586;Data Scientist;Johannesburg;Pnet;Full-time;FALSE;October;FALSE
286852;Data Scientist;Johannesburg;Pnet;Full-time;FALSE;September;FALSE
1058097;Data Scientist;Johannesburg;Pnet;Full-time;FALSE;July;FALSE
1386975;Data Scientist;Johannesburg;Pnet;Full-time;FALSE;December;FALSE
1396238;Data Scientist;Johannesburg;Pnet;Full-time;FALSE;May;FALSE
1587816;Data Scientist;Johannesburg;Pnet;Full-time;FALSE;November;FALSE
1690179;Data Scientist;Johannesburg;Pnet;Full-time;FALSE;April;FALSE
844295;Data Scientist;Johannesburg;Pnet;Full-time;FALSE;March;FALSE
1324570;Data Scientist;Johannesburg;Pnet;Full-time;FALSE;June;FALSE
1348267;Data Scientist;Johannesburg;Pnet;Full-time;FALSE;March;FALSE
1606454;Data Scientist;Johannesburg;Pnet;Full-time;FALSE;January;FALSE
98506;Data Scientist;Johannesburg;Pnet;Full-time;FALSE;March;FALSE
393755;Data Scientist;Johannesburg;Pnet;Full-time;FALSE;November;FALSE
544549;Data Scientist;Johannesburg;Pnet;Full-time;FALSE;June;FALSE
674854;Data Scientist;Johannesburg;Pnet;Full-time;FALSE;June;FALSE
865046;Data Scientist;Johannesburg;Pnet;Full-time;FALSE;June;FALSE
651608;Data Scientist;Johannesburg;Pnet;Full-time;FALSE;June;FALSE
1003434;Data Scientist;Johannesburg;Pnet;Full-time;FALSE;December;FALSE
1362277;Data Scientist;Johannesburg;Pnet;Full-time;FALSE;March;FALSE
1694744;Data Scientist;Johannesburg;Pnet;Full-time;FALSE;March;FALSE
741205;Data Scientist;Johannesburg;Pnet;Full-time;FALSE;January;FALSE
911544;Data Scientist;Johannesburg;Pnet;Full-time;FALSE;May;FALSE
1379791;Data Scientist;Johannesburg;Pnet;Full-time;FALSE;May;FALSE
1380760;Data Scientist;Johannesburg;Pnet;Full-time;FALSE;November;FALSE
1550731;Data Scientist;Johannesburg;Pnet;Full-time;FALSE;October;FALSE
67282;Data Scientist;Johannesburg;Pnet;Full-time;FALSE;March;FALSE
1708271;Data Scientist;Johannesburg;Pnet;Full-time;FALSE;August;FALSE
1783200;Data Scientist;Johannesburg;Pnet;Full-time;FALSE;April;FALSE
199778;Data Scientist;Johannesburg;Pnet;Full-time;FALSE;January;FALSE
202350;Data Scientist;Johannesburg;Pnet;Full-time;FALSE;July;FALSE
205320;Data Scientist;Johannesburg;Pnet;Full-time;FALSE;October;FALSE
318725;Data Scientist;Johannesburg;Pnet;Full-time;FALSE;August;FALSE
320779;Data Scientist;Johannesburg;Pnet;Full-time;FALSE;March;FALSE
486760;Data Scientist;Johannesburg;Pnet;Full-time;FALSE;August;FALSE
638019;Data Scientist;Johannesburg;Pnet;Full-time;FALSE;June;FALSE
846172;Data Scientist;Johannesburg;Pnet;Full-time;FALSE;October;FALSE
1629308;Data Scientist;Johannesburg;Pnet;Full-time;FALSE;January;FALSE
1642963;Data Scientist;Johannesburg;Pnet;Full-time;FALSE;May;FALSE
1815304;Data Scientist;Johannesburg;Pnet;Full-time;FALSE;June;FALSE
482488;Data Scientist;Johannesburg;Pnet;Full-time;FALSE;July;FALSE
127380;Data Scientist;Johannesburg;Pnet;Full-time;FALSE;July;FALSE
304256;Data Scientist;Johannesburg;Pnet;Full-time;FALSE;May;FALSE
359529;Data Scientist;Johannesburg;Pnet;Full-time;FALSE;June;FALSE
811939;Data Scientist;Johannesburg;Pnet;Full-time;FALSE;March;FALSE
897902;Data Scientist;Johannesburg;Pnet;Full-time;FALSE;January;FALSE
938730;Data Scientist;Johannesburg;Pnet;Full-time;FALSE;July;FALSE
1012786;Data Scientist;Johannesburg;Pnet;Full-time;FALSE;June;FALSE
698889;Data Engineer;Johannesburg;Pnet;Full-time;FALSE;October;FALSE
245839;Data Engineer;Johannesburg;Pnet;Full-time;FALSE;November;FALSE
762859;Data Engineer;Johannesburg;Pnet;Full-time;FALSE;August;FALSE
940247;Data Engineer;Johannesburg;Pnet;Full-time;FALSE;August;TRUE
1034479;Data Engineer;Johannesburg;Pnet;Full-time;FALSE;July;FALSE
1600821;Data Engineer;Johannesburg;Pnet;Full-time;FALSE;March;TRUE
1639086;Data Engineer;Johannesburg;Pnet;Full-time;FALSE;August;TRUE
4964;Data Engineer;Johannesburg;Pnet;Full-time;FALSE;November;TRUE
234432;Data Engineer;Johannesburg;Pnet;Full-time;FALSE;October;TRUE
313144;Data Engineer;Johannesburg;Pnet;Full-time;FALSE;September;FALSE
391817;Data Engineer;Johannesburg;Pnet;Full-time;FALSE;March;TRUE
488186;Data Engineer;Johannesburg;Pnet;Full-time;FALSE;September;FALSE
658838;Data Engineer;Johannesburg;Pnet;Full-time;FALSE;March;FALSE
875221;Data Engineer;Johannesburg;Pnet;Full-time;FALSE;March;TRUE
877283;Data Engineer;Johannesburg;Pnet;Full-time;FALSE;February;FALSE
1018641;Data Engineer;Johannesburg;Pnet;Full-time;FALSE;January;FALSE
1395401;Data Engineer;Johannesburg;Pnet;Full-time;FALSE;January;TRUE
1504052;Data Engineer;Johannesburg;Pnet;Full-time;FALSE;October;TRUE
1701182;Data Engineer;Johannesburg;Pnet;Full-time;FALSE;February;FALSE
1763363;Data Engineer;Johannesburg;Pnet;Full-time;FALSE;May;TRUE
25455;Data Engineer;Johannesburg;Pnet;Full-time;FALSE;February;FALSE
25498;Data Engineer;Johannesburg;Pnet;Full-time;FALSE;December;FALSE
96193;Data Engineer;Johannesburg;Pnet;Full-time;FALSE;July;TRUE
184144;Data Engineer;Johannesburg;Pnet;Full-time;FALSE;June;TRUE
240407;Data Engineer;Johannesburg;Pnet;Full-time;FALSE;December;FALSE
308022;Data Engineer;Johannesburg;Pnet;Full-time;FALSE;March;FALSE
400031;Data Engineer;Johannesburg;Pnet;Full-time;FALSE;June;FALSE
798852;Data Engineer;Johannesburg;Pnet;Full-time;FALSE;March;FALSE
865457;Data Engineer;Johannesburg;Pnet;Full-time;FALSE;August;FALSE
931700;Data Engineer;Johannesburg;Pnet;Full-time;FALSE;October;FALSE
1154143;Data Engineer;Johannesburg;Pnet;Full-time;FALSE;April;TRUE
1545093;Data Engineer;Johannesburg;Pnet;Full-time;FALSE;November;FALSE
1775179;Data Engineer;Johannesburg;Pnet;Full-time;FALSE;February;FALSE
91031;Data Engineer;Johannesburg;Pnet;Full-time;FALSE;April;FALSE
553949;Data Engineer;Johannesburg;Pnet;Full-time;FALSE;February;FALSE
45874;Data Engineer;Johannesburg;Pnet;Full-time;FALSE;August;FALSE
243985;Data Engineer;Johannesburg;Pnet;Full-time;FALSE;October;TRUE
497210;Data Engineer;Johannesburg;Pnet;Full-time;FALSE;November;TRUE
861604;Data Engineer;Johannesburg;Pnet;Full-time;FALSE;February;FALSE
887573;Data Engineer;Johannesburg;Pnet;Full-time;FALSE;June;FALSE
1404613;Data Engineer;Johannesburg;Pnet;Full-time;FALSE;October;FALSE
1753403;Data Engineer;Johannesburg;Pnet;Full-time;FALSE;November;TRUE
685294;Data Engineer;Johannesburg;Pnet;Full-time;FALSE;September;FALSE
1016234;Data Engineer;Johannesburg;Pnet;Full-time;FALSE;February;TRUE
3740;Data Engineer;Johannesburg;Pnet;Full-time;FALSE;May;TRUE
241138;Data Engineer;Johannesburg;Pnet;Full-time;FALSE;February;FALSE
326602;Data Engineer;Johannesburg;Pnet;Full-time;FALSE;November;FALSE
359636;Data Engineer;Johannesburg;Pnet;Full-time;FALSE;November;TRUE
499660;Data Engineer;Johannesburg;Pnet;Full-time;FALSE;May;FALSE
789712;Data Engineer;Johannesburg;Pnet;Full-time;FALSE;June;FALSE
1145467;Data Engineer;Johannesburg;Pnet;Full-time;FALSE;November;TRUE
1299210;Data Engineer;Johannesburg;Pnet;Full-time;FALSE;March;TRUE
1751763;Data Engineer;Johannesburg;Pnet;Full-time;FALSE;October;TRUE
96102;Data Engineer;Johannesburg;Pnet;Full-time;FALSE;July;TRUE
371084;Data Engineer;Johannesburg;Pnet;Full-time;FALSE;February;TRUE
416605;Data Engineer;Johannesburg;Pnet;Full-time;FALSE;September;FALSE
527274;Data Engineer;Johannesburg;Pnet;Full-time;FALSE;August;TRUE
871972;Data Engineer;Johannesburg;Pnet;Full-time;FALSE;February;TRUE
1025366;Data Engineer;Johannesburg;Pnet;Full-time;FALSE;July;FALSE
941581;Data Engineer;Johannesburg;Pnet;Full-time;FALSE;October;TRUE
1068041;Data Engineer;Johannesburg;Pnet;Full-time;FALSE;April;TRUE
1129692;Data Engineer;Johannesburg;Pnet;Full-time;FALSE;April;FALSE
1202395;Data Engineer;Johannesburg;Pnet;Full-time;FALSE;April;FALSE
208258;Data Engineer;Johannesburg;Pnet;Full-time;FALSE;April;TRUE
356607;Data Engineer;Johannesburg;Pnet;Full-time;FALSE;October;FALSE
385030;Data Engineer;Johannesburg;Pnet;Full-time;FALSE;April;FALSE
401466;Data Engineer;Johannesburg;Pnet;Full-time;FALSE;July;FALSE
404802;Data Engineer;Johannesburg;Pnet;Full-time;FALSE;March;FALSE
434290;Data Engineer;Johannesburg;Pnet;Full-time;FALSE;June;FALSE
437737;Data Engineer;Johannesburg;Pnet;Full-time;FALSE;June;FALSE
1794527;Data Engineer;Johannesburg;Pnet;Full-time;FALSE;March;FALSE
1106;Data Engineer;Johannesburg;Pnet;Full-time;FALSE;October;FALSE
73234;Data Engineer;Johannesburg;Pnet;Full-time;FALSE;August;FALSE
289411;Data Engineer;Johannesburg;Pnet;Full-time;FALSE;September;FALSE
547264;Data Engineer;Johannesburg;Pnet;Full-time;FALSE;April;TRUE
635520;Data Engineer;Johannesburg;Pnet;Full-time;FALSE;September;TRUE
774717;Data Engineer;Johannesburg;Pnet;Full-time;FALSE;January;FALSE
935570;Data Engineer;Johannesburg;Pnet;Full-time;FALSE;August;TRUE
792517;Data Engineer;Johannesburg;Pnet;Full-time;FALSE;November;FALSE
88440;Data Engineer;Johannesburg;Pnet;Full-time;FALSE;October;TRUE
1664476;Data Engineer;Johannesburg;Pnet;Full-time;FALSE;January;TRUE
1668015;Data Engineer;Johannesburg;Pnet;Full-time;FALSE;June;FALSE
60922;Data Engineer;Johannesburg;Pnet;Full-time;FALSE;September;FALSE
277122;Data Engineer;Johannesburg;Pnet;Full-time;FALSE;October;FALSE
338392;Data Engineer;Johannesburg;Pnet;Full-time;FALSE;February;FALSE
394317;Data Engineer;Johannesburg;Pnet;Full-time;FALSE;September;FALSE
404581;Data Engineer;Johannesburg;Pnet;Full-time;FALSE;March;FALSE
780084;Data Engineer;Johannesburg;Pnet;Full-time;FALSE;October;TRUE
1002772;Data Engineer;Johannesburg;Pnet;Full-time;FALSE;November;FALSE
1069807;Data Engineer;Johannesburg;Pnet;Full-time;FALSE;October;FALSE
1364427;Data Engineer;Johannesburg;Pnet;Full-time;FALSE;July;FALSE
12284;Data Engineer;Johannesburg;Pnet;Full-time;FALSE;February;FALSE
375356;Data Engineer;Johannesburg;Pnet;Full-time;FALSE;February;TRUE
576053;Data Engineer;Johannesburg;Pnet;Full-time;FALSE;October;TRUE
347497;Data Engineer;Johannesburg;Pnet;Full-time;FALSE;October;FALSE
449894;Data Engineer;Johannesburg;Pnet;Full-time;FALSE;February;FALSE
497968;Data Engineer;Johannesburg;Pnet;Full-time;FALSE;March;FALSE
652234;Data Engineer;Johannesburg;Pnet;Full-time;FALSE;September;TRUE
978156;Data Engineer;Johannesburg;Pnet;Full-time;FALSE;November;TRUE
1225473;Data Engineer;Johannesburg;Pnet;Full-time;FALSE;February;FALSE
1790865;Data Engineer;Johannesburg;Pnet;Full-time;FALSE;February;TRUE
1329401;Data Engineer;Johannesburg;Pnet;Full-time;FALSE;November;FALSE
1426447;Data Engineer;Johannesburg;Pnet;Full-time;FALSE;August;FALSE
1452957;Data Engineer;Johannesburg;Pnet;Full-time;FALSE;October;TRUE
1516065;Data Engineer;Johannesburg;Pnet;Full-time;FALSE;April;FALSE
1519052;Data Engineer;Johannesburg;Pnet;Full-time;FALSE;June;FALSE
1652184;Data Engineer;Johannesburg;Pnet;Full-time;FALSE;October;FALSE
835726;Data Engineer;Johannesburg;Indeed;Full-time;FALSE;May;TRUE
334873;Data Engineer;Johannesburg;Indeed;Full-time;FALSE;October;TRUE
370701;Data Engineer;Johannesburg;Indeed;Full-time;FALSE;April;TRUE
404695;Data Engineer;Johannesburg;Indeed;Full-time;FALSE;March;TRUE
921731;Data Engineer;Johannesburg;Indeed;Full-time;FALSE;September;TRUE
1428956;Data Engineer;Johannesburg;Indeed;Full-time;FALSE;March;TRUE
382206;Data Engineer;Johannesburg;Indeed;Full-time;FALSE;May;TRUE
646185;Data Engineer;Johannesburg;Indeed;Full-time;FALSE;June;TRUE
111797;Data Engineer;Johannesburg;Indeed;Full-time;FALSE;July;TRUE
741166;Data Engineer;Johannesburg;Indeed;Full-time;FALSE;July;TRUE
887808;Data Engineer;Johannesburg;Indeed;Full-time;FALSE;May;TRUE
1320833;Data Engineer;Johannesburg;Indeed;Full-time;FALSE;April;TRUE
520056;Data Engineer;Johannesburg;Indeed;Full-time;FALSE;March;TRUE
726282;Data Engineer;Johannesburg;Indeed;Full-time;FALSE;February;TRUE
257561;Data Engineer;Johannesburg;Indeed;Full-time;FALSE;January;TRUE
367781;Data Engineer;Johannesburg;Indeed;Full-time;FALSE;March;TRUE
1166011;Data Engineer;Johannesburg;Indeed;Full-time;FALSE;May;TRUE
1732582;Data Engineer;Johannesburg;Indeed;Full-time;FALSE;July;TRUE
70551;Data Engineer;Johannesburg;Indeed;Full-time;FALSE;August;TRUE
1411338;Data Engineer;Johannesburg;Indeed;Full-time;FALSE;May;TRUE
1566085;Data Engineer;Johannesburg;Indeed;Full-time;FALSE;January;TRUE
1227343;Data Engineer;Johannesburg;Indeed;Full-time;FALSE;January;TRUE
369109;Data Engineer;Johannesburg;Indeed;Full-time;FALSE;February;TRUE
746076;Data Engineer;Johannesburg;Indeed;Full-time;FALSE;October;TRUE
1086176;Data Engineer;Johannesburg;Indeed;Full-time;FALSE;June;TRUE
1408269;Data Engineer;Johannesburg;Indeed;Full-time;FALSE;March;TRUE
1511999;Data Engineer;Johannesburg;Indeed;Full-time;FALSE;January;TRUE
755121;Data Engineer;Johannesburg;Indeed;Full-time;FALSE;July;TRUE
894607;Data Engineer;Johannesburg;Indeed;Full-time;FALSE;October;TRUE
1472989;Data Engineer;Johannesburg;Indeed;Full-time;FALSE;January;TRUE
100841;Data Engineer;Johannesburg;Indeed;Full-time;FALSE;May;FALSE
202555;Data Engineer;Johannesburg;Indeed;Full-time;FALSE;April;FALSE
519903;Data Engineer;Johannesburg;Indeed;Full-time;FALSE;June;FALSE
802058;Data Engineer;Johannesburg;Indeed;Full-time;FALSE;May;FALSE
869676;Data Engineer;Johannesburg;Indeed;Full-time;FALSE;May;FALSE
127952;Data Engineer;Johannesburg;Indeed;Full-time;FALSE;March;FALSE
258823;Data Engineer;Johannesburg;Indeed;Full-time;FALSE;October;FALSE
1304601;Data Engineer;Johannesburg;Indeed;Full-time;FALSE;October;FALSE
913593;Data Engineer;Johannesburg;Indeed;Full-time;FALSE;February;FALSE
18929;Data Engineer;Johannesburg;Indeed;Full-time;FALSE;February;FALSE
100735;Data Engineer;Johannesburg;Indeed;Full-time;FALSE;December;FALSE
176120;Data Engineer;Johannesburg;Indeed;Full-time;FALSE;October;FALSE
312412;Data Engineer;Johannesburg;Indeed;Full-time;FALSE;August;FALSE
427758;Data Engineer;Johannesburg;Indeed;Full-time;FALSE;April;FALSE
493045;Data Engineer;Johannesburg;Indeed;Full-time;FALSE;October;FALSE
516879;Data Engineer;Johannesburg;Indeed;Full-time;FALSE;June;FALSE
921590;Data Engineer;Johannesburg;Indeed;Full-time;FALSE;May;FALSE
213345;Data Engineer;Johannesburg;Indeed;Full-time;FALSE;March;FALSE
905278;Data Engineer;Johannesburg;Indeed;Full-time;FALSE;June;FALSE
212122;Data Engineer;Johannesburg;Indeed;Full-time;FALSE;May;FALSE
285473;Data Engineer;Johannesburg;Indeed;Full-time;FALSE;February;FALSE
292124;Data Engineer;Johannesburg;Indeed;Full-time;FALSE;October;FALSE
576959;Data Engineer;Johannesburg;Indeed;Full-time;FALSE;February;FALSE
895337;Data Engineer;Johannesburg;Indeed;Full-time;FALSE;November;FALSE
960950;Data Engineer;Johannesburg;Indeed;Full-time;FALSE;November;FALSE
1097254;Data Engineer;Johannesburg;Indeed;Full-time;FALSE;March;FALSE
1299938;Data Engineer;Johannesburg;Indeed;Full-time;FALSE;March;FALSE
1701140;Data Engineer;Johannesburg;Indeed;Full-time;FALSE;August;FALSE
331763;Data Engineer;Johannesburg;Indeed;Full-time;FALSE;September;FALSE
424891;Data Engineer;Johannesburg;Indeed;Full-time;FALSE;October;FALSE
705693;Data Engineer;Johannesburg;Indeed;Full-time;FALSE;October;FALSE
506420;Data Engineer;Johannesburg;Indeed;Full-time;FALSE;February;FALSE
678925;Data Engineer;Johannesburg;Indeed;Full-time;FALSE;July;FALSE
194311;Data Engineer;Johannesburg;Indeed;Full-time;FALSE;May;FALSE
336615;Data Engineer;Johannesburg;Indeed;Full-time;FALSE;June;FALSE
367601;Data Engineer;Johannesburg;Indeed;Full-time;FALSE;January;FALSE
44788;Data Engineer;Johannesburg;Indeed;Full-time;FALSE;February;FALSE
1264391;Data Engineer;Johannesburg;Indeed;Full-time;FALSE;May;FALSE
1400551;Data Engineer;Johannesburg;Indeed;Full-time;FALSE;March;FALSE
719200;Data Engineer;Johannesburg;Indeed;Full-time;FALSE;September;FALSE
1055362;Data Engineer;Johannesburg;Indeed;Full-time;FALSE;March;FALSE
97327;Data Engineer;Johannesburg;Indeed;Full-time;FALSE;May;FALSE
780311;Data Engineer;Johannesburg;Indeed;Full-time;FALSE;November;FALSE
920878;Data Engineer;Johannesburg;Indeed;Full-time;FALSE;March;FALSE
678592;Data Engineer;Johannesburg;Indeed;Full-time;FALSE;November;FALSE
1304891;Data Engineer;Johannesburg;Indeed;Full-time;FALSE;May;FALSE
1609086;Data Engineer;Johannesburg;Indeed;Full-time;FALSE;April;FALSE
1673715;Data Engineer;Johannesburg;Indeed;Full-time;FALSE;June;FALSE
830127;Data Engineer;Johannesburg;Indeed;Full-time;FALSE;April;FALSE
67548;Data Engineer;Johannesburg;Indeed;Full-time;FALSE;February;FALSE
340816;Data Engineer;Johannesburg;Indeed;Full-time;FALSE;June;FALSE
448665;Data Engineer;Johannesburg;Indeed;Full-time;FALSE;April;FALSE
1234822;Data Engineer;Johannesburg;Indeed;Full-time;FALSE;June;FALSE
1414648;Data Engineer;Johannesburg;Indeed;Full-time;FALSE;July;FALSE
1814631;Data Engineer;Johannesburg;Indeed;Full-time;FALSE;January;FALSE
632489;Data Engineer;Johannesburg;Indeed;Full-time;FALSE;September;FALSE
1363800;Data Engineer;Johannesburg;Indeed;Full-time;FALSE;September;FALSE
85504;Data Engineer;Johannesburg;Indeed;Full-time;FALSE;January;FALSE
861401;Data Engineer;Johannesburg;Indeed;Full-time;FALSE;April;FALSE
1108460;Data Engineer;Johannesburg;Indeed;Full-time;FALSE;March;FALSE
1237600;Data Engineer;Johannesburg;Indeed;Full-time;FALSE;October;FALSE
869802;Data Engineer;Johannesburg;Indeed;Full-time;FALSE;October;FALSE
84610;Data Engineer;Johannesburg;Indeed;Full-time;FALSE;December;FALSE
1084256;Data Engineer;Johannesburg;Indeed;Full-time;FALSE;January;FALSE
122443;Data Engineer;Johannesburg;Indeed;Full-time;FALSE;March;FALSE
395758;Data Engineer;Johannesburg;Indeed;Full-time;FALSE;July;FALSE
413300;Data Engineer;Johannesburg;Indeed;Full-time;FALSE;April;FALSE
837899;Data Scientist;Johannesburg;Indeed;Full-time;FALSE;September;FALSE
90225;Data Scientist;Johannesburg;Indeed;Full-time;FALSE;June;FALSE
528735;Data Scientist;Johannesburg;Indeed;Full-time;FALSE;February;FALSE
808256;Data Scientist;Johannesburg;Indeed;Full-time;FALSE;April;FALSE
1453854;Data Scientist;Johannesburg;Indeed;Full-time;FALSE;May;FALSE
147846;Data Scientist;Johannesburg;Indeed;Full-time;FALSE;June;FALSE
262703;Data Scientist;Johannesburg;Indeed;Full-time;FALSE;April;FALSE
974722;Data Scientist;Johannesburg;Indeed;Full-time;FALSE;May;FALSE
155096;Data Scientist;Johannesburg;Indeed;Full-time;FALSE;June;FALSE
325134;Data Scientist;Johannesburg;Indeed;Full-time;FALSE;April;FALSE
447493;Data Scientist;Johannesburg;Indeed;Full-time;FALSE;May;FALSE
521544;Data Scientist;Johannesburg;Indeed;Full-time;FALSE;August;FALSE
1347006;Data Scientist;Johannesburg;Indeed;Full-time;FALSE;June;FALSE
1761534;Data Scientist;Johannesburg;Indeed;Full-time;FALSE;May;FALSE
1764535;Data Scientist;Johannesburg;Indeed;Full-time;FALSE;February;FALSE
12791;Data Scientist;Johannesburg;Indeed;Full-time;FALSE;October;FALSE
572940;Data Scientist;Johannesburg;Indeed;Full-time;FALSE;January;FALSE
596124;Data Scientist;Johannesburg;Indeed;Full-time;FALSE;March;FALSE
795420;Data Scientist;Johannesburg;Indeed;Full-time;FALSE;October;FALSE
979358;Data Scientist;Johannesburg;Indeed;Full-time;FALSE;June;FALSE
1377876;Data Scientist;Johannesburg;Indeed;Full-time;FALSE;July;FALSE
1758896;Data Scientist;Johannesburg;Indeed;Full-time;FALSE;March;FALSE
300807;Data Scientist;Johannesburg;Indeed;Full-time;FALSE;February;FALSE
692175;Data Scientist;Johannesburg;Indeed;Full-time;FALSE;July;FALSE
74345;Data Scientist;Johannesburg;Indeed;Full-time;FALSE;January;FALSE
193520;Data Scientist;Johannesburg;Indeed;Full-time;FALSE;April;FALSE
535175;Data Scientist;Johannesburg;Indeed;Full-time;FALSE;April;FALSE
174870;Data Scientist;Johannesburg;Indeed;Full-time;FALSE;June;FALSE
835050;Data Scientist;Johannesburg;Indeed;Full-time;FALSE;March;FALSE
1459895;Data Scientist;Johannesburg;Indeed;Full-time;FALSE;May;FALSE
1727724;Data Scientist;Johannesburg;Indeed;Full-time;FALSE;April;FALSE
821204;Data Scientist;Johannesburg;Indeed;Full-time;FALSE;October;FALSE
1471998;Data Scientist;Johannesburg;Indeed;Full-time;FALSE;September;FALSE
1761967;Data Scientist;Johannesburg;Indeed;Full-time;FALSE;March;FALSE
245064;Data Scientist;Johannesburg;Indeed;Full-time;FALSE;November;FALSE
323861;Data Scientist;Johannesburg;Indeed;Full-time;FALSE;October;FALSE
559712;Data Scientist;Johannesburg;Indeed;Full-time;FALSE;May;FALSE
927331;Data Scientist;Johannesburg;Indeed;Full-time;FALSE;September;FALSE
1146970;Data Scientist;Johannesburg;Indeed;Full-time;FALSE;November;FALSE
1193138;Data Scientist;Johannesburg;Indeed;Full-time;FALSE;June;FALSE
27552;Data Scientist;Johannesburg;Indeed;Full-time;FALSE;August;FALSE
410740;Data Scientist;Johannesburg;Indeed;Full-time;FALSE;January;FALSE
1804927;Data Scientist;Johannesburg;Indeed;Full-time;FALSE;September;FALSE
205440;Data Scientist;Johannesburg;Indeed;Full-time;FALSE;January;FALSE
339826;Data Scientist;Johannesburg;Indeed;Full-time;FALSE;March;FALSE
597266;Data Scientist;Johannesburg;Indeed;Full-time;FALSE;September;FALSE
962771;Data Scientist;Johannesburg;Indeed;Full-time;FALSE;March;FALSE
1085322;Data Scientist;Johannesburg;Indeed;Full-time;FALSE;April;FALSE
1379899;Data Scientist;Johannesburg;Indeed;Full-time;FALSE;January;FALSE
1710998;Data Scientist;Johannesburg;Indeed;Full-time;FALSE;September;FALSE
1760586;Data Scientist;Johannesburg;Indeed;Full-time;FALSE;July;FALSE
38629;Data Scientist;Johannesburg;Indeed;Full-time;FALSE;June;FALSE
48860;Data Scientist;Johannesburg;Indeed;Full-time;FALSE;August;FALSE
990196;Data Scientist;Johannesburg;Indeed;Full-time;FALSE;June;FALSE
1701498;Data Scientist;Johannesburg;Indeed;Full-time;FALSE;May;FALSE
1816519;Data Scientist;Johannesburg;Indeed;Full-time;FALSE;October;FALSE
1806733;Data Scientist;Johannesburg;Indeed;Full-time;FALSE;January;FALSE
1199476;Data Scientist;Johannesburg;Indeed;Full-time;FALSE;January;FALSE
1239611;Data Scientist;Johannesburg;Indeed;Full-time;FALSE;April;FALSE
398132;Data Scientist;Johannesburg;Indeed;Full-time;FALSE;March;FALSE
1207713;Data Scientist;Johannesburg;Indeed;Full-time;FALSE;April;FALSE
117314;Data Scientist;Johannesburg;Indeed;Full-time;FALSE;August;FALSE
736207;Data Scientist;Johannesburg;Indeed;Full-time;FALSE;January;FALSE
1335103;Data Scientist;Johannesburg;Indeed;Full-time;FALSE;January;FALSE
228803;Data Scientist;Johannesburg;Indeed;Full-time;FALSE;April;FALSE
423405;Data Scientist;Johannesburg;Indeed;Full-time;FALSE;June;FALSE
848647;Data Scientist;Johannesburg;Indeed;Full-time;FALSE;June;FALSE
1003507;Data Scientist;Johannesburg;Indeed;Full-time;FALSE;February;FALSE
1285944;Data Scientist;Johannesburg;Indeed;Full-time;FALSE;September;FALSE
98500;Data Scientist;Johannesburg;Indeed;Full-time;FALSE;June;TRUE
659516;Data Analyst;Johannesburg;Indeed;Full-time;FALSE;June;FALSE
1289966;Senior Data Engineer;Johannesburg;Indeed;Full-time;FALSE;June;TRUE
1041004;Senior Data Engineer;Johannesburg;Indeed;Full-time;FALSE;July;FALSE
1314600;Data Analyst;Johannesburg;Indeed;Full-time;FALSE;October;FALSE
1349187;Data Analyst;Johannesburg;Indeed;Full-time;FALSE;August;FALSE
1426314;Senior Data Engineer;Johannesburg;Indeed;Full-time;FALSE;February;FALSE
382419;Senior Data Engineer;Johannesburg;Indeed;Full-time;FALSE;January;FALSE
905385;Senior Data Engineer;Johannesburg;Indeed;Full-time;FALSE;September;FALSE
1304688;Senior Data Engineer;Johannesburg;Indeed;Full-time;FALSE;August;FALSE
1416875;Senior Data Engineer;Johannesburg;Indeed;Full-time;FALSE;March;TRUE
73063;Cloud Engineer;Johannesburg;Indeed;Full-time;FALSE;April;FALSE
327554;Data Analyst;Johannesburg;Indeed;Full-time;FALSE;September;FALSE
772149;Data Analyst;Johannesburg;Indeed;Full-time;FALSE;September;FALSE
360184;Senior Data Engineer;Johannesburg;Indeed;Full-time;FALSE;March;TRUE
1068473;Senior Data Engineer;Johannesburg;Indeed;Full-time;FALSE;August;FALSE
1441709;Senior Data Scientist;Johannesburg;Indeed;Full-time;FALSE;October;FALSE
1697103;Data Analyst;Johannesburg;Indeed;Full-time;FALSE;February;FALSE
943148;Senior Data Scientist;Johannesburg;Indeed;Full-time;FALSE;January;FALSE
634365;Senior Data Engineer;Johannesburg;Indeed;Full-time;FALSE;May;FALSE
100382;Senior Data Scientist;Johannesburg;Indeed;Full-time;FALSE;July;FALSE
1179187;Senior Data Engineer;Johannesburg;Indeed;Full-time;FALSE;May;TRUE
1658709;Senior Data Engineer;Johannesburg;Indeed;Full-time;FALSE;May;TRUE
241870;Data Analyst;Johannesburg;Indeed;Full-time;FALSE;September;TRUE
421187;Senior Data Scientist;Johannesburg;Indeed;Full-time;FALSE;July;FALSE
638842;Senior Data Scientist;Johannesburg;Indeed;Full-time;FALSE;September;FALSE
884049;Data Analyst;Johannesburg;Indeed;Full-time;FALSE;September;FALSE
1290762;Machine Learning Engineer;Johannesburg;Indeed;Full-time;FALSE;October;FALSE
674059;Senior Data Engineer;Johannesburg;Indeed;Full-time;FALSE;July;TRUE
942391;Senior Data Scientist;Johannesburg;Indeed;Full-time;FALSE;October;FALSE
1260134;Machine Learning Engineer;Johannesburg;Indeed;Full-time;FALSE;February;FALSE
1349412;Senior Data Scientist;Johannesburg;Indeed;Full-time;FALSE;June;FALSE
1647725;Data Analyst;Johannesburg;Indeed;Full-time;FALSE;April;FALSE
1634396;Senior Data Engineer;Johannesburg;Indeed;Full-time;FALSE;May;FALSE
1719318;Data Analyst;Johannesburg;Indeed;Full-time;FALSE;June;FALSE
547325;Senior Data Scientist;Johannesburg;Indeed;Full-time;FALSE;August;FALSE
793328;Senior Data Analyst;Johannesburg;Indeed;Full-time;FALSE;August;FALSE
340103;Senior Data Engineer;Johannesburg;Indeed;Full-time;FALSE;June;TRUE
794600;Machine Learning Engineer;Johannesburg;Indeed;Full-time;FALSE;June;FALSE
1516160;Cloud Engineer;Johannesburg;Indeed;Full-time;FALSE;April;FALSE
1616001;Data Analyst;Johannesburg;Indeed;Full-time;FALSE;September;FALSE
732934;Data Analyst;Johannesburg;Indeed;Full-time;FALSE;August;FALSE
686405;Data Analyst;Johannesburg;Indeed;Full-time;FALSE;January;FALSE
783035;Data Analyst;Johannesburg;Indeed;Full-time;FALSE;September;TRUE
1278728;Data Analyst;Johannesburg;Indeed;Full-time;FALSE;October;FALSE
1660529;Senior Data Engineer;Johannesburg;Indeed;Full-time;FALSE;January;FALSE
1729583;Senior Data Scientist;Johannesburg;Indeed;Full-time;FALSE;March;FALSE
814310;Data Analyst;Johannesburg;Indeed;Full-time;FALSE;September;FALSE
729593;Data Analyst;Johannesburg;Indeed;Full-time;FALSE;August;FALSE
1373320;Data Analyst;Johannesburg;Indeed;Full-time;FALSE;October;TRUE
1412805;Senior Data Scientist;Johannesburg;Indeed;Full-time;FALSE;August;FALSE
1472022;Machine Learning Engineer;Johannesburg;Indeed;Full-time;FALSE;March;FALSE
943870;Senior Data Engineer;Johannesburg;South;Full-time;FALSE;January;FALSE
1424511;Data Engineer;Johannesburg;South;Full-time;FALSE;February;FALSE
1343638;Business Analyst;Johannesburg;South;Full-time;FALSE;February;FALSE
1346125;Data Scientist;Johannesburg;South;Full-time;FALSE;February;FALSE
1350061;Software Engineer;Johannesburg;South;Full-time;FALSE;February;TRUE
1353408;Data Engineer;Johannesburg;South;Full-time;FALSE;February;TRUE
1353410;Software Engineer;Johannesburg;South;Full-time;FALSE;February;FALSE
1355129;Senior Data Engineer;Johannesburg;South;Full-time;FALSE;February;FALSE
1365114;Senior Data Engineer;Johannesburg;South;Full-time;FALSE;February;FALSE
1366709;Data Engineer;Johannesburg;South;Full-time;FALSE;February;FALSE
1367422;Data Scientist;Johannesburg;South;Full-time;FALSE;February;FALSE
1368983;Data Engineer;Johannesburg;South;Full-time;FALSE;February;FALSE
1369706;Data Scientist;Johannesburg;South;Full-time;FALSE;February;FALSE
1371482;Data Engineer;Johannesburg;South;Full-time;FALSE;February;FALSE
1372312;Data Scientist;Johannesburg;South;Full-time;FALSE;February;FALSE
1374143;Data Engineer;Johannesburg;South;Full-time;FALSE;February;FALSE
1374997;Data Scientist;Johannesburg;South;Full-time;FALSE;February;FALSE
1377010;Data Engineer;Johannesburg;South;Full-time;FALSE;February;FALSE
1377952;Data Scientist;Johannesburg;South;Full-time;FALSE;February;FALSE
1380292;Data Engineer;Johannesburg;South;Full-time;FALSE;February;FALSE
1381099;Software Engineer;Johannesburg;South;Full-time;FALSE;February;FALSE
1381373;Data Scientist;Johannesburg;South;Full-time;FALSE;February;FALSE
1383177;Data Engineer;Johannesburg;South;Full-time;FALSE;February;FALSE
1384005;Data Scientist;Johannesburg;South;Full-time;FALSE;February;FALSE
1385806;Data Engineer;Johannesburg;South;Full-time;FALSE;February;FALSE
1386646;Data Scientist;Johannesburg;South;Full-time;FALSE;February;FALSE
1388345;Data Engineer;Johannesburg;South;Full-time;FALSE;February;FALSE
1389127;Data Scientist;Johannesburg;South;Full-time;FALSE;February;FALSE
1391107;Data Engineer;Johannesburg;South;Full-time;FALSE;February;FALSE
1392036;Data Scientist;Johannesburg;South;Full-time;FALSE;February;FALSE
1393967;Data Engineer;Johannesburg;South;Full-time;FALSE;February;FALSE
1394873;Data Scientist;Johannesburg;South;Full-time;FALSE;February;FALSE
1397302;Data Engineer;Johannesburg;South;Full-time;FALSE;February;FALSE
1398139;Software Engineer;Johannesburg;South;Full-time;FALSE;February;FALSE
1398425;Data Scientist;Johannesburg;South;Full-time;FALSE;February;FALSE
1400635;Senior Data Engineer;Johannesburg;South;Full-time;FALSE;February;FALSE
1401221;Data Engineer;Johannesburg;South;Full-time;FALSE;February;FALSE
1402179;Software Engineer;Johannesburg;South;Full-time;FALSE;February;FALSE
1402500;Data Scientist;Johannesburg;South;Full-time;FALSE;February;FALSE
1404555;Data Engineer;Johannesburg;South;Full-time;FALSE;February;FALSE
1405492;Data Scientist;Johannesburg;South;Full-time;FALSE;February;FALSE
1407365;Data Engineer;Johannesburg;South;Full-time;FALSE;February;FALSE
1408239;Data Scientist;Johannesburg;South;Full-time;FALSE;February;FALSE
1410037;Data Engineer;Johannesburg;South;Full-time;FALSE;February;FALSE
1410874;Data Scientist;Johannesburg;South;Full-time;FALSE;February;FALSE
1412992;Data Engineer;Johannesburg;South;Full-time;FALSE;February;FALSE
1413968;Data Scientist;Johannesburg;South;Full-time;FALSE;February;FALSE
1416221;Data Engineer;Johannesburg;South;Full-time;FALSE;February;FALSE
1418628;Data Scientist;Johannesburg;South;Full-time;FALSE;February;FALSE
1420317;Software Engineer;Johannesburg;South;Full-time;FALSE;February;TRUE
1420923;Software Engineer;Johannesburg;South;Full-time;FALSE;February;FALSE
1422426;Software Engineer;Johannesburg;South;Full-time;FALSE;February;TRUE
1436246;Cloud Engineer;Johannesburg;South;Full-time;FALSE;March;TRUE
1438248;Data Engineer;Johannesburg;South;Full-time;FALSE;March;FALSE
1438250;Business Analyst;Johannesburg;South;Full-time;FALSE;March;FALSE
1438251;Software Engineer;Johannesburg;South;Full-time;FALSE;March;FALSE
1440210;Software Engineer;Johannesburg;South;Full-time;FALSE;March;FALSE
1440211;Data Engineer;Johannesburg;South;Full-time;FALSE;March;FALSE
1440212;Business Analyst;Johannesburg;South;Full-time;FALSE;March;FALSE
1440214;Machine Learning Engineer;Johannesburg;South;Full-time;FALSE;March;FALSE
1440400;Data Scientist;Johannesburg;South;Full-time;FALSE;March;FALSE
1440403;Software Engineer;Johannesburg;South;Full-time;FALSE;March;FALSE
1440405;Software Engineer;Johannesburg;South;Full-time;FALSE;March;TRUE
1445408;Data Engineer;Johannesburg;South;Full-time;FALSE;March;FALSE
1445409;Data Scientist;Johannesburg;South;Full-time;FALSE;March;FALSE
1445412;Data Scientist;Johannesburg;South;Full-time;FALSE;March;FALSE
1445414;Software Engineer;Johannesburg;South;Full-time;FALSE;March;TRUE
1445791;Software Engineer;Johannesburg;South;Full-time;FALSE;March;FALSE
1445792;Data Analyst;Johannesburg;South;Full-time;FALSE;March;FALSE
1447688;Data Engineer;Johannesburg;South;Full-time;FALSE;March;FALSE
1447946;Software Engineer;Johannesburg;South;Full-time;FALSE;March;FALSE
1450046;Data Engineer;Johannesburg;South;Full-time;FALSE;March;FALSE
1450342;Software Engineer;Johannesburg;South;Full-time;FALSE;March;FALSE
1452540;Data Engineer;Johannesburg;South;Full-time;FALSE;March;FALSE
1452855;Software Engineer;Johannesburg;South;Full-time;FALSE;March;FALSE
1275995;Software Engineer;Johannesburg;South;Full-time;FALSE;January;TRUE
1275996;Software Engineer;Johannesburg;South;Full-time;FALSE;January;TRUE
1306814;Data Scientist;Johannesburg;South;Full-time;FALSE;January;FALSE
1314274;Software Engineer;Johannesburg;South;Full-time;FALSE;January;FALSE
1315066;Data Analyst;Johannesburg;South;Full-time;FALSE;January;FALSE
1315069;Data Engineer;Johannesburg;South;Full-time;FALSE;January;TRUE
1315311;Senior Data Engineer;Johannesburg;South;Full-time;FALSE;January;FALSE
1315313;Software Engineer;Johannesburg;South;Full-time;FALSE;January;TRUE
1315570;Data Engineer;Johannesburg;South;Full-time;FALSE;January;FALSE
1315571;Data Engineer;Johannesburg;South;Full-time;FALSE;January;FALSE
1315572;Software Engineer;Johannesburg;South;Full-time;FALSE;January;FALSE
1315573;Data Engineer;Johannesburg;South;Full-time;FALSE;January;FALSE
1315578;Data Scientist;Johannesburg;South;Full-time;FALSE;January;TRUE
1315579;Data Scientist;Johannesburg;South;Full-time;FALSE;January;FALSE
1315750;Data Engineer;Johannesburg;South;Full-time;FALSE;January;TRUE
1315751;Senior Data Engineer;Johannesburg;South;Full-time;FALSE;January;TRUE
1316123;Data Engineer;Johannesburg;South;Full-time;FALSE;January;FALSE
1316236;Senior Data Engineer;Johannesburg;South;Full-time;FALSE;January;FALSE
1316246;Software Engineer;Johannesburg;South;Full-time;FALSE;January;TRUE
1316759;Business Analyst;Johannesburg;South;Full-time;FALSE;January;TRUE
1316760;Software Engineer;Johannesburg;South;Full-time;FALSE;January;FALSE
1318691;Data Analyst;Johannesburg;South;Full-time;FALSE;January;TRUE
1319264;Senior Data Engineer;Johannesburg;South;Full-time;FALSE;January;FALSE
1321438;Data Scientist;Johannesburg;South;Full-time;FALSE;January;TRUE
1321993;Data Scientist;Johannesburg;South;Full-time;FALSE;January;FALSE
1323219;Data Engineer;Johannesburg;South;Full-time;FALSE;January;FALSE
1324113;Data Engineer;Johannesburg;South;Full-time;FALSE;January;FALSE
1324223;Senior Data Engineer;Johannesburg;South;Full-time;FALSE;January;FALSE
1325677;Data Scientist;Johannesburg;South;Full-time;FALSE;January;FALSE
1326858;Data Engineer;Johannesburg;South;Full-time;FALSE;January;FALSE
1326930;Data Engineer;Johannesburg;South;Full-time;FALSE;January;FALSE
1327110;Data Engineer;Johannesburg;South;Full-time;FALSE;January;FALSE
1327337;Senior Data Engineer;Johannesburg;South;Full-time;FALSE;January;FALSE
1327425;Data Scientist;Johannesburg;South;Full-time;FALSE;January;TRUE
1330729;Senior Data Engineer;Johannesburg;South;Full-time;FALSE;January;FALSE
1330730;Software Engineer;Johannesburg;South;Full-time;FALSE;January;TRUE
1331363;Machine Learning Engineer;Johannesburg;South;Full-time;FALSE;January;FALSE
1334675;Senior Data Scientist;Johannesburg;South;Full-time;FALSE;January;FALSE
1336263;Business Analyst;Johannesburg;South;Full-time;FALSE;January;FALSE
1337760;Software Engineer;Johannesburg;South;Full-time;FALSE;January;TRUE
1339207;Data Scientist;Johannesburg;South;Full-time;FALSE;January;FALSE
1340091;Business Analyst;Johannesburg;South;Full-time;FALSE;January;FALSE
1455202;Data Engineer;Johannesburg;South;Full-time;FALSE;March;FALSE
1455537;Software Engineer;Johannesburg;South;Full-time;FALSE;March;FALSE
1458228;Data Engineer;Johannesburg;South;Full-time;FALSE;March;FALSE
1458615;Software Engineer;Johannesburg;South;Full-time;FALSE;March;FALSE
1460648;Data Engineer;Johannesburg;South;Full-time;FALSE;March;FALSE
1460934;Software Engineer;Johannesburg;South;Full-time;FALSE;March;FALSE
1462807;Data Engineer;Johannesburg;South;Full-time;FALSE;March;FALSE
1463063;Software Engineer;Johannesburg;South;Full-time;FALSE;March;FALSE
1464866;Data Engineer;Johannesburg;South;Full-time;FALSE;March;FALSE
1465117;Software Engineer;Johannesburg;South;Full-time;FALSE;March;FALSE
1467048;Data Engineer;Johannesburg;South;Full-time;FALSE;March;FALSE
1467316;Software Engineer;Johannesburg;South;Full-time;FALSE;March;FALSE
1469328;Data Engineer;Johannesburg;South;Full-time;FALSE;March;FALSE
1469612;Software Engineer;Johannesburg;South;Full-time;FALSE;March;FALSE
1471880;Data Engineer;Johannesburg;South;Full-time;FALSE;March;FALSE
1472204;Software Engineer;Johannesburg;South;Full-time;FALSE;March;FALSE
1474622;Data Engineer;Johannesburg;South;Full-time;FALSE;March;FALSE
1474971;Software Engineer;Johannesburg;South;Full-time;FALSE;March;FALSE
1476899;Data Engineer;Johannesburg;South;Full-time;FALSE;March;FALSE
1477162;Software Engineer;Johannesburg;South;Full-time;FALSE;March;FALSE
1478842;Data Engineer;Johannesburg;South;Full-time;FALSE;March;FALSE
1479065;Software Engineer;Johannesburg;South;Full-time;FALSE;March;FALSE
1482413;Data Engineer;Johannesburg;South;Full-time;FALSE;March;FALSE
1482827;Software Engineer;Johannesburg;South;Full-time;FALSE;March;FALSE
802621;Business Analyst;Johannesburg;Ai-Jobs.net;Full-time;FALSE;February;FALSE
858481;Senior Data Analyst;Johannesburg;Ai-Jobs.net;Full-time;FALSE;May;FALSE
14376;Data Analyst;Johannesburg;Jobs;Full-time;FALSE;March;FALSE
328939;Senior Data Engineer;Johannesburg;CareerJunction;Full-time;FALSE;January;FALSE
441735;Data Analyst;Johannesburg;CareerJunction;Full-time;FALSE;August;FALSE
481212;Senior Data Engineer;Johannesburg;CompuJobs;Full-time;FALSE;October;FALSE
801348;Software Engineer;Johannesburg;Startup;Full-time;FALSE;June;FALSE
884242;Data Analyst;Johannesburg;ProActuary;Full-time;FALSE;October;FALSE
1117338;Senior Data Scientist;Johannesburg;SimplyHired,;Full-time;FALSE;July;FALSE
1245344;Cloud Engineer;Johannesburg;CareerJunction;Full-time;FALSE;December;TRUE
1273350;Senior Data Engineer;Johannesburg;Jobs;Full-time;FALSE;February;FALSE
1322751;Data Analyst;Johannesburg;CareerJunction;Full-time;FALSE;October;TRUE
1323679;Senior Data Engineer;Johannesburg;CareerJunction;Full-time;FALSE;January;FALSE
1396371;Cloud Engineer;Johannesburg;Equinix;Full-time;FALSE;November;TRUE
313190;Data Analyst;Johannesburg;Ai-Jobs.net;Full-time;FALSE;May;TRUE
341252;Machine Learning Engineer;Johannesburg;SmartRecruiters;Full-time;FALSE;October;FALSE
39216;Software Engineer;Johannesburg;CareerJunction;Full-time;FALSE;January;FALSE
81876;Senior Data Scientist;Johannesburg;CareerJunction;Full-time;FALSE;November;FALSE
134442;Machine Learning Engineer;Johannesburg;CareerJunction;Full-time;FALSE;July;FALSE
505772;Senior Data Engineer;Johannesburg;CareerJunction;Full-time;FALSE;July;TRUE
564991;Software Engineer;Johannesburg;CareerJunction;Full-time;FALSE;February;FALSE
613085;Data Analyst;Johannesburg;Ai-Jobs.net;Full-time;FALSE;February;TRUE
811801;Senior Data Engineer;Johannesburg;CareerJunction;Full-time;FALSE;November;TRUE
874216;Data Analyst;Johannesburg;CareerJunction;Full-time;FALSE;November;FALSE
928600;Senior Data Scientist;Johannesburg;Globe;Full-time;FALSE;October;FALSE
1154152;Data Analyst;Johannesburg;Ai-Jobs.net;Full-time;FALSE;January;FALSE
1656640;Machine Learning Engineer;Johannesburg;Jobs;Full-time;FALSE;February;FALSE
133092;Data Analyst;Johannesburg;Smart;Full-time;FALSE;December;FALSE
156965;Senior Data Scientist;Johannesburg;Vodafone;Full-time;FALSE;May;FALSE
327180;Data Analyst;Johannesburg;Ai-Jobs.net;Full-time;FALSE;March;TRUE
613207;Data Analyst;Johannesburg;Ai-Jobs.net;Full-time;FALSE;May;FALSE
657697;Software Engineer;Johannesburg;CareerJunction;Full-time;FALSE;November;TRUE
875013;Machine Learning Engineer;Johannesburg;CareerJunction;Full-time;FALSE;December;FALSE
951908;Senior Data Scientist;Johannesburg;Jobsrican;Full-time;FALSE;November;FALSE
1428252;Senior Data Scientist;Johannesburg;CareerJunction;Full-time;FALSE;August;FALSE
575495;Software Engineer;Johannesburg;Recruit.net;Full-time;FALSE;August;FALSE
948799;Senior Data Scientist;Johannesburg;Jobtome;Full-time;FALSE;February;FALSE
1010739;Cloud Engineer;Johannesburg;Jobtome;Full-time;FALSE;December;FALSE
1363985;Senior Data Engineer;Johannesburg;Energy;Full-time;FALSE;August;TRUE
1374021;Data Analyst;Johannesburg;Recruit.net;Full-time;FALSE;August;TRUE
1691427;Senior Data Scientist;Johannesburg;Hackr;Full-time;FALSE;August;FALSE
53259;Senior Data Engineer;Johannesburg;Energy;Full-time;FALSE;July;TRUE
71753;Senior Data Scientist;Johannesburg;Learn4Good.com;Full-time;FALSE;August;FALSE
88416;Senior Data Scientist;Johannesburg;Mogul;Full-time;FALSE;November;FALSE
93648;Senior Data Scientist;Johannesburg;Sercanto;Full-time;FALSE;January;FALSE
312341;Senior Data Scientist;Johannesburg;JobLeads;Full-time;FALSE;March;FALSE
409995;Data Analyst;Johannesburg;Jobtome;Full-time;FALSE;December;FALSE
437549;Data Analyst;Johannesburg;Emprego.pt;Full-time;FALSE;January;FALSE
494576;Senior Data Scientist;Johannesburg;Jobted;Full-time;FALSE;August;FALSE
501696;Data Analyst;Johannesburg;Jobted;Full-time;FALSE;July;FALSE
592730;Senior Data Scientist;Johannesburg;WhatJobs;Full-time;FALSE;December;FALSE
690227;Senior Data Engineer;Johannesburg;Recruit.net;Full-time;FALSE;February;FALSE
870829;Data Analyst;Johannesburg;Emprego.pt;Full-time;FALSE;January;TRUE
893369;Cloud Engineer;Johannesburg;Recruit.net;Full-time;FALSE;June;TRUE
920924;Cloud Engineer;Johannesburg;Talent.com;Full-time;FALSE;July;FALSE
1243449;Senior Data Engineer;Johannesburg;Talent.com;Full-time;FALSE;July;FALSE
1442709;Senior Data Engineer;Johannesburg;Sercanto;Full-time;FALSE;January;FALSE
1509332;Cloud Engineer;Johannesburg;Talent.com;Full-time;FALSE;July;FALSE
1652000;Senior Data Engineer;Johannesburg;Jobtome;Full-time;FALSE;April;TRUE
188461;Senior Data Analyst;Johannesburg;Ai-Jobs.net;Full-time;FALSE;June;FALSE
1076150;Senior Data Engineer;Johannesburg;CareerJunction;Full-time;FALSE;July;FALSE
1639855;Senior Data Scientist;Johannesburg;Vodafone;Full-time;FALSE;June;FALSE
253402;Data Analyst;Johannesburg;Ai-Jobs.net;Full-time;FALSE;August;FALSE
269025;Software Engineer;Johannesburg;SimplyHired,;Full-time;FALSE;January;TRUE
613838;Senior Data Scientist;Johannesburg;SimplyHired;Full-time;FALSE;October;FALSE
941439;Data Analyst;Johannesburg;Ai-Jobs.net;Full-time;FALSE;April;FALSE
434950;Software Engineer;Johannesburg;Recruit.net;Full-time;FALSE;January;TRUE
327128;Data Analyst;Johannesburg;SmartRecruiters;Full-time;FALSE;October;FALSE
544828;Business Analyst;Johannesburg;Govt.;Full-time;FALSE;April;TRUE
1307372;Senior Data Engineer;Johannesburg;Job;Full-time;FALSE;July;TRUE
601938;Data Analyst;Johannesburg;Ai-Jobs.net;Full-time;FALSE;June;TRUE
402134;Senior Data Scientist;Johannesburg;Careers;Full-time;FALSE;November;FALSE
422718;Software Engineer;Johannesburg;Jobiors;Full-time;FALSE;January;TRUE
460952;Cloud Engineer;Johannesburg;CompuJobs;Full-time;FALSE;October;TRUE
838518;Data Analyst;Johannesburg;SimplyHired,;Full-time;FALSE;January;FALSE
1424486;Data Analyst;Johannesburg;Open;Full-time;FALSE;January;FALSE
1494530;Data Analyst;Johannesburg;MyJobMag;Full-time;FALSE;February;FALSE
23285;Data Analyst;Johannesburg;Ai-Jobs.net;Full-time;FALSE;January;FALSE
200075;Senior Data Engineer;Johannesburg;Vodafone;Full-time;FALSE;June;FALSE
498634;Senior Data Scientist;Johannesburg;CompuJobs;Full-time;FALSE;April;FALSE
1086659;Business Analyst;Johannesburg;Smart;Full-time;FALSE;December;FALSE
1255462;Senior Data Engineer;Johannesburg;CompuJobs;Full-time;FALSE;August;FALSE
393413;Senior Data Analyst;Johannesburg;Ai-Jobs.net;Full-time;FALSE;July;FALSE
443893;Software Engineer;Johannesburg;CompuJobs;Full-time;FALSE;September;FALSE
245688;Data Analyst;Johannesburg;Elucidate.freshteam.com;Full-time;FALSE;April;FALSE
1193161;Data Analyst;Johannesburg;Ai-Jobs.net;Full-time;FALSE;January;FALSE
1313186;Business Analyst;Johannesburg;SimplyHired,;Full-time;FALSE;January;TRUE
767001;Senior Data Engineer;Johannesburg;Ai-Jobs.net;Full-time;FALSE;January;FALSE
1242640;Machine Learning Engineer;Johannesburg;Ai-Jobs.net;Full-time;FALSE;January;FALSE
1222541;Senior Data Engineer;Johannesburg;SimplyHired,;Full-time;FALSE;January;FALSE
911470;Machine Learning Engineer;Johannesburg;Jobs;Full-time;FALSE;April;FALSE
242133;Machine Learning Engineer;Johannesburg;Jobs;Full-time;FALSE;July;FALSE
3194;Senior Data Engineer;Johannesburg;Ai-Jobs.net;Full-time;FALSE;January;FALSE
1194521;Senior Data Engineer;Johannesburg;SimplyHired,;Full-time;FALSE;January;FALSE
809421;Software Engineer;Johannesburg;SimplyHired,;Full-time;FALSE;June;TRUE
1520966;Data Analyst;Johannesburg;Ai-Jobs.net;Full-time;FALSE;May;FALSE
37140;Machine Learning Engineer;Johannesburg;SmartRecruiters;Full-time;FALSE;January;FALSE
279137;Senior Data Engineer;Johannesburg;SimplyHired,;Full-time;FALSE;January;FALSE
1258879;Data Analyst;Johannesburg;Ai-Jobs.net;Full-time;FALSE;July;FALSE
1265376;Data Analyst;Johannesburg;SimplyHired,;Full-time;FALSE;October;FALSE
1593082;Software Engineer;Johannesburg;Software;Full-time;FALSE;June;TRUE
1440942;Machine Learning Engineer;Johannesburg;At;Full-time;FALSE;March;FALSE
1522445;Senior Data Engineer;Johannesburg;Hired;Full-time;FALSE;April;FALSE
1428788;Data Scientist;Johannesburg;SimplyHired,;Full-time;FALSE;July;TRUE
551506;Data Scientist;Johannesburg;WhatJobs;Full-time;FALSE;December;TRUE
1100809;Data Scientist;Johannesburg;Ai-Jobs.net;Full-time;FALSE;February;FALSE
378047;Data Scientist;Johannesburg;SimplyHired,;Full-time;FALSE;July;FALSE
383646;Data Scientist;Johannesburg;CareerJunction;Full-time;FALSE;August;FALSE
568501;Data Scientist;Johannesburg;CareerJunction;Full-time;FALSE;March;FALSE
670844;Data Scientist;Johannesburg;CareerJunction;Full-time;FALSE;January;FALSE
946171;Data Scientist;Johannesburg;CareerJunction;Full-time;FALSE;March;FALSE
955963;Data Scientist;Johannesburg;CareerJunction;Full-time;FALSE;February;FALSE
1014707;Data Scientist;Johannesburg;CareerJunction;Full-time;FALSE;March;FALSE
1466791;Data Scientist;Johannesburg;CareerJunction;Full-time;FALSE;August;FALSE
1504029;Data Scientist;Johannesburg;SimplyHired;Full-time;FALSE;October;FALSE
1602766;Data Scientist;Johannesburg;CareerJunction;Full-time;FALSE;August;FALSE
1098034;Data Scientist;Johannesburg;MyJobMag;Full-time;FALSE;December;FALSE
133753;Data Scientist;Johannesburg;Jobs;Full-time;FALSE;January;FALSE
580305;Data Scientist;Johannesburg;SmartRecruiters;Full-time;FALSE;October;FALSE
756102;Data Scientist;Johannesburg;SmartRecruiters;Full-time;FALSE;March;FALSE
799828;Data Scientist;Johannesburg;SmartRecruiters;Full-time;FALSE;March;FALSE
821084;Data Scientist;Johannesburg;CompuJobs;Full-time;FALSE;December;FALSE
1003012;Data Scientist;Johannesburg;MyJobMag;Full-time;FALSE;December;FALSE
80509;Data Scientist;Johannesburg;CareerJunction;Full-time;FALSE;December;FALSE
144400;Data Scientist;Johannesburg;CareerJunction;Full-time;FALSE;July;FALSE
232819;Data Scientist;Johannesburg;CareerJunction;Full-time;FALSE;January;FALSE
506247;Data Scientist;Johannesburg;SmartRecruiters;Full-time;FALSE;March;FALSE
525530;Data Scientist;Johannesburg;GrabJobs;Full-time;FALSE;December;FALSE
761136;Data Scientist;Johannesburg;CareerJunction;Full-time;FALSE;December;FALSE
859102;Data Scientist;Johannesburg;Ai-Jobs.net;Full-time;FALSE;March;FALSE
1399884;Data Scientist;Johannesburg;CareerJunction;Full-time;FALSE;April;FALSE
1522770;Data Scientist;Johannesburg;SimplyHired,;Full-time;FALSE;July;FALSE
1550376;Data Scientist;Johannesburg;SimplyHired,;Full-time;FALSE;July;FALSE
1785542;Data Scientist;Johannesburg;ProActuary;Full-time;FALSE;September;FALSE
552817;Data Scientist;Johannesburg;Jobsrican;Full-time;FALSE;November;FALSE
1537592;Data Scientist;Johannesburg;SmartRecruiters;Full-time;FALSE;September;FALSE
168;Data Scientist;Johannesburg;Emprego.pt;Full-time;FALSE;February;FALSE
671458;Data Scientist;Johannesburg;Emprego;Full-time;FALSE;March;FALSE
708463;Data Scientist;Johannesburg;Recruit.net;Full-time;FALSE;March;FALSE
766080;Data Scientist;Johannesburg;Recruit.net;Full-time;FALSE;June;FALSE
927000;Data Scientist;Johannesburg;Emprego.pt;Full-time;FALSE;January;FALSE
1104701;Data Scientist;Johannesburg;Emprego;Full-time;FALSE;August;FALSE
1266983;Data Scientist;Johannesburg;Jobtome;Full-time;FALSE;December;FALSE
1410570;Data Scientist;Johannesburg;Learn4Good;Full-time;FALSE;September;FALSE
1689020;Data Scientist;Johannesburg;Learn4Good;Full-time;FALSE;August;FALSE
1706122;Data Scientist;Johannesburg;Recruit.net;Full-time;FALSE;June;FALSE
11139;Data Scientist;Johannesburg;Learn4Good.com;Full-time;FALSE;August;FALSE
51023;Data Scientist;Johannesburg;Ai-Jobs.net;Full-time;FALSE;April;FALSE
64797;Data Scientist;Johannesburg;Emprego.pt;Full-time;FALSE;January;FALSE
195291;Data Scientist;Johannesburg;Recruit.net;Full-time;FALSE;August;FALSE
205890;Data Scientist;Johannesburg;Emprego;Full-time;FALSE;August;FALSE
294342;Data Scientist;Johannesburg;WhatJobs;Full-time;FALSE;August;FALSE
352261;Data Scientist;Johannesburg;Sercanto;Full-time;FALSE;January;FALSE
396713;Data Scientist;Johannesburg;Emprego.pt;Full-time;FALSE;February;FALSE
416555;Data Scientist;Johannesburg;Learn4Good;Full-time;FALSE;August;FALSE
432737;Data Scientist;Johannesburg;Recruit.net;Full-time;FALSE;June;FALSE
435918;Data Scientist;Johannesburg;Learn4Good.com;Full-time;FALSE;August;FALSE
453756;Data Scientist;Johannesburg;Learn4Good;Full-time;FALSE;June;FALSE
606150;Data Scientist;Johannesburg;Learn4Good;Full-time;FALSE;July;FALSE
623076;Data Scientist;Johannesburg;Learn4Good.com;Full-time;FALSE;August;FALSE
814347;Data Scientist;Johannesburg;Emprego;Full-time;FALSE;March;FALSE
844278;Data Scientist;Johannesburg;Emprego.pt;Full-time;FALSE;January;FALSE
875097;Data Scientist;Johannesburg;Emprego.pt;Full-time;FALSE;May;FALSE
881169;Data Scientist;Johannesburg;WhatJobs;Full-time;FALSE;December;FALSE
917576;Data Scientist;Johannesburg;Learn4Good.com;Full-time;FALSE;April;FALSE
951839;Data Scientist;Johannesburg;Emprego.pt;Full-time;FALSE;January;FALSE
1022762;Data Scientist;Johannesburg;Talent.com;Full-time;FALSE;July;FALSE
1108799;Data Scientist;Johannesburg;SimplyHired,;Full-time;FALSE;July;FALSE
1821166;Data Scientist;Johannesburg;Learn4Good.com;Full-time;FALSE;August;FALSE
379394;Data Scientist;Johannesburg;Www.247jobsafricia.com;Full-time;FALSE;November;FALSE
850001;Data Scientist;Johannesburg;Ai-Jobs.net;Full-time;FALSE;May;FALSE
1295459;Data Scientist;Johannesburg;Emprego;Full-time;FALSE;September;FALSE
1538446;Data Scientist;Johannesburg;Jobtome;Full-time;FALSE;February;FALSE
1613493;Data Scientist;Johannesburg;SmartRecruiters;Full-time;FALSE;February;FALSE
712633;Data Scientist;Johannesburg;Recruit.net;Full-time;FALSE;August;FALSE
22455;Data Scientist;Johannesburg;SimplyHired,;Full-time;FALSE;July;FALSE
1128079;Data Scientist;Johannesburg;SimplyHired,;Full-time;FALSE;September;FALSE
1230912;Data Scientist;Johannesburg;Ai-Jobs.net;Full-time;FALSE;February;FALSE
1752240;Data Scientist;Johannesburg;SimplyHired,;Full-time;FALSE;July;FALSE
286060;Data Scientist;Johannesburg;Job;Full-time;FALSE;August;FALSE
349213;Data Scientist;Johannesburg;Jobs;Full-time;FALSE;April;FALSE
1602120;Data Scientist;Johannesburg;Jobs;Full-time;FALSE;August;FALSE
1663091;Data Scientist;Johannesburg;Jobs;Full-time;FALSE;July;FALSE
1016173;Data Scientist;Johannesburg;Www.247jobsafricia.com;Full-time;FALSE;December;FALSE
1332850;Data Scientist;Johannesburg;Www.247jobsafricia.com;Full-time;FALSE;December;FALSE
379809;Data Scientist;Johannesburg;Ai-Jobs.net;Full-time;FALSE;September;FALSE
1416164;Data Scientist;Johannesburg;Jobiors;Full-time;FALSE;January;FALSE
1307625;Data Scientist;Johannesburg;VacanciesHut;Full-time;FALSE;January;FALSE
7760;Data Scientist;Johannesburg;Jobs;Full-time;FALSE;April;FALSE
169577;Data Scientist;Johannesburg;Jobs;Full-time;FALSE;October;FALSE
195060;Data Scientist;Johannesburg;Ai-Jobs.net;Full-time;FALSE;July;FALSE
603788;Data Scientist;Johannesburg;SimplyHired,;Full-time;FALSE;July;FALSE
772640;Data Scientist;Johannesburg;Adzuna;Full-time;FALSE;October;FALSE
1064725;Data Scientist;Johannesburg;Vodafone;Full-time;FALSE;July;FALSE
1561770;Data Scientist;Johannesburg;Adzuna;Full-time;FALSE;October;FALSE
420249;Data Scientist;Johannesburg;SmartRecruiters;Full-time;FALSE;June;FALSE
566356;Data Scientist;Johannesburg;SmartRecruiters;Full-time;FALSE;June;FALSE
1395339;Data Scientist;Johannesburg;CareerJunction;Full-time;FALSE;November;FALSE
324399;Data Scientist;Johannesburg;Elucidate.freshteam.com;Full-time;FALSE;January;FALSE
348281;Data Scientist;Johannesburg;SimplyHired,;Full-time;FALSE;June;FALSE
457937;Data Scientist;Johannesburg;SimplyHired,;Full-time;FALSE;July;FALSE
1695957;Data Scientist;Johannesburg;Ai-Jobs.net;Full-time;FALSE;July;FALSE
1656278;Data Scientist;Johannesburg;SimplyHired,;Full-time;FALSE;June;FALSE
840844;Data Scientist;Johannesburg;Ai-Jobs.net;Full-time;FALSE;January;FALSE
243027;Data Scientist;Johannesburg;Melga;Full-time;FALSE;March;FALSE
631175;Data Scientist;Johannesburg;Ai-Jobs.net;Full-time;FALSE;June;FALSE
498263;Data Scientist;Johannesburg;Zavacancy;Full-time;FALSE;December;FALSE
144209;Data Scientist;Johannesburg;Ai-Jobs.net;Full-time;FALSE;June;FALSE
431195;Data Scientist;Johannesburg;Career;Full-time;FALSE;June;FALSE
1105319;Data Scientist;Johannesburg;SimplyHired;Full-time;FALSE;October;FALSE
688440;Data Scientist;Johannesburg;SimplyHired,;Full-time;FALSE;July;FALSE
9735;Data Scientist;Johannesburg;Ai-Jobs.net;Full-time;FALSE;January;FALSE
1643615;Data Scientist;Johannesburg;Vodafone;Full-time;FALSE;June;FALSE
727752;Data Scientist;Johannesburg;SmartRecruiters;Full-time;FALSE;February;FALSE
1245722;Data Scientist;Johannesburg;Ai-Jobs.net;Full-time;FALSE;March;FALSE
748138;Data Scientist;Johannesburg;SmartRecruiters;Full-time;FALSE;February;FALSE
1345960;Data Scientist;Johannesburg;SimplyHired,;Full-time;FALSE;January;FALSE
1377002;Data Scientist;Johannesburg;Classitize.co.za;Full-time;FALSE;December;FALSE
1412811;Data Scientist;Johannesburg;SmartRecruiters;Full-time;FALSE;July;FALSE
1458302;Data Scientist;Johannesburg;Jobs;Full-time;FALSE;August;FALSE
1535385;Data Scientist;Johannesburg;Jobs;Full-time;FALSE;April;FALSE
1617010;Data Scientist;Johannesburg;Mail;Full-time;FALSE;June;FALSE
36609;Data Engineer;Johannesburg;SimplyHired;Full-time;FALSE;October;FALSE
343092;Data Engineer;Johannesburg;ProActuary;Full-time;FALSE;July;FALSE
419891;Data Engineer;Johannesburg;Jobs;Full-time;FALSE;September;FALSE
827448;Data Engineer;Johannesburg;CareerJunction;Full-time;FALSE;March;TRUE
831028;Data Engineer;Johannesburg;SimplyHired;Full-time;FALSE;October;TRUE
1160943;Data Engineer;Johannesburg;CareerJunction;Full-time;FALSE;March;TRUE
1695160;Data Engineer;Johannesburg;CareerJunction;Full-time;FALSE;January;FALSE
1725056;Data Engineer;Johannesburg;SimplyHired,;Full-time;FALSE;July;TRUE
438238;Data Engineer;Johannesburg;Melga;Full-time;FALSE;February;TRUE
546140;Data Engineer;Johannesburg;Ai-Jobs.net;Full-time;FALSE;February;TRUE
557530;Data Engineer;Johannesburg;Melga;Full-time;FALSE;February;TRUE
673909;Data Engineer;Johannesburg;CareerJunction;Full-time;FALSE;March;TRUE
202024;Data Engineer;Johannesburg;Ai-Jobs.net;Full-time;FALSE;August;FALSE
29044;Data Engineer;Johannesburg;Jobs;Full-time;FALSE;September;TRUE
195175;Data Engineer;Johannesburg;Smart;Full-time;FALSE;February;FALSE
367069;Data Engineer;Johannesburg;Smart;Full-time;FALSE;March;FALSE
557771;Data Engineer;Johannesburg;SimplyHired,;Full-time;FALSE;January;TRUE
738689;Data Engineer;Johannesburg;Jobs;Full-time;FALSE;January;FALSE
888989;Data Engineer;Johannesburg;SimplyHired,;Full-time;FALSE;July;TRUE
903380;Data Engineer;Johannesburg;Ai-Jobs.net;Full-time;FALSE;May;FALSE
13527;Data Engineer;Johannesburg;SmartRecruiters;Full-time;FALSE;September;TRUE
27567;Data Engineer;Johannesburg;CareerJunction;Full-time;FALSE;October;FALSE
83127;Data Engineer;Johannesburg;SimplyHired,;Full-time;FALSE;July;FALSE
105652;Data Engineer;Johannesburg;CareerJunction;Full-time;FALSE;October;FALSE
148178;Data Engineer;Johannesburg;Jobs;Full-time;FALSE;September;FALSE
181788;Data Engineer;Johannesburg;CareerJunction;Full-time;FALSE;November;FALSE
273568;Data Engineer;Johannesburg;CareerJunction;Full-time;FALSE;October;TRUE
283335;Data Engineer;Johannesburg;Ai-Jobs.net;Full-time;FALSE;July;FALSE
320523;Data Engineer;Johannesburg;SimplyHired,;Full-time;FALSE;July;FALSE
364791;Data Engineer;Johannesburg;SimplyHired,;Full-time;FALSE;July;FALSE
365958;Data Engineer;Johannesburg;SmartRecruiters;Full-time;FALSE;July;TRUE
376135;Data Engineer;Johannesburg;CompuJobs;Full-time;FALSE;January;FALSE
443805;Data Engineer;Johannesburg;Xcede;Full-time;FALSE;May;TRUE
505246;Data Engineer;Johannesburg;SmartRecruiters;Full-time;FALSE;April;FALSE
691149;Data Engineer;Johannesburg;CareerJunction;Full-time;FALSE;February;FALSE
726161;Data Engineer;Johannesburg;SmartRecruiters;Full-time;FALSE;April;FALSE
969477;Data Engineer;Johannesburg;CareerJunction;Full-time;FALSE;January;FALSE
979949;Data Engineer;Johannesburg;SmartRecruiters;Full-time;FALSE;October;TRUE
1005315;Data Engineer;Johannesburg;CompuJobs;Full-time;FALSE;December;FALSE
1137116;Data Engineer;Johannesburg;CareerJunction;Full-time;FALSE;October;TRUE
1225416;Data Engineer;Johannesburg;CareerJunction;Full-time;FALSE;January;TRUE
1246899;Data Engineer;Johannesburg;Expleo;Full-time;FALSE;August;FALSE
1505860;Data Engineer;Johannesburg;Expleo;Full-time;FALSE;October;FALSE
2738;Data Engineer;Johannesburg;SimplyHired,;Full-time;FALSE;February;FALSE
173319;Data Engineer;Johannesburg;Www.247jobsafricia.com;Full-time;FALSE;November;FALSE
629114;Data Engineer;Johannesburg;Recruit.net;Full-time;FALSE;February;TRUE
806744;Data Engineer;Johannesburg;FlexiEngineers;Full-time;FALSE;November;TRUE
1325746;Data Engineer;Johannesburg;Ai-Jobs.net;Full-time;FALSE;December;FALSE
1753451;Data Engineer;Johannesburg;SmartRecruiters;Full-time;FALSE;January;FALSE
90576;Data Engineer;Johannesburg;Recruit.net;Full-time;FALSE;March;FALSE
330939;Data Engineer;Johannesburg;Learn4Good.com;Full-time;FALSE;August;TRUE
560727;Data Engineer;Johannesburg;Jobtome;Full-time;FALSE;November;TRUE
674899;Data Engineer;Johannesburg;Recruit.net;Full-time;FALSE;March;FALSE
1362817;Data Engineer;Johannesburg;Recruit.net;Full-time;FALSE;March;TRUE
42033;Data Engineer;Johannesburg;Learn4Good.com;Full-time;FALSE;April;FALSE
130906;Data Engineer;Johannesburg;Learn4Good;Full-time;FALSE;June;FALSE
307746;Data Engineer;Johannesburg;WhatJobs;Full-time;FALSE;January;TRUE
323686;Data Engineer;Johannesburg;Recruit.net;Full-time;FALSE;June;TRUE
337318;Data Engineer;Johannesburg;Recruit.net;Full-time;FALSE;June;TRUE
365581;Data Engineer;Johannesburg;Sercanto;Full-time;FALSE;January;FALSE
398706;Data Engineer;Johannesburg;Recruit.net;Full-time;FALSE;September;FALSE
410937;Data Engineer;Johannesburg;WhatJobs;Full-time;FALSE;August;TRUE
436734;Data Engineer;Johannesburg;Recruit.net;Full-time;FALSE;May;FALSE
493336;Data Engineer;Johannesburg;Learn4Good.com;Full-time;FALSE;August;FALSE
523549;Data Engineer;Johannesburg;Recruit.net;Full-time;FALSE;June;FALSE
572943;Data Engineer;Johannesburg;Learn4Good;Full-time;FALSE;April;FALSE
594358;Data Engineer;Johannesburg;Learn4Good;Full-time;FALSE;October;FALSE
801643;Data Engineer;Johannesburg;Ai-Jobs.net;Full-time;FALSE;January;FALSE
857237;Data Engineer;Johannesburg;Talent.com;Full-time;FALSE;June;FALSE
865429;Data Engineer;Johannesburg;Learn4Good.com;Full-time;FALSE;July;TRUE
868559;Data Engineer;Johannesburg;Energy;Full-time;FALSE;August;TRUE
904669;Data Engineer;Johannesburg;Recruit.net;Full-time;FALSE;January;TRUE
1412879;Data Engineer;Johannesburg;Learn4Good.com;Full-time;FALSE;August;FALSE
1454655;Data Engineer;Johannesburg;Recruit.net;Full-time;FALSE;February;TRUE
1457197;Data Engineer;Johannesburg;Learn4Good.com;Full-time;FALSE;August;FALSE
1569530;Data Engineer;Johannesburg;Learn4Good.com;Full-time;FALSE;August;FALSE
10355;Data Engineer;Johannesburg;SimplyHired,;Full-time;FALSE;January;FALSE
33998;Data Engineer;Johannesburg;EFinancialCareers;Full-time;FALSE;April;FALSE
137326;Data Engineer;Johannesburg;Ai-Jobs.net;Full-time;FALSE;April;FALSE
388536;Data Engineer;Johannesburg;SimplyHired,;Full-time;FALSE;June;FALSE
1236878;Data Engineer;Johannesburg;SimplyHired,;Full-time;FALSE;January;FALSE
1388304;Data Engineer;Johannesburg;Engineering;Full-time;FALSE;February;FALSE
1427663;Data Engineer;Johannesburg;CareerJunction;Full-time;FALSE;July;TRUE
1673221;Data Engineer;Johannesburg;Smart;Full-time;FALSE;December;FALSE
62029;Data Engineer;Johannesburg;Ai-Jobs.net;Full-time;FALSE;February;TRUE
504706;Data Engineer;Johannesburg;Jooble;Full-time;FALSE;February;FALSE
40138;Data Engineer;Johannesburg;Ai-Jobs.net;Full-time;FALSE;August;FALSE
126457;Data Engineer;Johannesburg;SimplyHired,;Full-time;FALSE;June;FALSE
345879;Data Engineer;Johannesburg;SimplyHired,;Full-time;FALSE;July;FALSE
920628;Data Engineer;Johannesburg;Ai-Jobs.net;Full-time;FALSE;August;FALSE
1312198;Data Engineer;Johannesburg;SimplyHired,;Full-time;FALSE;July;FALSE
36794;Data Engineer;Johannesburg;Job;Full-time;FALSE;July;TRUE
327939;Data Engineer;Johannesburg;CareerJunction;Full-time;FALSE;February;TRUE
1258475;Data Engineer;Johannesburg;SimplyHired,;Full-time;FALSE;July;FALSE
1747503;Data Engineer;Johannesburg;SimplyHired,;Full-time;FALSE;June;FALSE
144346;Data Engineer;Johannesburg;Ai-Jobs.net;Full-time;FALSE;October;FALSE
438706;Data Engineer;Johannesburg;SimplyHired,;Full-time;FALSE;January;FALSE
500395;Data Engineer;Johannesburg;Ai-Jobs.net;Full-time;FALSE;February;FALSE
663297;Data Engineer;Johannesburg;CareerJunction;Full-time;FALSE;October;FALSE
1226861;Data Engineer;Johannesburg;Ai-Jobs.net;Full-time;FALSE;March;FALSE
1326917;Data Engineer;Johannesburg;Job;Full-time;FALSE;July;TRUE
27672;Data Engineer;Johannesburg;Jobsrican;Full-time;FALSE;January;TRUE
105925;Data Engineer;Johannesburg;Ai-Jobs.net;Full-time;FALSE;February;FALSE
109295;Data Engineer;Johannesburg;SimplyHired,;Full-time;FALSE;June;FALSE
238894;Data Engineer;Johannesburg;VacanciesHut;Full-time;FALSE;January;FALSE
257902;Data Engineer;Johannesburg;Adzuna;Full-time;FALSE;July;FALSE
272538;Data Engineer;Johannesburg;Jobsrican;Full-time;FALSE;January;TRUE
309425;Data Engineer;Johannesburg;Jobsrican;Full-time;FALSE;January;FALSE
853321;Data Engineer;Johannesburg;SimplyHired,;Full-time;FALSE;February;FALSE
962876;Data Engineer;Johannesburg;CompuJobs;Full-time;FALSE;August;FALSE
796652;Data Engineer;Johannesburg;SimplyHired,;Full-time;FALSE;October;FALSE
973450;Data Engineer;Johannesburg;SmartRecruiters;Full-time;FALSE;June;FALSE
1183398;Data Engineer;Johannesburg;VacanciesHut;Full-time;FALSE;January;FALSE
1374521;Data Engineer;Johannesburg;Smart;Full-time;FALSE;February;TRUE
1649859;Data Engineer;Johannesburg;Job;Full-time;FALSE;July;FALSE
36431;Data Engineer;Johannesburg;SmartRecruiters;Full-time;FALSE;May;FALSE
47552;Data Engineer;Johannesburg;Job;Full-time;FALSE;August;FALSE
525937;Data Engineer;Johannesburg;SmartRecruiters;Full-time;FALSE;January;FALSE
564860;Data Engineer;Johannesburg;SimplyHired,;Full-time;FALSE;January;FALSE
897612;Data Engineer;Johannesburg;Ai-Jobs.net;Full-time;FALSE;March;FALSE
860707;Data Engineer;Johannesburg;Adzuna;Full-time;FALSE;August;FALSE
911487;Data Engineer;Johannesburg;SmartRecruiters;Full-time;FALSE;November;FALSE
992227;Data Engineer;Johannesburg;Jobs;Full-time;FALSE;July;FALSE
459569;Data Engineer;Johannesburg;SmartRecruiters;Full-time;FALSE;July;FALSE
953100;Data Engineer;Johannesburg;Jobs;Full-time;FALSE;September;FALSE
1180635;Data Engineer;Johannesburg;CareerJunction;Full-time;FALSE;April;FALSE
1798785;Data Engineer;Johannesburg;CompuJobs;Full-time;FALSE;August;FALSE
1800359;Data Engineer;Johannesburg;CareerJunction;Full-time;FALSE;May;TRUE
1811486;Data Engineer;Johannesburg;CareerJunction;Full-time;FALSE;July;TRUE
35993;Data Engineer;Johannesburg;CareerJunction;Full-time;FALSE;January;FALSE
1813628;Data Engineer;Johannesburg;SimplyHired,;Full-time;FALSE;January;FALSE
1613168;Data Engineer;Johannesburg;SimplyHired,;Full-time;FALSE;June;FALSE
1656603;Data Engineer;Johannesburg;SimplyHired,;Full-time;FALSE;February;FALSE
1569920;Data Engineer;Johannesburg;MyJobMag;Full-time;FALSE;September;FALSE
413344;Data Engineer;Johannesburg;Jobs;Full-time;FALSE;May;FALSE
1415657;Data Engineer;Johannesburg;SimplyHired,;Full-time;FALSE;January;FALSE
328243;Data Engineer;Johannesburg;Ai-Jobs.net;Full-time;FALSE;July;FALSE
436362;Data Engineer;Johannesburg;Ai-Jobs.net;Full-time;FALSE;May;TRUE
1106756;Data Engineer;Johannesburg;SmartRecruiters;Full-time;FALSE;May;TRUE
1154949;Data Engineer;Johannesburg;Ai-Jobs.net;Full-time;FALSE;August;FALSE
726712;Data Engineer;Johannesburg;Www.247jobsafricia.com;Full-time;FALSE;October;FALSE
75917;Data Engineer;Johannesburg;Ai-Jobs.net;Full-time;FALSE;April;TRUE
715294;Data Engineer;Johannesburg;247Vacanciesforfreshers;Full-time;FALSE;September;FALSE
722556;Data Engineer;Johannesburg;Vodafone;Full-time;FALSE;April;FALSE
1189644;Data Engineer;Johannesburg;Ai-Jobs.net;Full-time;FALSE;May;FALSE
1823040;Data Engineer;Johannesburg;SmartRecruiters;Full-time;FALSE;February;FALSE
1520874;Data Engineer;Johannesburg;SmartRecruiters;Full-time;FALSE;April;TRUE
1576356;Data Engineer;Johannesburg;Careers;Full-time;FALSE;May;FALSE
1608902;Data Engineer;Johannesburg;Mail;Full-time;FALSE;June;FALSE
1612504;Data Engineer;Johannesburg;IT;Full-time;FALSE;June;FALSE
1616125;Data Engineer;Johannesburg;World!;Full-time;FALSE;June;FALSE
1352091;Data Engineer;Johannesburg;Recruiters;Full-time;FALSE;February;FALSE
1365539;Data Engineer;Johannesburg;Recruiters;Full-time;FALSE;February;FALSE
1367784;Data Engineer;Johannesburg;Recruiters;Full-time;FALSE;February;FALSE
1370108;Data Engineer;Johannesburg;Recruiters;Full-time;FALSE;February;FALSE
1372729;Data Engineer;Johannesburg;Recruiters;Full-time;FALSE;February;FALSE
1375445;Data Engineer;Johannesburg;Recruiters;Full-time;FALSE;February;FALSE
1378466;Data Engineer;Johannesburg;Recruiters;Full-time;FALSE;February;FALSE
1381807;Data Engineer;Johannesburg;Recruiters;Full-time;FALSE;February;FALSE
1384417;Data Engineer;Johannesburg;Recruiters;Full-time;FALSE;February;FALSE
1387041;Data Engineer;Johannesburg;Recruiters;Full-time;FALSE;February;FALSE
1389566;Data Engineer;Johannesburg;Recruiters;Full-time;FALSE;February;FALSE
1392476;Data Engineer;Johannesburg;Recruiters;Full-time;FALSE;February;FALSE
1395398;Data Engineer;Johannesburg;Recruiters;Full-time;FALSE;February;FALSE
1399040;Data Engineer;Johannesburg;Recruiters;Full-time;FALSE;February;FALSE
1402999;Data Engineer;Johannesburg;Recruiters;Full-time;FALSE;February;FALSE
1405923;Data Engineer;Johannesburg;Recruiters;Full-time;FALSE;February;FALSE
1408655;Data Engineer;Johannesburg;Recruiters;Full-time;FALSE;February;FALSE
1411339;Data Engineer;Johannesburg;Recruiters;Full-time;FALSE;February;FALSE
1414469;Data Engineer;Johannesburg;Recruiters;Full-time;FALSE;February;FALSE
1419647;Data Engineer;Johannesburg;At;Full-time;FALSE;February;FALSE
1419648;Data Engineer;Johannesburg;Recruiters;Full-time;FALSE;February;FALSE
1432672;Data Engineer;Johannesburg;-;Full-time;FALSE;March;FALSE
1434460;Data Engineer;Johannesburg;At;Full-time;FALSE;March;FALSE
1434461;Data Engineer;Johannesburg;In;Full-time;FALSE;March;FALSE
1276612;Data Engineer;Johannesburg;At;Full-time;FALSE;January;FALSE
1279462;Data Engineer;Johannesburg;Recruiters;Full-time;FALSE;January;FALSE
1321106;Data Engineer;Johannesburg;In;Full-time;FALSE;January;FALSE
1455961;Data Engineer;Johannesburg;Careers;Full-time;FALSE;March;FALSE
1472591;Data Engineer;Johannesburg;Careers;Full-time;FALSE;March;FALSE
1517246;Data Engineer;Johannesburg;Frank;Full-time;FALSE;April;FALSE
1551936;Data Engineer;Johannesburg;At;Full-time;FALSE;May;FALSE
1556025;Data Engineer;Johannesburg;Jobs;Full-time;FALSE;May;FALSE
1562320;Data Engineer;Johannesburg;Resolve;Full-time;FALSE;May;FALSE
1562322;Data Engineer;Johannesburg;In;Full-time;FALSE;May;FALSE
1565992;Data Engineer;Johannesburg;In;Full-time;FALSE;May;FALSE
1571386;Data Engineer;Johannesburg;At;Full-time;FALSE;May;FALSE
1575375;Data Engineer;Johannesburg;In;Full-time;FALSE;May;FALSE
282516;Business Analyst;Cape Town;CareerJunction;Full-time;FALSE;November;TRUE
326925;Data Scientist;Cape Town;Indeed;Full-time;FALSE;April;FALSE
474167;Business Analyst;Cape Town;CareerJunction;Full-time;FALSE;November;FALSE
740282;Data Scientist;Cape Town;Jooble;Full-time;FALSE;October;FALSE
847123;Data Scientist;Cape Town;CareerJunction;Full-time;FALSE;July;FALSE
1188053;Data Analyst;Cape Town;CareerJunction;Full-time;FALSE;September;TRUE
1259562;Business Analyst;Cape Town;Indeed;Full-time;FALSE;April;FALSE
1356246;Software Engineer;Cape Town;Classitize.co.za;Full-time;FALSE;December;FALSE
1447721;Data Scientist;Cape Town;CareerJunction;Full-time;FALSE;October;FALSE
1815146;Senior Data Engineer;Cape Town;CareerJunction;Full-time;FALSE;October;TRUE
174249;Business Analyst;Cape Town;SimplyHired,;Full-time;FALSE;July;FALSE
730576;Data Analyst;Cape Town;Indeed;Full-time;FALSE;August;FALSE
757528;Business Analyst;Cape Town;Adzuna;Full-time;FALSE;March;TRUE
1576065;Cloud Engineer;Cape Town;Melga;Full-time;FALSE;February;FALSE
1107815;Senior Data Scientist;Cape Town;SimplyHired,;Full-time;FALSE;June;FALSE
1819978;Data Scientist;Cape Town;Go;Full-time;FALSE;December;FALSE
71206;Data Analyst;Cape Town;Indeed;Full-time;FALSE;September;FALSE
245471;Senior Data Engineer;Cape Town;Indeed;Full-time;FALSE;September;TRUE
324498;Cloud Engineer;Cape Town;Jobs;Full-time;FALSE;April;FALSE
427425;Data Scientist;Cape Town;Indeed;Full-time;FALSE;October;FALSE
853319;Senior Data Scientist;Cape Town;Indeed;Full-time;FALSE;April;FALSE
871564;Data Scientist;Cape Town;Indeed;Full-time;FALSE;May;FALSE
1088703;Senior Data Scientist;Cape Town;Indeed;Full-time;FALSE;June;TRUE
1312150;Senior Data Engineer;Cape Town;Indeed;Full-time;FALSE;January;TRUE
1408871;Data Scientist;Cape Town;Indeed;Full-time;FALSE;April;FALSE
1736410;Data Scientist;Cape Town;Indeed;Full-time;FALSE;September;FALSE
28297;Senior Data Analyst;Cape Town;CareerJunction;Full-time;FALSE;July;TRUE
297108;Software Engineer;Cape Town;CareerJunction;Full-time;FALSE;December;FALSE
320829;Data Scientist;Cape Town;Indeed;Full-time;FALSE;October;FALSE
384260;Data Scientist;Cape Town;Startup;Full-time;FALSE;February;FALSE
831969;Senior Data Scientist;Cape Town;SimplyHired,;Full-time;FALSE;July;FALSE
871700;Senior Data Engineer;Cape Town;CareerJunction;Full-time;FALSE;February;FALSE
890701;Data Scientist;Cape Town;CareerJunction;Full-time;FALSE;December;FALSE
1236025;Data Analyst;Cape Town;Startup;Full-time;FALSE;May;TRUE
1248035;Senior Data Engineer;Cape Town;Indeed;Full-time;FALSE;March;FALSE
1288123;Data Scientist;Cape Town;Indeed;Full-time;FALSE;October;FALSE
1301479;Senior Data Analyst;Cape Town;CareerJunction;Full-time;FALSE;August;FALSE
1532343;Senior Data Engineer;Cape Town;CareerJunction;Full-time;FALSE;October;FALSE
1609852;Data Scientist;Cape Town;Startup;Full-time;FALSE;September;FALSE
1681233;Senior Data Scientist;Cape Town;Recruit.net;Full-time;FALSE;September;FALSE
1715009;Data Scientist;Cape Town;CareerJunction;Full-time;FALSE;October;FALSE
31402;Data Analyst;Cape Town;CareerJunction;Full-time;FALSE;December;TRUE
86757;Senior Data Analyst;Cape Town;Ai-Jobs.net;Full-time;FALSE;May;FALSE
317040;Data Scientist;Cape Town;Bizcommunity;Full-time;FALSE;February;TRUE
534649;Data Scientist;Cape Town;Indeed;Full-time;FALSE;November;FALSE
619522;Senior Data Engineer;Cape Town;Indeed;Full-time;FALSE;May;FALSE
841640;Data Scientist;Cape Town;Indeed;Full-time;FALSE;October;FALSE
1347920;Data Analyst;Cape Town;Bizcommunity;Full-time;FALSE;February;FALSE
1486506;Data Scientist;Cape Town;Jobsrican;Full-time;FALSE;November;FALSE
1731789;Data Scientist;Cape Town;SimplyHired,;Full-time;FALSE;January;FALSE
750993;Software Engineer;Cape Town;Recruit.net;Full-time;FALSE;January;TRUE
826348;Data Scientist;Cape Town;Emprego.pt;Full-time;FALSE;January;FALSE
1021148;Senior Data Engineer;Cape Town;Recruit.net;Full-time;FALSE;August;TRUE
1114407;Data Scientist;Cape Town;Emprego.pt;Full-time;FALSE;February;FALSE
1367889;Data Scientist;Cape Town;Jobtome;Full-time;FALSE;December;FALSE
1452135;Software Engineer;Cape Town;Recruit.net;Full-time;FALSE;August;FALSE
18842;Senior Data Scientist;Cape Town;Emprego;Full-time;FALSE;March;FALSE
111179;Software Engineer;Cape Town;Sercanto;Full-time;FALSE;January;TRUE
160186;Software Engineer;Cape Town;Mogul;Full-time;FALSE;December;FALSE
193398;Software Engineer;Cape Town;Recruit.net;Full-time;FALSE;January;TRUE
288040;Software Engineer;Cape Town;Recruit.net;Full-time;FALSE;April;TRUE
413375;Data Scientist;Cape Town;GrabJobs;Full-time;FALSE;August;FALSE
467313;Data Scientist;Cape Town;Emprego.pt;Full-time;FALSE;February;FALSE
486894;Data Scientist;Cape Town;GrabJobs;Full-time;FALSE;October;FALSE
522682;Data Analyst;Cape Town;Recruit.net;Full-time;FALSE;April;FALSE
754705;Senior Data Engineer;Cape Town;GrabJobs;Full-time;FALSE;October;FALSE
797506;Data Scientist;Cape Town;Learn4Good.com;Full-time;FALSE;September;FALSE
861514;Business Analyst;Cape Town;WhatJobs;Full-time;FALSE;August;FALSE
889372;Data Scientist;Cape Town;GrabJobs;Full-time;FALSE;September;FALSE
1002919;Software Engineer;Cape Town;Recruit.net;Full-time;FALSE;July;TRUE
1028379;Data Scientist;Cape Town;Learn4Good.com;Full-time;FALSE;August;FALSE
1039139;Senior Data Scientist;Cape Town;WhatJobs;Full-time;FALSE;December;FALSE
1079402;Software Engineer;Cape Town;Recruit.net;Full-time;FALSE;January;TRUE
1252883;Data Scientist;Cape Town;Recruit.net;Full-time;FALSE;June;FALSE
1277100;Data Analyst;Cape Town;Emprego.pt;Full-time;FALSE;January;FALSE
1394080;Data Analyst;Cape Town;Ai-Jobs.net;Full-time;FALSE;April;FALSE
1443616;Senior Data Scientist;Cape Town;Emprego.pt;Full-time;FALSE;January;FALSE
1571860;Senior Data Engineer;Cape Town;GrabJobs;Full-time;FALSE;October;TRUE
1608415;Senior Data Scientist;Cape Town;Recruit.net;Full-time;FALSE;August;FALSE
1702126;Data Scientist;Cape Town;Sercanto;Full-time;FALSE;April;FALSE
353771;Data Analyst;Cape Town;Startup;Full-time;FALSE;January;FALSE
427242;Data Scientist;Cape Town;RPO;Full-time;FALSE;February;FALSE
440560;Data Analyst;Cape Town;Indeed;Full-time;FALSE;September;FALSE
542983;Senior Data Engineer;Cape Town;Indeed;Full-time;FALSE;March;FALSE
719231;Data Analyst;Cape Town;Ai-Jobs.net;Full-time;FALSE;May;FALSE
842571;Data Scientist;Cape Town;CompuJobs;Full-time;FALSE;November;FALSE
1094985;Software Engineer;Cape Town;Indeed;Full-time;FALSE;October;TRUE
1194882;Senior Data Engineer;Cape Town;CompuJobs;Full-time;FALSE;June;FALSE
1334978;Data Analyst;Cape Town;Indeed;Full-time;FALSE;August;FALSE
1401058;Senior Data Engineer;Cape Town;Indeed;Full-time;FALSE;February;FALSE
261636;Senior Data Scientist;Cape Town;SimplyHired,;Full-time;FALSE;July;FALSE
704017;Data Analyst;Cape Town;Ai-Jobs.net;Full-time;FALSE;June;FALSE
319468;Data Scientist;Cape Town;Indeed;Full-time;FALSE;May;FALSE
796227;Data Scientist;Cape Town;SimplyHired,;Full-time;FALSE;July;FALSE
69630;Data Scientist;Cape Town;HR;Full-time;FALSE;March;FALSE
90625;Data Analyst;Cape Town;Indeed;Full-time;FALSE;October;FALSE
693498;Data Analyst;Cape Town;Indeed;Full-time;FALSE;September;FALSE
1239256;Data Analyst;Cape Town;SimplyHired,;Full-time;FALSE;February;FALSE
1376537;Cloud Engineer;Cape Town;SimplyHired,;Full-time;FALSE;February;TRUE
211535;Senior Data Engineer;Cape Town;Www.247jobsafricia.com;Full-time;FALSE;December;TRUE
467433;Senior Data Engineer;Cape Town;Www.247jobsafricia.com;Full-time;FALSE;December;TRUE
989757;Business Analyst;Cape Town;Job;Full-time;FALSE;July;FALSE
1057491;Data Scientist;Cape Town;Indeed;Full-time;FALSE;October;FALSE
899320;Data Scientist;Cape Town;HR;Full-time;FALSE;January;FALSE
1224081;Senior Data Engineer;Cape Town;Indeed;Full-time;FALSE;September;FALSE
531388;Machine Learning Engineer;Cape Town;Ai-Jobs.net;Full-time;FALSE;April;FALSE
122304;Senior Data Engineer;Cape Town;Indeed;Full-time;FALSE;September;TRUE
187917;Senior Data Scientist;Cape Town;CareerJunction;Full-time;FALSE;February;FALSE
374893;Data Analyst;Cape Town;VacanciesHut;Full-time;FALSE;January;FALSE
437366;Senior Data Scientist;Cape Town;Jobafrican.xyz;Full-time;FALSE;January;FALSE
522279;Software Engineer;Cape Town;Jobiors;Full-time;FALSE;January;TRUE
788126;Senior Data Engineer;Cape Town;Career;Full-time;FALSE;July;FALSE
793076;Data Scientist;Cape Town;Indeed;Full-time;FALSE;July;FALSE
825567;Data Scientist;Cape Town;SimplyHired,;Full-time;FALSE;July;FALSE
1213925;Data Scientist;Cape Town;VacanciesHut;Full-time;FALSE;January;FALSE
657665;Data Scientist;Cape Town;Indeed;Full-time;FALSE;October;FALSE
759321;Senior Data Engineer;Cape Town;Job;Full-time;FALSE;July;FALSE
842502;Software Engineer;Cape Town;CompuJobs;Full-time;FALSE;March;FALSE
878996;Data Analyst;Cape Town;Jobiors;Full-time;FALSE;January;FALSE
943043;Senior Data Scientist;Cape Town;Indeed;Full-time;FALSE;May;FALSE
1304736;Senior Data Scientist;Cape Town;Indeed;Full-time;FALSE;October;FALSE
1320058;Data Scientist;Cape Town;VacanciesHut;Full-time;FALSE;January;FALSE
413275;Data Scientist;Cape Town;Indeed;Full-time;FALSE;April;FALSE
1612888;Data Scientist;Cape Town;Indeed;Full-time;FALSE;October;FALSE
1741739;Data Analyst;Cape Town;Indeed;Full-time;FALSE;September;TRUE
1749383;Data Analyst;Cape Town;Indeed;Full-time;FALSE;September;FALSE
68893;Data Analyst;Cape Town;Indeed;Full-time;FALSE;November;FALSE
1289836;Senior Data Engineer;Cape Town;CompuJobs;Full-time;FALSE;May;FALSE
579544;Data Scientist;Cape Town;SimplyHired;Full-time;FALSE;November;FALSE
1365919;Data Analyst;Cape Town;Ai-Jobs.net;Full-time;FALSE;June;FALSE
1433782;Data Scientist;Cape Town;Indeed;Full-time;FALSE;March;FALSE
1588932;Software Engineer;Cape Town;SimplyHired,;Full-time;FALSE;January;FALSE
140467;Senior Data Engineer;Cape Town;Xcede;Full-time;FALSE;January;FALSE
212916;Business Analyst;Cape Town;SimplyHired,;Full-time;FALSE;July;TRUE
1807055;Senior Data Engineer;Cape Town;CareerJunction;Full-time;FALSE;January;FALSE
393132;Data Scientist;Cape Town;Indeed;Full-time;FALSE;June;FALSE
531725;Senior Data Engineer;Cape Town;Indeed;Full-time;FALSE;January;FALSE
1034866;Senior Data Scientist;Cape Town;SimplyHired,;Full-time;FALSE;June;FALSE
1301461;Data Analyst;Cape Town;Vodafone;Full-time;FALSE;May;TRUE
26480;Data Scientist;Cape Town;PompCryptoJobs;Full-time;FALSE;March;FALSE
193615;Data Analyst;Cape Town;Indeed;Full-time;FALSE;May;FALSE
259279;Machine Learning Engineer;Cape Town;CareerJunction;Full-time;FALSE;October;FALSE
454310;Senior Data Engineer;Cape Town;Indeed;Full-time;FALSE;March;FALSE
525224;Data Scientist;Cape Town;Indeed;Full-time;FALSE;November;FALSE
655065;Senior Data Engineer;Cape Town;Indeed;Full-time;FALSE;May;FALSE
1688872;Senior Data Scientist;Cape Town;Indeed;Full-time;FALSE;June;FALSE
1741776;Data Analyst;Cape Town;Indeed;Full-time;FALSE;September;TRUE
1798324;Data Analyst;Cape Town;Indeed;Full-time;FALSE;October;FALSE
1293383;Senior Data Scientist;Cape Town;Indeed;Full-time;FALSE;June;FALSE
1756568;Data Scientist;Cape Town;Indeed;Full-time;FALSE;November;FALSE
19984;Data Scientist;Cape Town;Ai-Jobs.net;Full-time;FALSE;January;FALSE
1718997;Data Analyst;Cape Town;Ai-Jobs.net;Full-time;FALSE;January;FALSE
709509;Machine Learning Engineer;Cape Town;Career;Full-time;FALSE;October;FALSE
386194;Machine Learning Engineer;Cape Town;Melga;Full-time;FALSE;February;FALSE
776734;Data Scientist;Cape Town;GrabJobs;Full-time;FALSE;November;FALSE
105454;Machine Learning Engineer;Cape Town;Career;Full-time;FALSE;January;FALSE
468114;Data Scientist;Cape Town;SimplyHired,;Full-time;FALSE;February;FALSE
706072;Data Scientist;Cape Town;Indeed;Full-time;FALSE;March;FALSE
1527548;Senior Data Engineer;Cape Town;GrabJobs;Full-time;FALSE;November;TRUE
298134;Data Analyst;Cape Town;Indeed;Full-time;FALSE;September;TRUE
715977;Senior Data Engineer;Cape Town;Indeed;Full-time;FALSE;April;TRUE
1620195;Machine Learning Engineer;Cape Town;Freerecruit;Full-time;FALSE;September;FALSE
13429;Data Scientist;Cape Town;Indeed;Full-time;FALSE;September;FALSE
1501512;Data Scientist;Cape Town;Jooble;Full-time;FALSE;February;FALSE
1686985;Data Scientist;Cape Town;CareerJunction;Full-time;FALSE;January;FALSE
1756134;Data Scientist;Cape Town;Indeed;Full-time;FALSE;July;FALSE
52044;Senior Data Scientist;Cape Town;Indeed;Full-time;FALSE;June;FALSE
1757639;Data Analyst;Cape Town;Ai-Jobs.net;Full-time;FALSE;August;FALSE
669870;Data Scientist;Cape Town;Indeed;Full-time;FALSE;November;FALSE
943549;Data Scientist;Cape Town;Indeed;Full-time;FALSE;November;FALSE
1319386;Data Analyst;Cape Town;CareerJunction;Full-time;FALSE;January;FALSE
1581755;Data Scientist;Cape Town;Indeed;Full-time;FALSE;August;FALSE
1582495;Senior Data Scientist;Cape Town;Page;Full-time;FALSE;May;FALSE
1343175;Software Engineer;Cape Town;South;Full-time;FALSE;January;TRUE
1343176;Software Engineer;Cape Town;South;Full-time;FALSE;January;TRUE
1343177;Software Engineer;Cape Town;South;Full-time;FALSE;January;TRUE
1346126;Cloud Engineer;Cape Town;South;Full-time;FALSE;February;TRUE
1346953;Software Engineer;Cape Town;South;Full-time;FALSE;February;FALSE
1348339;Cloud Engineer;Cape Town;South;Full-time;FALSE;February;TRUE
1353150;Cloud Engineer;Cape Town;South;Full-time;FALSE;February;FALSE
1353417;Business Analyst;Cape Town;South;Full-time;FALSE;February;TRUE
1359176;Business Analyst;Cape Town;South;Full-time;FALSE;February;FALSE
1365257;Software Engineer;Cape Town;South;Full-time;FALSE;February;TRUE
1366579;Business Analyst;Cape Town;South;Full-time;FALSE;February;FALSE
1368849;Business Analyst;Cape Town;South;Full-time;FALSE;February;FALSE
1371331;Business Analyst;Cape Town;South;Full-time;FALSE;February;FALSE
1373985;Business Analyst;Cape Town;South;Full-time;FALSE;February;FALSE
1376838;Business Analyst;Cape Town;South;Full-time;FALSE;February;FALSE
1380099;Business Analyst;Cape Town;South;Full-time;FALSE;February;FALSE
1381283;Data Scientist;Cape Town;South;Full-time;FALSE;February;TRUE
1383026;Business Analyst;Cape Town;South;Full-time;FALSE;February;FALSE
1385650;Business Analyst;Cape Town;South;Full-time;FALSE;February;FALSE
1388198;Business Analyst;Cape Town;South;Full-time;FALSE;February;FALSE
1390938;Business Analyst;Cape Town;South;Full-time;FALSE;February;FALSE
1393802;Business Analyst;Cape Town;South;Full-time;FALSE;February;FALSE
1396584;Senior Data Engineer;Cape Town;South;Full-time;FALSE;February;FALSE
1397099;Business Analyst;Cape Town;South;Full-time;FALSE;February;FALSE
1398332;Data Scientist;Cape Town;South;Full-time;FALSE;February;TRUE
1400396;Senior Data Engineer;Cape Town;South;Full-time;FALSE;February;FALSE
1400986;Business Analyst;Cape Town;South;Full-time;FALSE;February;FALSE
1402397;Data Scientist;Cape Town;South;Full-time;FALSE;February;TRUE
1404385;Business Analyst;Cape Town;South;Full-time;FALSE;February;FALSE
1407206;Business Analyst;Cape Town;South;Full-time;FALSE;February;FALSE
1409882;Business Analyst;Cape Town;South;Full-time;FALSE;February;FALSE
1412814;Business Analyst;Cape Town;South;Full-time;FALSE;February;FALSE
1416030;Business Analyst;Cape Town;South;Full-time;FALSE;February;FALSE
1419646;Senior Data Engineer;Cape Town;Page;Full-time;FALSE;February;FALSE
1420924;Business Analyst;Cape Town;South;Full-time;FALSE;February;FALSE
1420925;Senior Data Scientist;Cape Town;South;Full-time;FALSE;February;FALSE
1420926;Software Engineer;Cape Town;South;Full-time;FALSE;February;TRUE
1440213;Software Engineer;Cape Town;South;Full-time;FALSE;March;TRUE
1440215;Cloud Engineer;Cape Town;South;Full-time;FALSE;March;FALSE
1281050;Cloud Engineer;Cape Town;South;Full-time;FALSE;January;FALSE
1281949;Data Analyst;Cape Town;Page;Full-time;FALSE;January;FALSE
1291588;Senior Data Engineer;Cape Town;Frank;Full-time;FALSE;January;FALSE
1293186;Cloud Engineer;Cape Town;South;Full-time;FALSE;January;FALSE
1304076;Software Engineer;Cape Town;Mail;Full-time;FALSE;January;FALSE
1308304;Data Analyst;Cape Town;Page;Full-time;FALSE;January;FALSE
1309720;Cloud Engineer;Cape Town;South;Full-time;FALSE;January;FALSE
1315068;Software Engineer;Cape Town;South;Full-time;FALSE;January;FALSE
1315575;Machine Learning Engineer;Cape Town;South;Full-time;FALSE;January;FALSE
1315577;Software Engineer;Cape Town;South;Full-time;FALSE;January;FALSE
1316241;Software Engineer;Cape Town;South;Full-time;FALSE;January;TRUE
1316354;Data Scientist;Cape Town;South;Full-time;FALSE;January;FALSE
1316761;Cloud Engineer;Cape Town;South;Full-time;FALSE;January;TRUE
1316762;Software Engineer;Cape Town;South;Full-time;FALSE;January;TRUE
1316763;Software Engineer;Cape Town;South;Full-time;FALSE;January;TRUE
1321784;Senior Data Engineer;Cape Town;South;Full-time;FALSE;January;TRUE
1321900;Data Scientist;Cape Town;South;Full-time;FALSE;January;TRUE
1325334;Senior Data Scientist;Cape Town;South;Full-time;FALSE;January;FALSE
1334939;Data Analyst;Cape Town;South;Full-time;FALSE;January;FALSE
1336264;Senior Data Engineer;Cape Town;South;Full-time;FALSE;January;FALSE
1337761;Data Analyst;Cape Town;South;Full-time;FALSE;January;TRUE
1339531;Software Engineer;Cape Town;South;Full-time;FALSE;January;TRUE
1560365;Business Analyst;Cape Town;Resolve;Full-time;FALSE;May;FALSE
1560367;Business Analyst;Cape Town;Resolve;Full-time;FALSE;May;FALSE
380548;Senior Data Analyst;Cape Town;Pnet;Full-time;FALSE;August;TRUE
386721;Data Analyst;Cape Town;Pnet;Full-time;FALSE;August;FALSE
26472;Data Scientist;Cape Town;Pnet;Full-time;FALSE;July;FALSE
100450;Machine Learning Engineer;Cape Town;Pnet;Full-time;FALSE;September;FALSE
343238;Data Scientist;Cape Town;Pnet;Full-time;FALSE;May;FALSE
1222281;Data Analyst;Cape Town;Pnet;Full-time;FALSE;December;FALSE
1816031;Senior Data Scientist;Cape Town;Pnet;Full-time;FALSE;September;TRUE
170186;Cloud Engineer;Cape Town;Pnet;Full-time;FALSE;August;FALSE
29950;Data Scientist;Cape Town;Pnet;Full-time;FALSE;October;FALSE
182151;Software Engineer;Cape Town;Pnet;Full-time;FALSE;August;TRUE
223660;Data Scientist;Cape Town;Pnet;Full-time;FALSE;September;FALSE
478510;Senior Data Scientist;Cape Town;Pnet;Full-time;FALSE;July;FALSE
1006499;Data Analyst;Cape Town;Pnet;Full-time;FALSE;August;TRUE
1610645;Data Analyst;Cape Town;Pnet;Full-time;FALSE;March;FALSE
1813298;Data Scientist;Cape Town;Pnet;Full-time;FALSE;March;FALSE
227305;Senior Data Engineer;Cape Town;Pnet;Full-time;FALSE;July;TRUE
315901;Software Engineer;Cape Town;Pnet;Full-time;FALSE;December;FALSE
391469;Data Scientist;Cape Town;Pnet;Full-time;FALSE;May;TRUE
512965;Senior Data Scientist;Cape Town;Pnet;Full-time;FALSE;March;FALSE
953657;Software Engineer;Cape Town;Pnet;Full-time;FALSE;March;FALSE
1612167;Machine Learning Engineer;Cape Town;Pnet;Full-time;FALSE;September;FALSE
265419;Data Scientist;Cape Town;Pnet;Full-time;FALSE;June;FALSE
410329;Data Scientist;Cape Town;Pnet;Full-time;FALSE;October;FALSE
1241438;Data Scientist;Cape Town;Pnet;Full-time;FALSE;March;FALSE
1554319;Data Scientist;Cape Town;Pnet;Full-time;FALSE;January;FALSE
1243906;Senior Data Engineer;Cape Town;Pnet;Full-time;FALSE;September;TRUE
92896;Data Analyst;Cape Town;Pnet;Full-time;FALSE;July;TRUE
291207;Data Scientist;Cape Town;Pnet;Full-time;FALSE;July;FALSE
344923;Software Engineer;Cape Town;Pnet;Full-time;FALSE;January;FALSE
389374;Data Scientist;Cape Town;Pnet;Full-time;FALSE;July;FALSE
1311038;Data Scientist;Cape Town;Pnet;Full-time;FALSE;November;FALSE
1423952;Cloud Engineer;Cape Town;Pnet;Full-time;FALSE;November;FALSE
1304713;Data Scientist;Cape Town;Pnet;Full-time;FALSE;November;FALSE
41037;Senior Data Analyst;Cape Town;Pnet;Full-time;FALSE;October;TRUE
896303;Data Analyst;Cape Town;Pnet;Full-time;FALSE;January;FALSE
90334;Data Scientist;Cape Town;Pnet;Full-time;FALSE;July;FALSE
431235;Data Analyst;Cape Town;Pnet;Full-time;FALSE;December;FALSE
55616;Data Analyst;Cape Town;Pnet;Full-time;FALSE;July;TRUE
154863;Data Analyst;Cape Town;Pnet;Full-time;FALSE;October;TRUE
50629;Software Engineer;Cape Town;Pnet;Full-time;FALSE;August;FALSE
53575;Data Scientist;Cape Town;Pnet;Full-time;FALSE;October;FALSE
319978;Data Analyst;Cape Town;Pnet;Full-time;FALSE;April;TRUE
378079;Data Scientist;Cape Town;Pnet;Full-time;FALSE;August;FALSE
821853;Data Scientist;Cape Town;Pnet;Full-time;FALSE;June;FALSE
1679495;Data Analyst;Cape Town;Pnet;Full-time;FALSE;December;TRUE
75228;Data Scientist;Cape Town;Pnet;Full-time;FALSE;November;FALSE
243150;Data Scientist;Cape Town;Pnet;Full-time;FALSE;May;FALSE
1589070;Senior Data Engineer;Cape Town;Pnet;Full-time;FALSE;November;FALSE
1649797;Data Analyst;Cape Town;Pnet;Full-time;FALSE;August;FALSE
839972;Cloud Engineer;Cape Town;Pnet;Full-time;FALSE;December;TRUE
196773;Senior Data Analyst;Cape Town;Pnet;Full-time;FALSE;June;FALSE
1825179;Data Scientist;Cape Town;Pnet;Full-time;FALSE;January;FALSE
77224;Data Analyst;Cape Town;Pnet;Full-time;FALSE;July;FALSE
511161;Data Analyst;Cape Town;Pnet;Full-time;FALSE;July;FALSE
543383;Data Scientist;Cape Town;Pnet;Full-time;FALSE;January;FALSE
758487;Software Engineer;Cape Town;Pnet;Full-time;FALSE;January;FALSE
982232;Senior Data Analyst;Cape Town;Pnet;Full-time;FALSE;December;FALSE
1213954;Senior Data Scientist;Cape Town;Pnet;Full-time;FALSE;February;FALSE
1346194;Data Analyst;Cape Town;Pnet;Full-time;FALSE;February;FALSE
1347648;Data Analyst;Cape Town;Pnet;Full-time;FALSE;September;FALSE
1517306;Software Engineer;Cape Town;Pnet;Full-time;FALSE;October;FALSE
1732737;Data Scientist;Cape Town;Pnet;Full-time;FALSE;January;FALSE
1109359;Data Analyst;Cape Town;Pnet;Full-time;FALSE;April;TRUE
1445924;Software Engineer;Cape Town;Pnet;Full-time;FALSE;April;FALSE
369070;Senior Data Engineer;Cape Town;Pnet;Full-time;FALSE;October;FALSE
1350789;Data Scientist;Cape Town;Pnet;Full-time;FALSE;July;FALSE
1572039;Software Engineer;Cape Town;Pnet;Full-time;FALSE;June;FALSE
134155;Data Engineer;Cape Town;Indeed;Full-time;FALSE;May;FALSE
316627;Data Engineer;Cape Town;Indeed;Full-time;FALSE;June;FALSE
328257;Data Engineer;Cape Town;Indeed;Full-time;FALSE;May;FALSE
579716;Data Engineer;Cape Town;Indeed;Full-time;FALSE;May;FALSE
927563;Data Engineer;Cape Town;Indeed;Full-time;FALSE;May;TRUE
1416317;Data Engineer;Cape Town;Indeed;Full-time;FALSE;May;FALSE
1826051;Data Engineer;Cape Town;Indeed;Full-time;FALSE;February;FALSE
258985;Data Engineer;Cape Town;Indeed;Full-time;FALSE;October;FALSE
332011;Data Engineer;Cape Town;Indeed;Full-time;FALSE;September;TRUE
1135822;Data Engineer;Cape Town;Indeed;Full-time;FALSE;January;FALSE
1433640;Data Engineer;Cape Town;Indeed;Full-time;FALSE;January;FALSE
1456635;Data Engineer;Cape Town;Indeed;Full-time;FALSE;May;FALSE
1458581;Data Engineer;Cape Town;Indeed;Full-time;FALSE;February;FALSE
1685347;Data Engineer;Cape Town;Indeed;Full-time;FALSE;July;TRUE
191860;Data Engineer;Cape Town;Indeed;Full-time;FALSE;February;TRUE
201661;Data Engineer;Cape Town;Indeed;Full-time;FALSE;January;FALSE
248950;Data Engineer;Cape Town;Indeed;Full-time;FALSE;April;TRUE
430893;Data Engineer;Cape Town;Indeed;Full-time;FALSE;April;FALSE
438933;Data Engineer;Cape Town;Indeed;Full-time;FALSE;March;FALSE
560541;Data Engineer;Cape Town;Indeed;Full-time;FALSE;March;TRUE
588248;Data Engineer;Cape Town;Indeed;Full-time;FALSE;September;FALSE
671311;Data Engineer;Cape Town;Indeed;Full-time;FALSE;April;FALSE
1124968;Data Engineer;Cape Town;Indeed;Full-time;FALSE;August;FALSE
1291572;Data Engineer;Cape Town;Indeed;Full-time;FALSE;June;TRUE
1443449;Data Engineer;Cape Town;Indeed;Full-time;FALSE;January;FALSE
1627473;Data Engineer;Cape Town;Indeed;Full-time;FALSE;January;FALSE
428491;Data Engineer;Cape Town;Indeed;Full-time;FALSE;June;FALSE
452774;Data Engineer;Cape Town;Indeed;Full-time;FALSE;April;FALSE
562159;Data Engineer;Cape Town;Indeed;Full-time;FALSE;April;FALSE
735086;Data Engineer;Cape Town;Indeed;Full-time;FALSE;October;FALSE
803483;Data Engineer;Cape Town;Indeed;Full-time;FALSE;July;TRUE
1087035;Data Engineer;Cape Town;Indeed;Full-time;FALSE;June;TRUE
1193975;Data Engineer;Cape Town;Indeed;Full-time;FALSE;November;FALSE
1823159;Data Engineer;Cape Town;Indeed;Full-time;FALSE;February;FALSE
1330996;Data Engineer;Cape Town;Indeed;Full-time;FALSE;June;FALSE
332620;Data Engineer;Cape Town;Indeed;Full-time;FALSE;May;TRUE
672354;Data Engineer;Cape Town;Indeed;Full-time;FALSE;January;FALSE
891471;Data Engineer;Cape Town;Indeed;Full-time;FALSE;March;FALSE
893758;Data Engineer;Cape Town;Indeed;Full-time;FALSE;July;FALSE
97495;Data Engineer;Cape Town;Indeed;Full-time;FALSE;January;TRUE
206751;Data Engineer;Cape Town;Indeed;Full-time;FALSE;May;TRUE
1456715;Data Engineer;Cape Town;Indeed;Full-time;FALSE;May;FALSE
1364142;Data Engineer;Cape Town;Indeed;Full-time;FALSE;June;FALSE
88870;Data Engineer;Cape Town;Indeed;Full-time;FALSE;June;FALSE
752950;Data Engineer;Cape Town;Indeed;Full-time;FALSE;September;FALSE
1033542;Data Engineer;Cape Town;Indeed;Full-time;FALSE;September;TRUE
1209076;Data Engineer;Cape Town;Indeed;Full-time;FALSE;May;TRUE
1531212;Data Engineer;Cape Town;Indeed;Full-time;FALSE;March;FALSE
496849;Data Engineer;Cape Town;Indeed;Full-time;FALSE;April;FALSE
892189;Data Engineer;Cape Town;Indeed;Full-time;FALSE;April;FALSE
1149224;Data Engineer;Cape Town;Indeed;Full-time;FALSE;April;FALSE
814839;Data Engineer;Cape Town;Indeed;Full-time;FALSE;March;TRUE
939759;Data Engineer;Cape Town;Indeed;Full-time;FALSE;May;FALSE
1701503;Data Engineer;Cape Town;Indeed;Full-time;FALSE;January;TRUE
110173;Data Engineer;Cape Town;Indeed;Full-time;FALSE;November;TRUE
543121;Data Engineer;Cape Town;Indeed;Full-time;FALSE;September;FALSE
965171;Data Engineer;Cape Town;Indeed;Full-time;FALSE;March;FALSE
1325959;Data Engineer;Cape Town;Indeed;Full-time;FALSE;August;FALSE
1795302;Data Engineer;Cape Town;Indeed;Full-time;FALSE;February;FALSE
1153271;Data Engineer;Cape Town;Indeed;Full-time;FALSE;April;FALSE
1199697;Data Engineer;Cape Town;Indeed;Full-time;FALSE;August;FALSE
1822511;Data Engineer;Cape Town;Indeed;Full-time;FALSE;June;TRUE
109227;Data Engineer;Cape Town;Indeed;Full-time;FALSE;February;FALSE
312089;Data Engineer;Cape Town;Indeed;Full-time;FALSE;September;TRUE
223286;Data Engineer;Cape Town;Indeed;Full-time;FALSE;September;FALSE
769356;Data Engineer;Cape Town;Indeed;Full-time;FALSE;July;FALSE
870773;Data Engineer;Cape Town;Indeed;Full-time;FALSE;October;TRUE
887528;Data Engineer;Cape Town;Indeed;Full-time;FALSE;May;FALSE
1113981;Data Engineer;Cape Town;Indeed;Full-time;FALSE;June;FALSE
1577797;Data Engineer;Cape Town;Indeed;Full-time;FALSE;January;FALSE
71709;Data Engineer;Cape Town;Indeed;Full-time;FALSE;April;TRUE
916456;Data Engineer;Cape Town;Pnet;Full-time;FALSE;October;FALSE
48580;Data Engineer;Cape Town;Jobs;Full-time;FALSE;July;FALSE
117626;Data Engineer;Cape Town;CareerJunction;Full-time;FALSE;July;TRUE
145071;Data Engineer;Cape Town;CareerJunction;Full-time;FALSE;December;TRUE
308452;Data Engineer;Cape Town;CareerJunction;Full-time;FALSE;November;TRUE
667950;Data Engineer;Cape Town;Career;Full-time;FALSE;April;TRUE
882149;Data Engineer;Cape Town;Jobs;Full-time;FALSE;April;FALSE
1275956;Data Engineer;Cape Town;CareerJunction;Full-time;FALSE;February;FALSE
1336870;Data Engineer;Cape Town;CareerJunction;Full-time;FALSE;September;TRUE
1687560;Data Engineer;Cape Town;GrabJobs;Full-time;FALSE;December;FALSE
72636;Data Engineer;Cape Town;Pnet;Full-time;FALSE;June;FALSE
145704;Data Engineer;Cape Town;Jooble;Full-time;FALSE;February;FALSE
288937;Data Engineer;Cape Town;CareerJunction;Full-time;FALSE;January;FALSE
292190;Data Engineer;Cape Town;GameJobs.co;Full-time;FALSE;January;TRUE
449644;Data Engineer;Cape Town;Pnet;Full-time;FALSE;April;FALSE
134669;Data Engineer;Cape Town;HR;Full-time;FALSE;March;TRUE
15660;Data Engineer;Cape Town;Pnet;Full-time;FALSE;August;FALSE
66633;Data Engineer;Cape Town;Pnet;Full-time;FALSE;March;FALSE
84746;Data Engineer;Cape Town;Pnet;Full-time;FALSE;July;TRUE
182373;Data Engineer;Cape Town;Pnet;Full-time;FALSE;November;TRUE
331320;Data Engineer;Cape Town;Ringier;Full-time;FALSE;April;FALSE
1248225;Data Engineer;Cape Town;Pnet;Full-time;FALSE;November;FALSE
1312679;Data Engineer;Cape Town;Pnet;Full-time;FALSE;August;FALSE
1774499;Data Engineer;Cape Town;SimplyHired,;Full-time;FALSE;July;TRUE
44542;Data Engineer;Cape Town;CompuJobs;Full-time;FALSE;May;FALSE
166087;Data Engineer;Cape Town;Pnet;Full-time;FALSE;February;FALSE
180540;Data Engineer;Cape Town;Pnet;Full-time;FALSE;September;TRUE
230188;Data Engineer;Cape Town;Career;Full-time;FALSE;November;TRUE
549480;Data Engineer;Cape Town;CompuJobs;Full-time;FALSE;January;FALSE
777630;Data Engineer;Cape Town;SimplyHired,;Full-time;FALSE;June;FALSE
914889;Data Engineer;Cape Town;CareerJunction;Full-time;FALSE;December;TRUE
1147608;Data Engineer;Cape Town;CareerJunction;Full-time;FALSE;October;FALSE
1240691;Data Engineer;Cape Town;Pnet;Full-time;FALSE;October;FALSE
1521001;Data Engineer;Cape Town;Pnet;Full-time;FALSE;January;TRUE
1575802;Data Engineer;Cape Town;CompuJobs;Full-time;FALSE;April;FALSE
383662;Data Engineer;Cape Town;SimplyHired,;Full-time;FALSE;July;FALSE
509496;Data Engineer;Cape Town;Pnet;Full-time;FALSE;July;FALSE
741997;Data Engineer;Cape Town;Career;Full-time;FALSE;January;FALSE
1365425;Data Engineer;Cape Town;Pnet;Full-time;FALSE;June;FALSE
1513459;Data Engineer;Cape Town;Technojobs;Full-time;FALSE;March;FALSE
1588455;Data Engineer;Cape Town;CareerJunction;Full-time;FALSE;September;TRUE
119182;Data Engineer;Cape Town;Recruit.net;Full-time;FALSE;June;FALSE
252803;Data Engineer;Cape Town;GrabJobs;Full-time;FALSE;October;TRUE
305596;Data Engineer;Cape Town;Jobtome;Full-time;FALSE;December;TRUE
425168;Data Engineer;Cape Town;Jobtome;Full-time;FALSE;December;TRUE
547696;Data Engineer;Cape Town;GrabJobs;Full-time;FALSE;September;TRUE
793374;Data Engineer;Cape Town;GrabJobs;Full-time;FALSE;October;FALSE
815830;Data Engineer;Cape Town;GrabJobs;Full-time;FALSE;September;FALSE
833114;Data Engineer;Cape Town;GrabJobs;Full-time;FALSE;September;FALSE
913374;Data Engineer;Cape Town;Learn4Good;Full-time;FALSE;August;FALSE
948986;Data Engineer;Cape Town;Recruit.net;Full-time;FALSE;August;FALSE
1131538;Data Engineer;Cape Town;AI;Full-time;FALSE;May;TRUE
1363583;Data Engineer;Cape Town;Recruit.net;Full-time;FALSE;September;TRUE
1512972;Data Engineer;Cape Town;Jobtome;Full-time;FALSE;July;TRUE
28391;Data Engineer;Cape Town;GrabJobs;Full-time;FALSE;October;TRUE
137184;Data Engineer;Cape Town;Recruit.net;Full-time;FALSE;April;FALSE
157429;Data Engineer;Cape Town;Recruit.net;Full-time;FALSE;June;TRUE
289457;Data Engineer;Cape Town;Sercanto;Full-time;FALSE;January;FALSE
344468;Data Engineer;Cape Town;Learn4Good.com;Full-time;FALSE;August;FALSE
468223;Data Engineer;Cape Town;GrabJobs;Full-time;FALSE;October;FALSE
498861;Data Engineer;Cape Town;GrabJobs;Full-time;FALSE;October;FALSE
760458;Data Engineer;Cape Town;GrabJobs;Full-time;FALSE;November;FALSE
921608;Data Engineer;Cape Town;GrabJobs;Full-time;FALSE;September;FALSE
966950;Data Engineer;Cape Town;Learn4Good;Full-time;FALSE;July;TRUE
972376;Data Engineer;Cape Town;GrabJobs;Full-time;FALSE;October;FALSE
988023;Data Engineer;Cape Town;Learn4Good.com;Full-time;FALSE;September;FALSE
1210739;Data Engineer;Cape Town;GrabJobs;Full-time;FALSE;October;TRUE
1258546;Data Engineer;Cape Town;Recruit.net;Full-time;FALSE;June;FALSE
1335895;Data Engineer;Cape Town;Sercanto;Full-time;FALSE;January;FALSE
1396380;Data Engineer;Cape Town;Learn4Good.com;Full-time;FALSE;August;FALSE
1666167;Data Engineer;Cape Town;GrabJobs;Full-time;FALSE;October;TRUE
17961;Data Engineer;Cape Town;Ringier;Full-time;FALSE;June;FALSE
109676;Data Engineer;Cape Town;Pnet;Full-time;FALSE;August;TRUE
157772;Data Engineer;Cape Town;Ringier;Full-time;FALSE;July;FALSE
158095;Data Engineer;Cape Town;HR;Full-time;FALSE;April;TRUE
438450;Data Engineer;Cape Town;Pnet;Full-time;FALSE;January;FALSE
488992;Data Engineer;Cape Town;Adzuna;Full-time;FALSE;May;TRUE
1076384;Data Engineer;Cape Town;Startup;Full-time;FALSE;June;TRUE
1180287;Data Engineer;Cape Town;Pnet;Full-time;FALSE;August;FALSE
1204386;Data Engineer;Cape Town;Pnet;Full-time;FALSE;April;TRUE
1326649;Data Engineer;Cape Town;Recruit.net;Full-time;FALSE;June;FALSE
1572245;Data Engineer;Cape Town;Pnet;Full-time;FALSE;September;FALSE
196703;Data Engineer;Cape Town;Pnet;Full-time;FALSE;January;TRUE
1548010;Data Engineer;Cape Town;GrabJobs;Full-time;FALSE;October;FALSE
450825;Data Engineer;Cape Town;Ai-Jobs.net;Full-time;FALSE;June;FALSE
1186579;Data Engineer;Cape Town;Pnet;Full-time;FALSE;September;FALSE
117146;Data Engineer;Cape Town;CareerJunction;Full-time;FALSE;November;TRUE
124566;Data Engineer;Cape Town;CareerJunction;Full-time;FALSE;September;FALSE
763609;Data Engineer;Cape Town;Pnet;Full-time;FALSE;September;TRUE
829558;Data Engineer;Cape Town;Pnet;Full-time;FALSE;December;TRUE
1637072;Data Engineer;Cape Town;SimplyHired,;Full-time;FALSE;July;TRUE
23388;Data Engineer;Cape Town;Job;Full-time;FALSE;July;TRUE
402477;Data Engineer;Cape Town;Pnet;Full-time;FALSE;December;FALSE
785317;Data Engineer;Cape Town;Pnet;Full-time;FALSE;September;FALSE
810838;Data Engineer;Cape Town;Job;Full-time;FALSE;July;FALSE
1018570;Data Engineer;Cape Town;SimplyHired,;Full-time;FALSE;July;FALSE
1368780;Data Engineer;Cape Town;Ringier;Full-time;FALSE;April;FALSE
1561740;Data Engineer;Cape Town;Job;Full-time;FALSE;July;TRUE
857648;Data Engineer;Cape Town;MyJobMag;Full-time;FALSE;November;FALSE
1177560;Data Engineer;Cape Town;Careers24;Full-time;FALSE;January;TRUE
1203144;Data Engineer;Cape Town;Job;Full-time;FALSE;July;TRUE
1437738;Data Engineer;Cape Town;Pnet;Full-time;FALSE;November;FALSE
1607105;Data Engineer;Cape Town;CareerJunction;Full-time;FALSE;October;TRUE
1633809;Data Engineer;Cape Town;Pnet;Full-time;FALSE;March;FALSE
1704224;Data Engineer;Cape Town;CareerJunction;Full-time;FALSE;February;FALSE
109275;Data Engineer;Cape Town;Pnet;Full-time;FALSE;September;FALSE
200854;Data Engineer;Cape Town;Jobiors;Full-time;FALSE;January;FALSE
310907;Data Engineer;Cape Town;Jobsrican;Full-time;FALSE;January;FALSE
345782;Data Engineer;Cape Town;VacanciesHut;Full-time;FALSE;January;FALSE
370341;Data Engineer;Cape Town;Job;Full-time;FALSE;January;TRUE
389879;Data Engineer;Cape Town;HR;Full-time;FALSE;May;TRUE
1095478;Data Engineer;Cape Town;Jobsrican;Full-time;FALSE;January;TRUE
834834;Data Engineer;Cape Town;Jobsrican;Full-time;FALSE;January;FALSE
925482;Data Engineer;Cape Town;Jobafrican.xyz;Full-time;FALSE;January;FALSE
950558;Data Engineer;Cape Town;Ai-Jobs.net;Full-time;FALSE;February;FALSE
1103328;Data Engineer;Cape Town;Pnet;Full-time;FALSE;December;TRUE
1114914;Data Engineer;Cape Town;Pnet;Full-time;FALSE;June;FALSE
1123470;Data Engineer;Cape Town;Pnet;Full-time;FALSE;April;FALSE
192901;Data Engineer;Cape Town;CareerJunction;Full-time;FALSE;August;TRUE
231582;Data Engineer;Cape Town;Pnet;Full-time;FALSE;November;FALSE
272893;Data Engineer;Cape Town;Career;Full-time;FALSE;July;FALSE
329124;Data Engineer;Cape Town;Pnet;Full-time;FALSE;April;FALSE
361132;Data Engineer;Cape Town;Pnet;Full-time;FALSE;November;TRUE
363322;Data Engineer;Cape Town;Pnet;Full-time;FALSE;January;TRUE
409239;Data Engineer;Cape Town;SimplyHired,;Full-time;FALSE;June;FALSE
439820;Data Engineer;Cape Town;Career;Full-time;FALSE;December;FALSE
1565152;Data Engineer;Cape Town;Amazon;Full-time;FALSE;June;FALSE
1612740;Data Engineer;Cape Town;VacanciesHut;Full-time;FALSE;January;FALSE
1749354;Data Engineer;Cape Town;Jobsrican;Full-time;FALSE;January;FALSE
71945;Data Engineer;Cape Town;Pnet;Full-time;FALSE;November;FALSE
929281;Data Engineer;Cape Town;Pnet;Full-time;FALSE;February;FALSE
556275;Data Engineer;Cape Town;Pnet;Full-time;FALSE;August;FALSE
1438705;Data Engineer;Cape Town;Pnet;Full-time;FALSE;January;FALSE
13997;Data Engineer;Cape Town;Pnet;Full-time;FALSE;April;TRUE
1673128;Data Engineer;Cape Town;SimplyHired,;Full-time;FALSE;January;FALSE
278955;Data Engineer;Cape Town;CompuJobs;Full-time;FALSE;March;FALSE
309000;Data Engineer;Cape Town;HR;Full-time;FALSE;June;TRUE
346287;Data Engineer;Cape Town;Pnet;Full-time;FALSE;January;FALSE
463357;Data Engineer;Cape Town;Ringier;Full-time;FALSE;April;FALSE
767921;Data Engineer;Cape Town;Pnet;Full-time;FALSE;November;FALSE
837042;Data Engineer;Cape Town;SimplyHired,;Full-time;FALSE;June;TRUE
961260;Data Engineer;Cape Town;CareerJunction;Full-time;FALSE;December;FALSE
1331487;Data Engineer;Cape Town;HR;Full-time;FALSE;July;FALSE
1567438;Data Engineer;Cape Town;Startup;Full-time;FALSE;June;FALSE
1666537;Data Engineer;Cape Town;CompuJobs;Full-time;FALSE;February;FALSE
1326795;Data Engineer;Cape Town;SimplyHired,;Full-time;FALSE;January;TRUE
648259;Data Engineer;Cape Town;GrabJobs;Full-time;FALSE;November;FALSE
958376;Data Engineer;Cape Town;GrabJobs;Full-time;FALSE;December;TRUE
1147496;Data Engineer;Cape Town;Career;Full-time;FALSE;October;FALSE
836680;Data Engineer;Cape Town;GrabJobs;Full-time;FALSE;November;FALSE
426183;Data Engineer;Cape Town;Pnet;Full-time;FALSE;September;TRUE
51486;Data Engineer;Cape Town;Pnet;Full-time;FALSE;February;TRUE
171744;Data Engineer;Cape Town;Pnet;Full-time;FALSE;December;FALSE
553258;Data Engineer;Cape Town;CareerJunction;Full-time;FALSE;September;TRUE
862837;Data Engineer;Cape Town;Pnet;Full-time;FALSE;September;FALSE
1344349;Data Engineer;Cape Town;South;Full-time;FALSE;February;FALSE
1346706;Data Engineer;Cape Town;South;Full-time;FALSE;February;FALSE
1353066;Data Engineer;Cape Town;South;Full-time;FALSE;February;FALSE
1365947;Data Engineer;Cape Town;Resolve;Full-time;FALSE;February;TRUE
1368206;Data Engineer;Cape Town;Resolve;Full-time;FALSE;February;TRUE
1370584;Data Engineer;Cape Town;Resolve;Full-time;FALSE;February;TRUE
1373218;Data Engineer;Cape Town;Resolve;Full-time;FALSE;February;TRUE
1375990;Data Engineer;Cape Town;Resolve;Full-time;FALSE;February;TRUE
1379108;Data Engineer;Cape Town;Resolve;Full-time;FALSE;February;TRUE
1382282;Data Engineer;Cape Town;Resolve;Full-time;FALSE;February;TRUE
1384895;Data Engineer;Cape Town;Resolve;Full-time;FALSE;February;TRUE
1387496;Data Engineer;Cape Town;Resolve;Full-time;FALSE;February;TRUE
1390103;Data Engineer;Cape Town;Resolve;Full-time;FALSE;February;TRUE
1392995;Data Engineer;Cape Town;Resolve;Full-time;FALSE;February;TRUE
1396068;Data Engineer;Cape Town;Resolve;Full-time;FALSE;February;TRUE
1399817;Data Engineer;Cape Town;Resolve;Full-time;FALSE;February;TRUE
1403540;Data Engineer;Cape Town;Resolve;Full-time;FALSE;February;TRUE
1406422;Data Engineer;Cape Town;Resolve;Full-time;FALSE;February;TRUE
1409132;Data Engineer;Cape Town;Resolve;Full-time;FALSE;February;TRUE
1411917;Data Engineer;Cape Town;Resolve;Full-time;FALSE;February;TRUE
1415082;Data Engineer;Cape Town;Resolve;Full-time;FALSE;February;TRUE
1440399;Data Engineer;Cape Town;South;Full-time;FALSE;March;FALSE
1440401;Data Engineer;Cape Town;South;Full-time;FALSE;March;FALSE
1284893;Data Engineer;Cape Town;In;Full-time;FALSE;January;TRUE
1288687;Data Engineer;Cape Town;South;Full-time;FALSE;January;TRUE
1288688;Data Engineer;Cape Town;South;Full-time;FALSE;January;TRUE
1297261;Data Engineer;Cape Town;In;Full-time;FALSE;January;TRUE
1297278;Data Engineer;Cape Town;Global;Full-time;FALSE;January;TRUE
1300340;Data Engineer;Cape Town;South;Full-time;FALSE;January;FALSE
1304729;Data Engineer;Cape Town;South;Full-time;FALSE;January;FALSE
1305107;Data Engineer;Cape Town;Job;Full-time;FALSE;January;FALSE
1307701;Data Engineer;Cape Town;In;Full-time;FALSE;January;FALSE
1315065;Data Engineer;Cape Town;South;Full-time;FALSE;January;FALSE
1315312;Data Engineer;Cape Town;South;Full-time;FALSE;January;FALSE
1315576;Data Engineer;Cape Town;South;Full-time;FALSE;January;FALSE
1316683;Data Engineer;Cape Town;South;Full-time;FALSE;January;FALSE
1319265;Data Engineer;Cape Town;South;Full-time;FALSE;January;FALSE
1320045;Data Engineer;Cape Town;South;Full-time;FALSE;January;FALSE
1320336;Data Engineer;Cape Town;Resolve;Full-time;FALSE;January;TRUE
1320339;Data Engineer;Cape Town;Resolve;Full-time;FALSE;January;FALSE
1321434;Data Engineer;Cape Town;South;Full-time;FALSE;January;TRUE
1321782;Data Engineer;Cape Town;South;Full-time;FALSE;January;FALSE
1321783;Data Engineer;Cape Town;South;Full-time;FALSE;January;FALSE
1323987;Data Engineer;Cape Town;South;Full-time;FALSE;January;FALSE
1327868;Data Engineer;Cape Town;At;Full-time;FALSE;January;FALSE
1329697;Data Engineer;Cape Town;Global;Full-time;FALSE;January;TRUE
1331754;Data Engineer;Cape Town;South;Full-time;FALSE;January;FALSE
1340519;Data Engineer;Cape Town;South;Full-time;FALSE;January;TRUE
1502101;Data Engineer;Cape Town;Jobs;Full-time;FALSE;April;TRUE
1523256;Data Engineer;Cape Town;Global;Full-time;FALSE;April;TRUE
1549807;Data Engineer;Cape Town;Energy;Full-time;FALSE;May;FALSE
1558740;Data Engineer;Cape Town;Mail;Full-time;FALSE;May;FALSE
1575589;Data Engineer;Cape Town;Page;Full-time;FALSE;May;FALSE
756034;Data Scientist;Cape Town;Trabajo.org;Full-time;FALSE;January;FALSE
367405;Data Scientist;Cape Town;Trabajo.org;Full-time;FALSE;May;FALSE
410462;Data Scientist;Cape Town;Trabajo.org;Full-time;FALSE;August;FALSE
533276;Data Scientist;Cape Town;Trabajo.org;Full-time;FALSE;July;FALSE
781783;Data Scientist;Cape Town;Trabajo.org;Full-time;FALSE;August;FALSE
845548;Data Scientist;Cape Town;Trabajo.org;Full-time;FALSE;August;FALSE
846154;Data Scientist;Cape Town;Trabajo.org;Full-time;FALSE;August;FALSE
1380733;Data Scientist;Cape Town;Trabajo.org;Full-time;FALSE;August;FALSE
1418003;Data Scientist;Cape Town;Trabajo.org;Full-time;FALSE;August;FALSE
1632699;Data Scientist;Cape Town;Trabajo.org;Full-time;FALSE;August;FALSE
1824764;Data Scientist;Cape Town;Trabajo.org;Full-time;FALSE;August;FALSE
340961;Data Scientist;Cape Town;Trabajo.org;Full-time;FALSE;May;FALSE
648468;Data Scientist;Cape Town;Trabajo.org;Full-time;FALSE;January;FALSE
1316432;Data Scientist;Cape Town;Trabajo.org;Full-time;FALSE;April;FALSE
1391787;Data Scientist;Cape Town;Trabajo.org;Full-time;FALSE;April;FALSE
666513;Data Scientist;Cape Town;Trabajo.org;Full-time;FALSE;July;FALSE
1593931;Data Scientist;Cape Town;Trabajo.org;Full-time;FALSE;April;FALSE
31918;Data Scientist;Cape Town;Trabajo.org;Full-time;FALSE;August;FALSE
104994;Data Scientist;Cape Town;Trabajo.org;Full-time;FALSE;August;FALSE
133978;Data Scientist;Cape Town;Trabajo.org;Full-time;FALSE;June;FALSE
147511;Data Scientist;Cape Town;Trabajo.org;Full-time;FALSE;July;FALSE
199425;Data Scientist;Cape Town;Trabajo.org;Full-time;FALSE;August;TRUE
299748;Data Scientist;Cape Town;Trabajo.org;Full-time;FALSE;August;FALSE
318366;Data Scientist;Cape Town;Trabajo.org;Full-time;FALSE;July;FALSE
365000;Data Scientist;Cape Town;Trabajo.org;Full-time;FALSE;August;FALSE
396539;Data Scientist;Cape Town;Trabajo.org;Full-time;FALSE;August;FALSE
537157;Data Scientist;Cape Town;Trabajo.org;Full-time;FALSE;August;FALSE
741259;Data Scientist;Cape Town;Trabajo.org;Full-time;FALSE;August;FALSE
904832;Data Scientist;Cape Town;Trabajo.org;Full-time;FALSE;August;FALSE
942877;Data Scientist;Cape Town;Trabajo.org;Full-time;FALSE;August;FALSE
948716;Data Scientist;Cape Town;Trabajo.org;Full-time;FALSE;August;FALSE
1360635;Data Scientist;Cape Town;Trabajo.org;Full-time;FALSE;August;TRUE
1471019;Data Scientist;Cape Town;Trabajo.org;Full-time;FALSE;August;FALSE
173163;Data Scientist;Cape Town;Trabajo.org;Full-time;FALSE;July;FALSE
301532;Data Scientist;Cape Town;Trabajo.org;Full-time;FALSE;January;FALSE
428845;Data Scientist;Cape Town;Trabajo.org;Full-time;FALSE;March;FALSE
550858;Data Scientist;Cape Town;Trabajo.org;Full-time;FALSE;March;FALSE
825167;Data Scientist;Cape Town;Trabajo.org;Full-time;FALSE;March;FALSE
946118;Data Scientist;Cape Town;Trabajo.org;Full-time;FALSE;January;FALSE
1010006;Data Scientist;Cape Town;Trabajo.org;Full-time;FALSE;March;TRUE
1358709;Data Scientist;Cape Town;Trabajo.org;Full-time;FALSE;January;FALSE
548596;Data Scientist;Cape Town;Trabajo.org;Full-time;FALSE;February;FALSE
404425;Data Scientist;Cape Town;Trabajo.org;Full-time;FALSE;February;FALSE
528722;Data Scientist;Cape Town;Trabajo.org;Full-time;FALSE;February;FALSE
628121;Data Scientist;Cape Town;Trabajo.org;Full-time;FALSE;April;FALSE
1362755;Data Scientist;Cape Town;Trabajo.org;Full-time;FALSE;January;FALSE
865231;Data Scientist;Cape Town;Trabajo.org;Full-time;FALSE;August;FALSE
804206;Data Scientist;Cape Town;Trabajo.org;Full-time;FALSE;April;TRUE
1324881;Data Scientist;Cape Town;Trabajo.org;Full-time;FALSE;August;FALSE
91326;Data Scientist;Cape Town;Trabajo.org;Full-time;FALSE;January;TRUE
464740;Data Scientist;Cape Town;Trabajo.org;Full-time;FALSE;January;FALSE
56461;Data Scientist;Cape Town;Trabajo.org;Full-time;FALSE;May;FALSE
73386;Data Scientist;Cape Town;Trabajo.org;Full-time;FALSE;August;FALSE
315018;Data Scientist;Cape Town;Trabajo.org;Full-time;FALSE;January;FALSE
374546;Data Scientist;Cape Town;Trabajo.org;Full-time;FALSE;August;FALSE
490076;Data Scientist;Cape Town;Trabajo.org;Full-time;FALSE;August;FALSE
876917;Data Scientist;Cape Town;Trabajo.org;Full-time;FALSE;May;FALSE
889025;Data Scientist;Cape Town;Trabajo.org;Full-time;FALSE;August;FALSE
1193022;Data Scientist;Cape Town;Trabajo.org;Full-time;FALSE;January;TRUE
1282973;Data Scientist;Cape Town;Trabajo.org;Full-time;FALSE;January;FALSE
1463225;Data Scientist;Cape Town;Trabajo.org;Full-time;FALSE;January;TRUE
1604552;Data Scientist;Cape Town;Trabajo.org;Full-time;FALSE;January;TRUE
420884;Data Scientist;Cape Town;Trabajo.org;Full-time;FALSE;April;FALSE
457333;Data Scientist;Cape Town;Trabajo.org;Full-time;FALSE;April;FALSE
660624;Data Scientist;Cape Town;Trabajo.org;Full-time;FALSE;February;FALSE
1736247;Data Scientist;Cape Town;Trabajo.org;Full-time;FALSE;April;FALSE
354878;Data Scientist;Cape Town;Trabajo.org;Full-time;FALSE;January;FALSE
489376;Data Scientist;Cape Town;Trabajo.org;Full-time;FALSE;January;FALSE
407604;Data Scientist;Cape Town;Trabajo.org;Full-time;FALSE;January;FALSE
773130;Data Scientist;Cape Town;Trabajo.org;Full-time;FALSE;January;FALSE
571694;Data Scientist;Cape Town;Trabajo.org;Full-time;FALSE;January;FALSE
861153;Data Scientist;Cape Town;Trabajo.org;Full-time;FALSE;January;TRUE
1737056;Data Scientist;Cape Town;Trabajo.org;Full-time;FALSE;January;FALSE
1282803;Data Scientist;Cape Town;Trabajo.org;Full-time;FALSE;January;FALSE
553777;Data Scientist;Cape Town;Trabajo.org;Full-time;FALSE;January;FALSE
1262105;Data Scientist;Cape Town;Trabajo.org;Full-time;FALSE;July;FALSE
721498;Data Scientist;Cape Town;Trabajo.org;Full-time;FALSE;April;TRUE
959902;Data Scientist;Cape Town;Trabajo.org;Full-time;FALSE;April;FALSE
1007092;Data Scientist;Cape Town;Trabajo.org;Full-time;FALSE;August;FALSE
623763;Data Scientist;Cape Town;Trabajo.org;Full-time;FALSE;January;TRUE
696533;Data Scientist;Cape Town;Trabajo.org;Full-time;FALSE;March;FALSE
1137357;Data Scientist;Cape Town;Trabajo.org;Full-time;FALSE;January;TRUE
1033664;Data Scientist;Cape Town;Trabajo.org;Full-time;FALSE;September;FALSE
1581727;Data Scientist;Cape Town;Trabajo.org;Full-time;FALSE;May;FALSE
1582749;Data Scientist;Cape Town;Trabajo.org;Full-time;FALSE;May;FALSE
1585079;Data Scientist;Cape Town;Trabajo.org;Full-time;FALSE;May;FALSE
1594438;Data Scientist;Cape Town;Trabajo.org;Full-time;FALSE;June;TRUE
1607039;Data Scientist;Cape Town;Trabajo.org;Full-time;FALSE;June;FALSE
1610553;Data Scientist;Cape Town;Trabajo.org;Full-time;FALSE;June;FALSE
1610695;Data Scientist;Cape Town;Trabajo.org;Full-time;FALSE;June;TRUE
1613969;Data Scientist;Cape Town;Trabajo.org;Full-time;FALSE;June;TRUE
1514238;Data Scientist;Cape Town;Trabajo.org;Full-time;FALSE;April;FALSE
1572444;Data Scientist;Cape Town;Trabajo.org;Full-time;FALSE;May;TRUE
1704462;Data Engineer;Cape Town;Trabajo.org;Full-time;FALSE;January;FALSE
378970;Data Engineer;Cape Town;Trabajo.org;Full-time;FALSE;August;FALSE
798292;Data Engineer;Cape Town;Trabajo.org;Full-time;FALSE;May;TRUE
816437;Data Engineer;Cape Town;Trabajo.org;Full-time;FALSE;July;FALSE
903504;Data Engineer;Cape Town;Trabajo.org;Full-time;FALSE;May;TRUE
345023;Data Engineer;Cape Town;Trabajo.org;Full-time;FALSE;May;TRUE
491112;Data Engineer;Cape Town;Trabajo.org;Full-time;FALSE;May;FALSE
951245;Data Engineer;Cape Town;Trabajo.org;Full-time;FALSE;May;FALSE
1235330;Data Engineer;Cape Town;Trabajo.org;Full-time;FALSE;March;FALSE
51614;Data Engineer;Cape Town;Trabajo.org;Full-time;FALSE;April;FALSE
62324;Data Engineer;Cape Town;Trabajo.org;Full-time;FALSE;April;TRUE
453883;Data Engineer;Cape Town;Trabajo.org;Full-time;FALSE;July;FALSE
458025;Data Engineer;Cape Town;Trabajo.org;Full-time;FALSE;April;TRUE
561441;Data Engineer;Cape Town;Trabajo.org;Full-time;FALSE;April;FALSE
816348;Data Engineer;Cape Town;Trabajo.org;Full-time;FALSE;January;TRUE
1396546;Data Engineer;Cape Town;Trabajo.org;Full-time;FALSE;April;FALSE
1112443;Data Engineer;Cape Town;Trabajo.org;Full-time;FALSE;August;FALSE
66339;Data Engineer;Cape Town;Trabajo.org;Full-time;FALSE;August;FALSE
97580;Data Engineer;Cape Town;Trabajo.org;Full-time;FALSE;June;FALSE
107770;Data Engineer;Cape Town;Trabajo.org;Full-time;FALSE;May;FALSE
792676;Data Engineer;Cape Town;Trabajo.org;Full-time;FALSE;June;TRUE
979772;Data Engineer;Cape Town;Trabajo.org;Full-time;FALSE;September;FALSE
1035180;Data Engineer;Cape Town;Trabajo.org;Full-time;FALSE;June;FALSE
1189260;Data Engineer;Cape Town;Trabajo.org;Full-time;FALSE;August;FALSE
571177;Data Engineer;Cape Town;Trabajo.org;Full-time;FALSE;April;FALSE
887583;Data Engineer;Cape Town;Trabajo.org;Full-time;FALSE;July;FALSE
1176591;Data Engineer;Cape Town;Trabajo.org;Full-time;FALSE;February;FALSE
1756566;Data Engineer;Cape Town;Trabajo.org;Full-time;FALSE;April;FALSE
1255596;Data Engineer;Cape Town;Trabajo.org;Full-time;FALSE;April;FALSE
47100;Data Engineer;Cape Town;Trabajo.org;Full-time;FALSE;February;TRUE
125836;Data Engineer;Cape Town;Trabajo.org;Full-time;FALSE;April;TRUE
278827;Data Engineer;Cape Town;Trabajo.org;Full-time;FALSE;July;TRUE
287264;Data Engineer;Cape Town;Trabajo.org;Full-time;FALSE;February;FALSE
325852;Data Engineer;Cape Town;Trabajo.org;Full-time;FALSE;February;TRUE
399024;Data Engineer;Cape Town;Trabajo.org;Full-time;FALSE;February;FALSE
874152;Data Engineer;Cape Town;Trabajo.org;Full-time;FALSE;February;FALSE
1234651;Data Engineer;Cape Town;Trabajo.org;Full-time;FALSE;July;FALSE
300526;Data Engineer;Cape Town;Trabajo.org;Full-time;FALSE;April;TRUE
538125;Data Engineer;Cape Town;Trabajo.org;Full-time;FALSE;April;FALSE
1188256;Data Engineer;Cape Town;Trabajo.org;Full-time;FALSE;February;TRUE
641774;Data Engineer;Cape Town;Trabajo.org;Full-time;FALSE;February;TRUE
142524;Data Engineer;Cape Town;Trabajo.org;Full-time;FALSE;April;FALSE
312797;Data Engineer;Cape Town;Trabajo.org;Full-time;FALSE;April;FALSE
1389787;Data Engineer;Cape Town;Trabajo.org;Full-time;FALSE;April;FALSE
244798;Data Engineer;Cape Town;Trabajo.org;Full-time;FALSE;April;TRUE
482917;Data Engineer;Cape Town;Trabajo.org;Full-time;FALSE;April;FALSE
997722;Data Engineer;Cape Town;Trabajo.org;Full-time;FALSE;April;TRUE
1328363;Data Engineer;Cape Town;Trabajo.org;Full-time;FALSE;January;TRUE
1751386;Data Engineer;Cape Town;Trabajo.org;Full-time;FALSE;March;FALSE
90031;Data Engineer;Cape Town;Trabajo.org;Full-time;FALSE;January;TRUE
1575376;Data Engineer;Cape Town;Trabajo.org;Full-time;FALSE;January;TRUE
1629888;Data Engineer;Cape Town;Trabajo.org;Full-time;FALSE;January;FALSE
52474;Data Engineer;Cape Town;Trabajo.org;Full-time;FALSE;January;FALSE
1703611;Data Engineer;Cape Town;Trabajo.org;Full-time;FALSE;January;FALSE
1797993;Data Engineer;Cape Town;Trabajo.org;Full-time;FALSE;May;FALSE
1822943;Data Engineer;Cape Town;Trabajo.org;Full-time;FALSE;August;TRUE
311490;Data Engineer;Cape Town;Trabajo.org;Full-time;FALSE;February;TRUE
313779;Data Engineer;Cape Town;Trabajo.org;Full-time;FALSE;April;TRUE
389006;Data Engineer;Cape Town;Trabajo.org;Full-time;FALSE;April;TRUE
469117;Data Engineer;Cape Town;Trabajo.org;Full-time;FALSE;April;TRUE
1323134;Data Engineer;Cape Town;Trabajo.org;Full-time;FALSE;April;FALSE
1337220;Data Engineer;Cape Town;Trabajo.org;Full-time;FALSE;April;FALSE
807271;Data Engineer;Cape Town;Trabajo.org;Full-time;FALSE;January;FALSE
821506;Data Engineer;Cape Town;Trabajo.org;Full-time;FALSE;January;FALSE
1762812;Data Engineer;Cape Town;Trabajo.org;Full-time;FALSE;January;TRUE
153658;Data Engineer;Cape Town;Trabajo.org;Full-time;FALSE;January;TRUE
394624;Data Engineer;Cape Town;Trabajo.org;Full-time;FALSE;January;FALSE
1787127;Data Engineer;Cape Town;Trabajo.org;Full-time;FALSE;January;FALSE
1810447;Data Engineer;Cape Town;Trabajo.org;Full-time;FALSE;January;TRUE
137999;Data Engineer;Cape Town;Trabajo.org;Full-time;FALSE;February;FALSE
1119512;Data Engineer;Cape Town;Trabajo.org;Full-time;FALSE;August;TRUE
725059;Data Engineer;Cape Town;Trabajo.org;Full-time;FALSE;February;TRUE
1008915;Data Engineer;Cape Town;Trabajo.org;Full-time;FALSE;April;TRUE
1779301;Data Engineer;Cape Town;Trabajo.org;Full-time;FALSE;March;TRUE
1580735;Data Engineer;Cape Town;Trabajo.org;Full-time;FALSE;May;FALSE
1581991;Data Engineer;Cape Town;Trabajo.org;Full-time;FALSE;May;TRUE
1594437;Data Engineer;Cape Town;Trabajo.org;Full-time;FALSE;June;TRUE
1606724;Data Engineer;Cape Town;Trabajo.org;Full-time;FALSE;June;TRUE
1608157;Data Engineer;Cape Town;Trabajo.org;Full-time;FALSE;June;TRUE
1612948;Data Engineer;Cape Town;Trabajo.org;Full-time;FALSE;June;FALSE
1613966;Data Engineer;Cape Town;Trabajo.org;Full-time;FALSE;June;TRUE
1614147;Data Engineer;Cape Town;Trabajo.org;Full-time;FALSE;June;FALSE
1614734;Data Engineer;Cape Town;Trabajo.org;Full-time;FALSE;June;TRUE
1313796;Data Engineer;Cape Town;Trabajo.org;Full-time;FALSE;January;FALSE
1330165;Data Engineer;Cape Town;Trabajo.org;Full-time;FALSE;January;FALSE
388873;Machine Learning Engineer;Cape Town;Trabajo.org;Full-time;FALSE;January;FALSE
507592;Software Engineer;Cape Town;Trabajo.org;Full-time;FALSE;March;FALSE
693228;Data Analyst;Cape Town;Trabajo.org;Full-time;FALSE;January;FALSE
972768;Senior Data Engineer;Cape Town;Trabajo.org;Full-time;FALSE;January;FALSE
1309581;Cloud Engineer;Cape Town;Trabajo.org;Full-time;FALSE;January;TRUE
1364355;Senior Data Scientist;Cape Town;Trabajo.org;Full-time;FALSE;January;FALSE
1565070;Senior Data Scientist;Cape Town;Trabajo.org;Full-time;FALSE;March;FALSE
197598;Data Analyst;Cape Town;Trabajo.org;Full-time;FALSE;August;TRUE
203470;Business Analyst;Cape Town;Trabajo.org;Full-time;FALSE;July;FALSE
298880;Senior Data Scientist;Cape Town;Trabajo.org;Full-time;FALSE;January;FALSE
359771;Senior Data Engineer;Cape Town;Trabajo.org;Full-time;FALSE;June;FALSE
536534;Data Analyst;Cape Town;Trabajo.org;Full-time;FALSE;April;TRUE
583721;Software Engineer;Cape Town;Trabajo.org;Full-time;FALSE;January;TRUE
854499;Cloud Engineer;Cape Town;Trabajo.org;Full-time;FALSE;January;FALSE
934679;Software Engineer;Cape Town;Trabajo.org;Full-time;FALSE;January;TRUE
1131141;Software Engineer;Cape Town;Trabajo.org;Full-time;FALSE;January;FALSE
1237337;Data Analyst;Cape Town;Trabajo.org;Full-time;FALSE;February;FALSE
1253613;Software Engineer;Cape Town;Trabajo.org;Full-time;FALSE;January;FALSE
1520669;Software Engineer;Cape Town;Trabajo.org;Full-time;FALSE;August;FALSE
1724912;Senior Data Analyst;Cape Town;Trabajo.org;Full-time;FALSE;January;TRUE
1812869;Data Analyst;Cape Town;Trabajo.org;Full-time;FALSE;August;FALSE
1816256;Data Analyst;Cape Town;Trabajo.org;Full-time;FALSE;January;TRUE
499009;Software Engineer;Cape Town;Trabajo.org;Full-time;FALSE;January;FALSE
1416268;Cloud Engineer;Cape Town;Trabajo.org;Full-time;FALSE;May;FALSE
515714;Senior Data Analyst;Cape Town;Trabajo.org;Full-time;FALSE;January;TRUE
533608;Data Analyst;Cape Town;Trabajo.org;Full-time;FALSE;April;FALSE
631562;Data Analyst;Cape Town;Trabajo.org;Full-time;FALSE;April;TRUE
1317380;Data Analyst;Cape Town;Trabajo.org;Full-time;FALSE;January;TRUE
237465;Data Analyst;Cape Town;Trabajo.org;Full-time;FALSE;July;FALSE
239758;Data Analyst;Cape Town;Trabajo.org;Full-time;FALSE;April;TRUE
455604;Data Analyst;Cape Town;Trabajo.org;Full-time;FALSE;April;FALSE
746713;Senior Data Scientist;Cape Town;Trabajo.org;Full-time;FALSE;July;FALSE
1405912;Senior Data Scientist;Cape Town;Trabajo.org;Full-time;FALSE;August;FALSE
1702828;Data Analyst;Cape Town;Trabajo.org;Full-time;FALSE;April;TRUE
129059;Senior Data Scientist;Cape Town;Trabajo.org;Full-time;FALSE;August;FALSE
355018;Machine Learning Engineer;Cape Town;Trabajo.org;Full-time;FALSE;June;FALSE
381470;Senior Data Scientist;Cape Town;Trabajo.org;Full-time;FALSE;August;FALSE
444472;Senior Data Scientist;Cape Town;Trabajo.org;Full-time;FALSE;June;FALSE
562974;Data Analyst;Cape Town;Trabajo.org;Full-time;FALSE;August;TRUE
865647;Data Analyst;Cape Town;Trabajo.org;Full-time;FALSE;August;FALSE
1075187;Data Analyst;Cape Town;Trabajo.org;Full-time;FALSE;June;TRUE
1085578;Data Analyst;Cape Town;Trabajo.org;Full-time;FALSE;August;FALSE
1273424;Senior Data Scientist;Cape Town;Trabajo.org;Full-time;FALSE;August;FALSE
1293578;Software Engineer;Cape Town;Trabajo.org;Full-time;FALSE;June;FALSE
1429217;Data Analyst;Cape Town;Trabajo.org;Full-time;FALSE;July;FALSE
1577204;Data Analyst;Cape Town;Trabajo.org;Full-time;FALSE;July;FALSE
1591838;Data Analyst;Cape Town;Trabajo.org;Full-time;FALSE;August;FALSE
1814107;Data Analyst;Cape Town;Trabajo.org;Full-time;FALSE;August;TRUE
907800;Senior Data Engineer;Cape Town;Trabajo.org;Full-time;FALSE;January;TRUE
1239021;Data Analyst;Cape Town;Trabajo.org;Full-time;FALSE;January;TRUE
1511037;Machine Learning Engineer;Cape Town;Trabajo.org;Full-time;FALSE;March;FALSE
1702196;Software Engineer;Cape Town;Trabajo.org;Full-time;FALSE;January;FALSE
1054081;Senior Data Scientist;Cape Town;Trabajo.org;Full-time;FALSE;April;FALSE
1198328;Software Engineer;Cape Town;Trabajo.org;Full-time;FALSE;February;TRUE
1733820;Software Engineer;Cape Town;Trabajo.org;Full-time;FALSE;February;FALSE
8257;Senior Data Scientist;Cape Town;Trabajo.org;Full-time;FALSE;February;FALSE
21058;Senior Data Engineer;Cape Town;Trabajo.org;Full-time;FALSE;February;FALSE
78511;Data Analyst;Cape Town;Trabajo.org;Full-time;FALSE;April;TRUE
111614;Data Analyst;Cape Town;Trabajo.org;Full-time;FALSE;April;FALSE
281789;Business Analyst;Cape Town;Trabajo.org;Full-time;FALSE;February;FALSE
342207;Software Engineer;Cape Town;Trabajo.org;Full-time;FALSE;February;TRUE
343305;Senior Data Engineer;Cape Town;Trabajo.org;Full-time;FALSE;February;TRUE
451052;Senior Data Engineer;Cape Town;Trabajo.org;Full-time;FALSE;July;FALSE
526460;Software Engineer;Cape Town;Trabajo.org;Full-time;FALSE;February;TRUE
575647;Cloud Engineer;Cape Town;Trabajo.org;Full-time;FALSE;February;FALSE
885144;Software Engineer;Cape Town;Trabajo.org;Full-time;FALSE;February;TRUE
896423;Business Analyst;Cape Town;Trabajo.org;Full-time;FALSE;February;TRUE
1151883;Software Engineer;Cape Town;Trabajo.org;Full-time;FALSE;July;TRUE
1513418;Cloud Engineer;Cape Town;Trabajo.org;Full-time;FALSE;February;TRUE
1630903;Senior Data Analyst;Cape Town;Trabajo.org;Full-time;FALSE;April;FALSE
1725221;Data Analyst;Cape Town;Trabajo.org;Full-time;FALSE;February;FALSE
287437;Senior Data Engineer;Cape Town;Trabajo.org;Full-time;FALSE;February;FALSE
1352718;Cloud Engineer;Cape Town;Trabajo.org;Full-time;FALSE;February;FALSE
1768159;Software Engineer;Cape Town;Trabajo.org;Full-time;FALSE;February;FALSE
682909;Software Engineer;Cape Town;Trabajo.org;Full-time;FALSE;April;TRUE
802907;Senior Data Engineer;Cape Town;Trabajo.org;Full-time;FALSE;April;TRUE
943885;Data Analyst;Cape Town;Trabajo.org;Full-time;FALSE;February;TRUE
1490062;Data Analyst;Cape Town;Trabajo.org;Full-time;FALSE;February;FALSE
983629;Cloud Engineer;Cape Town;Trabajo.org;Full-time;FALSE;March;FALSE
1550010;Software Engineer;Cape Town;Trabajo.org;Full-time;FALSE;April;FALSE
1773997;Data Analyst;Cape Town;Trabajo.org;Full-time;FALSE;April;FALSE
165725;Cloud Engineer;Cape Town;Trabajo.org;Full-time;FALSE;January;FALSE
477996;Senior Data Scientist;Cape Town;Trabajo.org;Full-time;FALSE;August;FALSE
457167;Software Engineer;Cape Town;Trabajo.org;Full-time;FALSE;January;TRUE
1140651;Senior Data Analyst;Cape Town;Trabajo.org;Full-time;FALSE;January;TRUE
1385357;Senior Data Scientist;Cape Town;Trabajo.org;Full-time;FALSE;January;FALSE
1611908;Software Engineer;Cape Town;Trabajo.org;Full-time;FALSE;April;TRUE
1718047;Data Analyst;Cape Town;Trabajo.org;Full-time;FALSE;August;FALSE
125754;Cloud Engineer;Cape Town;Trabajo.org;Full-time;FALSE;January;FALSE
195822;Data Analyst;Cape Town;Trabajo.org;Full-time;FALSE;January;FALSE
1771532;Data Analyst;Cape Town;Trabajo.org;Full-time;FALSE;January;FALSE
346996;Data Analyst;Cape Town;Trabajo.org;Full-time;FALSE;January;TRUE
42266;Cloud Engineer;Cape Town;Trabajo.org;Full-time;FALSE;April;TRUE
86623;Software Engineer;Cape Town;Trabajo.org;Full-time;FALSE;April;TRUE
400053;Senior Data Scientist;Cape Town;Trabajo.org;Full-time;FALSE;April;FALSE
491642;Senior Data Engineer;Cape Town;Trabajo.org;Full-time;FALSE;February;FALSE
516711;Software Engineer;Cape Town;Trabajo.org;Full-time;FALSE;April;TRUE
555978;Software Engineer;Cape Town;Trabajo.org;Full-time;FALSE;April;FALSE
1234853;Software Engineer;Cape Town;Trabajo.org;Full-time;FALSE;April;FALSE
1238757;Data Analyst;Cape Town;Trabajo.org;Full-time;FALSE;April;FALSE
1317172;Software Engineer;Cape Town;Trabajo.org;Full-time;FALSE;April;TRUE
1325957;Senior Data Scientist;Cape Town;Trabajo.org;Full-time;FALSE;April;FALSE
1398919;Senior Data Scientist;Cape Town;Trabajo.org;Full-time;FALSE;April;FALSE
1046518;Software Engineer;Cape Town;Trabajo.org;Full-time;FALSE;February;FALSE
1351167;Software Engineer;Cape Town;Trabajo.org;Full-time;FALSE;April;TRUE
1590231;Data Analyst;Cape Town;Trabajo.org;Full-time;FALSE;April;TRUE
1166680;Data Analyst;Cape Town;Trabajo.org;Full-time;FALSE;January;TRUE
1548710;Senior Data Engineer;Cape Town;Trabajo.org;Full-time;FALSE;January;TRUE
292893;Cloud Engineer;Cape Town;Trabajo.org;Full-time;FALSE;January;FALSE
40976;Data Analyst;Cape Town;Trabajo.org;Full-time;FALSE;February;TRUE
90542;Software Engineer;Cape Town;Trabajo.org;Full-time;FALSE;January;TRUE
671231;Senior Data Scientist;Cape Town;Trabajo.org;Full-time;FALSE;January;FALSE
853356;Data Analyst;Cape Town;Trabajo.org;Full-time;FALSE;January;TRUE
806066;Senior Data Scientist;Cape Town;Trabajo.org;Full-time;FALSE;January;FALSE
581818;Data Analyst;Cape Town;Trabajo.org;Full-time;FALSE;January;TRUE
1091101;Senior Data Engineer;Cape Town;Trabajo.org;Full-time;FALSE;January;FALSE
1717849;Senior Data Analyst;Cape Town;Trabajo.org;Full-time;FALSE;January;FALSE
1513692;Senior Data Scientist;Cape Town;Trabajo.org;Full-time;FALSE;January;FALSE
1519065;Senior Data Analyst;Cape Town;Trabajo.org;Full-time;FALSE;January;TRUE
1519924;Data Analyst;Cape Town;Trabajo.org;Full-time;FALSE;January;TRUE
1721876;Data Analyst;Cape Town;Trabajo.org;Full-time;FALSE;January;FALSE
1753933;Data Analyst;Cape Town;Trabajo.org;Full-time;FALSE;January;TRUE
1755338;Data Analyst;Cape Town;Trabajo.org;Full-time;FALSE;January;TRUE
482326;Software Engineer;Cape Town;Trabajo.org;Full-time;FALSE;January;FALSE
86073;Senior Data Scientist;Cape Town;Trabajo.org;Full-time;FALSE;January;FALSE
556706;Senior Data Analyst;Cape Town;Trabajo.org;Full-time;FALSE;August;TRUE
1044189;Business Analyst;Cape Town;Trabajo.org;Full-time;FALSE;April;FALSE
1585873;Machine Learning Engineer;Cape Town;Trabajo.org;Full-time;FALSE;April;TRUE
192238;Data Analyst;Cape Town;Trabajo.org;Full-time;FALSE;March;FALSE
192959;Senior Data Engineer;Cape Town;Trabajo.org;Full-time;FALSE;January;FALSE
602888;Software Engineer;Cape Town;Trabajo.org;Full-time;FALSE;January;TRUE
673512;Data Analyst;Cape Town;Trabajo.org;Full-time;FALSE;January;FALSE
144809;Data Analyst;Cape Town;Trabajo.org;Full-time;FALSE;January;FALSE
1579932;Senior Data Engineer;Cape Town;Trabajo.org;Full-time;FALSE;May;TRUE
1580652;Senior Data Analyst;Cape Town;Trabajo.org;Full-time;FALSE;May;FALSE
1581734;Data Analyst;Cape Town;Trabajo.org;Full-time;FALSE;May;FALSE
1583031;Senior Data Scientist;Cape Town;Trabajo.org;Full-time;FALSE;May;TRUE
1591587;Software Engineer;Cape Town;Trabajo.org;Full-time;FALSE;June;TRUE
1591745;Business Analyst;Cape Town;Trabajo.org;Full-time;FALSE;June;FALSE
1592778;Data Analyst;Cape Town;Trabajo.org;Full-time;FALSE;June;FALSE
1592938;Senior Data Scientist;Cape Town;Trabajo.org;Full-time;FALSE;June;FALSE
1594706;Machine Learning Engineer;Cape Town;Trabajo.org;Full-time;FALSE;June;FALSE
1599738;Data Analyst;Cape Town;Trabajo.org;Full-time;FALSE;June;FALSE
1600317;Senior Data Engineer;Cape Town;Trabajo.org;Full-time;FALSE;June;FALSE
1606608;Machine Learning Engineer;Cape Town;Trabajo.org;Full-time;FALSE;June;FALSE
1608156;Senior Data Scientist;Cape Town;Trabajo.org;Full-time;FALSE;June;TRUE
1608158;Software Engineer;Cape Town;Trabajo.org;Full-time;FALSE;June;FALSE
1609104;Cloud Engineer;Cape Town;Trabajo.org;Full-time;FALSE;June;FALSE
1610307;Data Analyst;Cape Town;Trabajo.org;Full-time;FALSE;June;FALSE
1610725;Cloud Engineer;Cape Town;Trabajo.org;Full-time;FALSE;June;TRUE
1614152;Senior Data Analyst;Cape Town;Trabajo.org;Full-time;FALSE;June;TRUE
1316240;Software Engineer;Cape Town;Trabajo.org;Full-time;FALSE;January;FALSE
1513697;Software Engineer;Cape Town;Trabajo.org;Full-time;FALSE;April;TRUE
1513698;Cloud Engineer;Cape Town;Trabajo.org;Full-time;FALSE;April;TRUE
1513699;Cloud Engineer;Cape Town;Trabajo.org;Full-time;FALSE;April;TRUE
1514239;Machine Learning Engineer;Cape Town;Trabajo.org;Full-time;FALSE;April;FALSE
1550713;Senior Data Scientist;Cape Town;Trabajo.org;Full-time;FALSE;May;TRUE
376114;Senior Data Engineer;Cape Town;LinkedIn;Full-time;FALSE;November;TRUE
427559;Software Engineer;Cape Town;LinkedIn;Full-time;FALSE;October;FALSE
576816;Machine Learning Engineer;Cape Town;LinkedIn;Full-time;FALSE;June;FALSE
918714;Senior Data Scientist;Cape Town;LinkedIn;Full-time;FALSE;May;FALSE
1673259;Senior Data Scientist;Cape Town;LinkedIn;Full-time;FALSE;March;FALSE
23082;Business Analyst;Cape Town;LinkedIn;Full-time;FALSE;June;FALSE
281104;Machine Learning Engineer;Cape Town;LinkedIn;Full-time;FALSE;May;FALSE
362360;Business Analyst;Cape Town;LinkedIn;Full-time;FALSE;January;TRUE
638672;Software Engineer;Cape Town;LinkedIn;Full-time;FALSE;July;FALSE
790593;Software Engineer;Cape Town;LinkedIn;Full-time;FALSE;May;FALSE
801558;Software Engineer;Cape Town;LinkedIn;Full-time;FALSE;November;FALSE
1019615;Cloud Engineer;Cape Town;LinkedIn;Full-time;FALSE;April;FALSE
1195144;Business Analyst;Cape Town;LinkedIn;Full-time;FALSE;June;FALSE
1418245;Machine Learning Engineer;Cape Town;LinkedIn;Full-time;FALSE;July;FALSE
1472784;Business Analyst;Cape Town;LinkedIn;Full-time;FALSE;July;FALSE
1531684;Cloud Engineer;Cape Town;LinkedIn;Full-time;FALSE;October;FALSE
46099;Machine Learning Engineer;Cape Town;LinkedIn;Full-time;FALSE;January;FALSE
52922;Business Analyst;Cape Town;LinkedIn;Full-time;FALSE;November;FALSE
64706;Senior Data Engineer;Cape Town;LinkedIn;Full-time;FALSE;July;FALSE
79229;Senior Data Analyst;Cape Town;LinkedIn;Full-time;FALSE;September;TRUE
185524;Software Engineer;Cape Town;LinkedIn;Full-time;FALSE;July;TRUE
301418;Senior Data Scientist;Cape Town;LinkedIn;Full-time;FALSE;July;FALSE
333447;Senior Data Engineer;Cape Town;LinkedIn;Full-time;FALSE;February;FALSE
424629;Senior Data Analyst;Cape Town;LinkedIn;Full-time;FALSE;January;FALSE
471525;Software Engineer;Cape Town;LinkedIn;Full-time;FALSE;September;FALSE
526849;Senior Data Engineer;Cape Town;LinkedIn;Full-time;FALSE;April;FALSE
554875;Senior Data Analyst;Cape Town;LinkedIn;Full-time;FALSE;July;FALSE
1079838;Senior Data Engineer;Cape Town;LinkedIn;Full-time;FALSE;February;FALSE
1397566;Senior Data Analyst;Cape Town;LinkedIn;Full-time;FALSE;March;FALSE
1430635;Senior Data Engineer;Cape Town;LinkedIn;Full-time;FALSE;August;FALSE
1761433;Senior Data Scientist;Cape Town;LinkedIn;Full-time;FALSE;June;FALSE
1808661;Software Engineer;Cape Town;LinkedIn;Full-time;FALSE;November;FALSE
752312;Senior Data Scientist;Cape Town;LinkedIn;Full-time;FALSE;October;FALSE
843579;Senior Data Analyst;Cape Town;LinkedIn;Full-time;FALSE;July;FALSE
844325;Senior Data Scientist;Cape Town;LinkedIn;Full-time;FALSE;February;FALSE
1517107;Software Engineer;Cape Town;LinkedIn;Full-time;FALSE;July;FALSE
6515;Business Analyst;Cape Town;LinkedIn;Full-time;FALSE;November;TRUE
25064;Senior Data Scientist;Cape Town;LinkedIn;Full-time;FALSE;October;FALSE
424605;Machine Learning Engineer;Cape Town;LinkedIn;Full-time;FALSE;July;FALSE
439113;Software Engineer;Cape Town;LinkedIn;Full-time;FALSE;March;FALSE
611228;Software Engineer;Cape Town;LinkedIn;Full-time;FALSE;December;FALSE
715027;Business Analyst;Cape Town;LinkedIn;Full-time;FALSE;September;FALSE
813838;Software Engineer;Cape Town;LinkedIn;Full-time;FALSE;June;FALSE
820264;Senior Data Scientist;Cape Town;LinkedIn;Full-time;FALSE;July;FALSE
825736;Machine Learning Engineer;Cape Town;LinkedIn;Full-time;FALSE;July;FALSE
922577;Software Engineer;Cape Town;LinkedIn;Full-time;FALSE;July;FALSE
1014181;Business Analyst;Cape Town;LinkedIn;Full-time;FALSE;November;TRUE
1049230;Machine Learning Engineer;Cape Town;LinkedIn;Full-time;FALSE;November;FALSE
1077248;Software Engineer;Cape Town;LinkedIn;Full-time;FALSE;July;FALSE
1298025;Cloud Engineer;Cape Town;LinkedIn;Full-time;FALSE;November;TRUE
1374741;Software Engineer;Cape Town;LinkedIn;Full-time;FALSE;July;FALSE
1435033;Software Engineer;Cape Town;LinkedIn;Full-time;FALSE;May;FALSE
1442901;Software Engineer;Cape Town;LinkedIn;Full-time;FALSE;December;TRUE
1514086;Software Engineer;Cape Town;LinkedIn;Full-time;FALSE;July;FALSE
1564039;Senior Data Engineer;Cape Town;LinkedIn;Full-time;FALSE;July;FALSE
1663888;Software Engineer;Cape Town;LinkedIn;Full-time;FALSE;July;FALSE
1723566;Software Engineer;Cape Town;LinkedIn;Full-time;FALSE;August;FALSE
1771490;Software Engineer;Cape Town;LinkedIn;Full-time;FALSE;July;FALSE
117897;Cloud Engineer;Cape Town;LinkedIn;Full-time;FALSE;January;FALSE
39344;Software Engineer;Cape Town;LinkedIn;Full-time;FALSE;December;FALSE
55111;Software Engineer;Cape Town;LinkedIn;Full-time;FALSE;August;FALSE
105630;Senior Data Engineer;Cape Town;LinkedIn;Full-time;FALSE;September;TRUE
141788;Business Analyst;Cape Town;LinkedIn;Full-time;FALSE;November;FALSE
160869;Senior Data Engineer;Cape Town;LinkedIn;Full-time;FALSE;October;FALSE
424040;Senior Data Analyst;Cape Town;LinkedIn;Full-time;FALSE;May;FALSE
663093;Business Analyst;Cape Town;LinkedIn;Full-time;FALSE;October;FALSE
767116;Senior Data Analyst;Cape Town;LinkedIn;Full-time;FALSE;September;TRUE
828299;Cloud Engineer;Cape Town;LinkedIn;Full-time;FALSE;September;FALSE
853295;Senior Data Engineer;Cape Town;LinkedIn;Full-time;FALSE;January;FALSE
963621;Cloud Engineer;Cape Town;LinkedIn;Full-time;FALSE;October;FALSE
1222969;Senior Data Analyst;Cape Town;LinkedIn;Full-time;FALSE;July;FALSE
1492141;Senior Data Scientist;Cape Town;LinkedIn;Full-time;FALSE;April;FALSE
1591152;Senior Data Scientist;Cape Town;LinkedIn;Full-time;FALSE;January;TRUE
1652116;Cloud Engineer;Cape Town;LinkedIn;Full-time;FALSE;October;FALSE
1652319;Business Analyst;Cape Town;LinkedIn;Full-time;FALSE;September;FALSE
47745;Software Engineer;Cape Town;LinkedIn;Full-time;FALSE;November;FALSE
601807;Software Engineer;Cape Town;LinkedIn;Full-time;FALSE;September;FALSE
1571867;Business Analyst;Cape Town;LinkedIn;Full-time;FALSE;June;FALSE
691672;Software Engineer;Cape Town;LinkedIn;Full-time;FALSE;February;TRUE
398250;Senior Data Scientist;Cape Town;LinkedIn;Full-time;FALSE;May;FALSE
1043437;Senior Data Engineer;Cape Town;LinkedIn;Full-time;FALSE;July;FALSE
198405;Software Engineer;Cape Town;LinkedIn;Full-time;FALSE;November;FALSE
490831;Machine Learning Engineer;Cape Town;LinkedIn;Full-time;FALSE;July;FALSE
590804;Cloud Engineer;Cape Town;LinkedIn;Full-time;FALSE;June;FALSE
828008;Software Engineer;Cape Town;LinkedIn;Full-time;FALSE;August;FALSE
1387360;Software Engineer;Cape Town;LinkedIn;Full-time;FALSE;September;FALSE
1638438;Senior Data Engineer;Cape Town;LinkedIn;Full-time;FALSE;August;FALSE
1783528;Senior Data Analyst;Cape Town;LinkedIn;Full-time;FALSE;February;TRUE
20538;Senior Data Scientist;Cape Town;LinkedIn;Full-time;FALSE;April;FALSE
146201;Senior Data Scientist;Cape Town;LinkedIn;Full-time;FALSE;June;FALSE
344835;Software Engineer;Cape Town;LinkedIn;Full-time;FALSE;October;FALSE
421532;Machine Learning Engineer;Cape Town;LinkedIn;Full-time;FALSE;March;FALSE
458419;Software Engineer;Cape Town;LinkedIn;Full-time;FALSE;October;TRUE
749362;Senior Data Analyst;Cape Town;LinkedIn;Full-time;FALSE;February;FALSE
1019670;Software Engineer;Cape Town;LinkedIn;Full-time;FALSE;December;FALSE
1023828;Senior Data Analyst;Cape Town;LinkedIn;Full-time;FALSE;September;TRUE
891437;Senior Data Analyst;Cape Town;LinkedIn;Full-time;FALSE;July;FALSE
1370845;Software Engineer;Cape Town;LinkedIn;Full-time;FALSE;November;FALSE
1668360;Software Engineer;Cape Town;LinkedIn;Full-time;FALSE;November;FALSE
659;Senior Data Scientist;Cape Town;LinkedIn;Full-time;FALSE;May;FALSE
137112;Machine Learning Engineer;Cape Town;LinkedIn;Full-time;FALSE;March;FALSE
966060;Senior Data Scientist;Cape Town;LinkedIn;Full-time;FALSE;March;FALSE
975744;Software Engineer;Cape Town;LinkedIn;Full-time;FALSE;August;FALSE
1245927;Senior Data Analyst;Cape Town;LinkedIn;Full-time;FALSE;March;TRUE
1337797;Senior Data Analyst;Cape Town;LinkedIn;Full-time;FALSE;June;FALSE
1484856;Senior Data Engineer;Cape Town;LinkedIn;Full-time;FALSE;May;FALSE
1581922;Business Analyst;Cape Town;LinkedIn;Full-time;FALSE;March;FALSE
900897;Software Engineer;Cape Town;LinkedIn;Full-time;FALSE;December;FALSE
1050740;Senior Data Scientist;Cape Town;LinkedIn;Full-time;FALSE;August;FALSE
1056371;Cloud Engineer;Cape Town;LinkedIn;Full-time;FALSE;August;FALSE
1358093;Software Engineer;Cape Town;LinkedIn;Full-time;FALSE;July;TRUE
1640030;Cloud Engineer;Cape Town;LinkedIn;Full-time;FALSE;November;FALSE
150386;Software Engineer;Cape Town;LinkedIn;Full-time;FALSE;March;FALSE
353709;Software Engineer;Cape Town;LinkedIn;Full-time;FALSE;November;FALSE
387155;Software Engineer;Cape Town;LinkedIn;Full-time;FALSE;April;FALSE
831511;Senior Data Engineer;Cape Town;LinkedIn;Full-time;FALSE;August;FALSE
1043194;Senior Data Analyst;Cape Town;LinkedIn;Full-time;FALSE;June;FALSE
1307802;Senior Data Engineer;Cape Town;LinkedIn;Full-time;FALSE;August;TRUE
1643371;Machine Learning Engineer;Cape Town;LinkedIn;Full-time;FALSE;April;FALSE
1763940;Machine Learning Engineer;Cape Town;LinkedIn;Full-time;FALSE;January;FALSE
108383;Software Engineer;Cape Town;LinkedIn;Full-time;FALSE;October;FALSE
972883;Senior Data Analyst;Cape Town;LinkedIn;Full-time;FALSE;December;FALSE
862835;Senior Data Engineer;Cape Town;LinkedIn;Full-time;FALSE;June;FALSE
1112776;Senior Data Scientist;Cape Town;LinkedIn;Full-time;FALSE;May;FALSE
1381625;Senior Data Engineer;Cape Town;LinkedIn;Full-time;FALSE;January;FALSE
26380;Senior Data Engineer;Cape Town;LinkedIn;Full-time;FALSE;July;FALSE
36414;Senior Data Analyst;Cape Town;LinkedIn;Full-time;FALSE;September;FALSE
176154;Machine Learning Engineer;Cape Town;LinkedIn;Full-time;FALSE;June;FALSE
231960;Machine Learning Engineer;Cape Town;LinkedIn;Full-time;FALSE;May;FALSE
532447;Software Engineer;Cape Town;LinkedIn;Full-time;FALSE;March;FALSE
556793;Senior Data Engineer;Cape Town;LinkedIn;Full-time;FALSE;October;FALSE
584198;Senior Data Engineer;Cape Town;LinkedIn;Full-time;FALSE;August;FALSE
1076264;Cloud Engineer;Cape Town;LinkedIn;Full-time;FALSE;March;FALSE
1138364;Senior Data Engineer;Cape Town;LinkedIn;Full-time;FALSE;October;FALSE
1690537;Business Analyst;Cape Town;LinkedIn;Full-time;FALSE;November;FALSE
1726033;Senior Data Analyst;Cape Town;LinkedIn;Full-time;FALSE;September;FALSE
668899;Senior Data Engineer;Cape Town;LinkedIn;Full-time;FALSE;November;FALSE
859567;Machine Learning Engineer;Cape Town;LinkedIn;Full-time;FALSE;September;TRUE
909992;Senior Data Engineer;Cape Town;LinkedIn;Full-time;FALSE;January;FALSE
1105635;Senior Data Scientist;Cape Town;LinkedIn;Full-time;FALSE;June;FALSE
258198;Data Scientist;Cape Town;LinkedIn;Full-time;FALSE;February;TRUE
1689587;Data Scientist;Cape Town;LinkedIn;Full-time;FALSE;December;TRUE
1816537;Data Scientist;Cape Town;LinkedIn;Full-time;FALSE;September;TRUE
413403;Data Scientist;Cape Town;LinkedIn;Full-time;FALSE;April;FALSE
1388332;Data Scientist;Cape Town;LinkedIn;Full-time;FALSE;April;FALSE
1690721;Data Scientist;Cape Town;LinkedIn;Full-time;FALSE;April;FALSE
269199;Data Scientist;Cape Town;LinkedIn;Full-time;FALSE;March;FALSE
493685;Data Scientist;Cape Town;LinkedIn;Full-time;FALSE;February;FALSE
564025;Data Scientist;Cape Town;LinkedIn;Full-time;FALSE;January;FALSE
1267971;Data Scientist;Cape Town;LinkedIn;Full-time;FALSE;June;FALSE
461264;Data Scientist;Cape Town;LinkedIn;Full-time;FALSE;March;FALSE
802591;Data Scientist;Cape Town;LinkedIn;Full-time;FALSE;May;FALSE
156529;Data Scientist;Cape Town;LinkedIn;Full-time;FALSE;November;FALSE
1001005;Data Scientist;Cape Town;LinkedIn;Full-time;FALSE;March;FALSE
1140049;Data Scientist;Cape Town;LinkedIn;Full-time;FALSE;August;FALSE
1661774;Data Scientist;Cape Town;LinkedIn;Full-time;FALSE;August;FALSE
495740;Data Scientist;Cape Town;LinkedIn;Full-time;FALSE;August;FALSE
617998;Data Scientist;Cape Town;LinkedIn;Full-time;FALSE;July;FALSE
740997;Data Scientist;Cape Town;LinkedIn;Full-time;FALSE;August;FALSE
751832;Data Scientist;Cape Town;LinkedIn;Full-time;FALSE;March;FALSE
1079435;Data Scientist;Cape Town;LinkedIn;Full-time;FALSE;March;FALSE
1198580;Data Scientist;Cape Town;LinkedIn;Full-time;FALSE;April;FALSE
1280814;Data Scientist;Cape Town;LinkedIn;Full-time;FALSE;September;FALSE
1353516;Data Scientist;Cape Town;LinkedIn;Full-time;FALSE;April;FALSE
55517;Data Scientist;Cape Town;LinkedIn;Full-time;FALSE;July;FALSE
176466;Data Scientist;Cape Town;LinkedIn;Full-time;FALSE;June;FALSE
292946;Data Scientist;Cape Town;LinkedIn;Full-time;FALSE;May;FALSE
383894;Data Scientist;Cape Town;LinkedIn;Full-time;FALSE;July;FALSE
397074;Data Scientist;Cape Town;LinkedIn;Full-time;FALSE;July;FALSE
604767;Data Scientist;Cape Town;LinkedIn;Full-time;FALSE;February;FALSE
854143;Data Scientist;Cape Town;LinkedIn;Full-time;FALSE;September;FALSE
868254;Data Scientist;Cape Town;LinkedIn;Full-time;FALSE;July;FALSE
879074;Data Scientist;Cape Town;LinkedIn;Full-time;FALSE;October;FALSE
1345067;Data Scientist;Cape Town;LinkedIn;Full-time;FALSE;November;FALSE
1418235;Data Scientist;Cape Town;LinkedIn;Full-time;FALSE;January;FALSE
1698982;Data Scientist;Cape Town;LinkedIn;Full-time;FALSE;January;FALSE
33602;Data Scientist;Cape Town;LinkedIn;Full-time;FALSE;March;FALSE
47852;Data Scientist;Cape Town;LinkedIn;Full-time;FALSE;November;FALSE
78020;Data Scientist;Cape Town;LinkedIn;Full-time;FALSE;October;FALSE
380033;Data Scientist;Cape Town;LinkedIn;Full-time;FALSE;November;FALSE
435717;Data Scientist;Cape Town;LinkedIn;Full-time;FALSE;February;FALSE
831372;Data Scientist;Cape Town;LinkedIn;Full-time;FALSE;December;FALSE
926290;Data Scientist;Cape Town;LinkedIn;Full-time;FALSE;July;FALSE
1017978;Data Scientist;Cape Town;LinkedIn;Full-time;FALSE;June;FALSE
1027386;Data Scientist;Cape Town;LinkedIn;Full-time;FALSE;July;FALSE
150647;Data Scientist;Cape Town;LinkedIn;Full-time;FALSE;March;FALSE
354616;Data Scientist;Cape Town;LinkedIn;Full-time;FALSE;January;FALSE
1232189;Data Scientist;Cape Town;LinkedIn;Full-time;FALSE;February;FALSE
67812;Data Scientist;Cape Town;LinkedIn;Full-time;FALSE;May;FALSE
106731;Data Scientist;Cape Town;LinkedIn;Full-time;FALSE;February;FALSE
588484;Data Scientist;Cape Town;LinkedIn;Full-time;FALSE;May;FALSE
907002;Data Scientist;Cape Town;LinkedIn;Full-time;FALSE;June;FALSE
956996;Data Scientist;Cape Town;LinkedIn;Full-time;FALSE;December;FALSE
25201;Data Scientist;Cape Town;LinkedIn;Full-time;FALSE;January;FALSE
364509;Data Scientist;Cape Town;LinkedIn;Full-time;FALSE;March;FALSE
437001;Data Scientist;Cape Town;LinkedIn;Full-time;FALSE;March;FALSE
13537;Data Scientist;Cape Town;LinkedIn;Full-time;FALSE;July;FALSE
467186;Data Scientist;Cape Town;LinkedIn;Full-time;FALSE;January;FALSE
1130697;Data Scientist;Cape Town;LinkedIn;Full-time;FALSE;October;FALSE
1310436;Data Scientist;Cape Town;LinkedIn;Full-time;FALSE;June;FALSE
229241;Data Scientist;Cape Town;LinkedIn;Full-time;FALSE;October;FALSE
351589;Data Scientist;Cape Town;LinkedIn;Full-time;FALSE;September;FALSE
824027;Data Scientist;Cape Town;LinkedIn;Full-time;FALSE;May;FALSE
1502459;Data Scientist;Cape Town;LinkedIn;Full-time;FALSE;June;FALSE
854954;Data Scientist;Cape Town;LinkedIn;Full-time;FALSE;November;FALSE
1456767;Data Scientist;Cape Town;LinkedIn;Full-time;FALSE;May;FALSE
467868;Data Scientist;Cape Town;LinkedIn;Full-time;FALSE;January;FALSE
110753;Data Scientist;Cape Town;LinkedIn;Full-time;FALSE;December;FALSE
428271;Data Scientist;Cape Town;LinkedIn;Full-time;FALSE;October;FALSE
432536;Data Scientist;Cape Town;LinkedIn;Full-time;FALSE;October;FALSE
2077;Data Scientist;Cape Town;LinkedIn;Full-time;FALSE;August;FALSE
998183;Data Scientist;Cape Town;LinkedIn;Full-time;FALSE;May;FALSE
905981;Data Scientist;Cape Town;LinkedIn;Full-time;FALSE;February;FALSE
497269;Data Scientist;Cape Town;LinkedIn;Full-time;FALSE;March;FALSE
1728957;Data Scientist;Cape Town;LinkedIn;Full-time;FALSE;March;FALSE
1289342;Data Scientist;Cape Town;LinkedIn;Full-time;FALSE;April;FALSE
1324427;Data Scientist;Cape Town;LinkedIn;Full-time;FALSE;January;FALSE
1420229;Data Scientist;Cape Town;LinkedIn;Full-time;FALSE;February;FALSE
209276;Data Analyst;Cape Town;LinkedIn;Full-time;FALSE;October;TRUE
186071;Data Analyst;Cape Town;LinkedIn;Full-time;FALSE;July;TRUE
1248837;Data Analyst;Cape Town;LinkedIn;Full-time;FALSE;October;TRUE
1683750;Data Analyst;Cape Town;LinkedIn;Full-time;FALSE;October;TRUE
725091;Data Analyst;Cape Town;LinkedIn;Full-time;FALSE;September;TRUE
1296706;Data Analyst;Cape Town;LinkedIn;Full-time;FALSE;August;TRUE
1649533;Data Analyst;Cape Town;LinkedIn;Full-time;FALSE;January;TRUE
24664;Data Analyst;Cape Town;LinkedIn;Full-time;FALSE;July;TRUE
1233570;Data Analyst;Cape Town;LinkedIn;Full-time;FALSE;September;TRUE
268277;Data Analyst;Cape Town;LinkedIn;Full-time;FALSE;October;TRUE
7067;Data Analyst;Cape Town;LinkedIn;Full-time;FALSE;February;TRUE
1178608;Data Analyst;Cape Town;LinkedIn;Full-time;FALSE;March;TRUE
381363;Data Analyst;Cape Town;LinkedIn;Full-time;FALSE;October;TRUE
531826;Data Analyst;Cape Town;LinkedIn;Full-time;FALSE;August;TRUE
836864;Data Analyst;Cape Town;LinkedIn;Full-time;FALSE;December;TRUE
1677917;Data Analyst;Cape Town;LinkedIn;Full-time;FALSE;October;TRUE
493913;Data Analyst;Cape Town;LinkedIn;Full-time;FALSE;October;TRUE
1056934;Data Analyst;Cape Town;LinkedIn;Full-time;FALSE;January;TRUE
554305;Data Analyst;Cape Town;LinkedIn;Full-time;FALSE;July;TRUE
722095;Data Analyst;Cape Town;LinkedIn;Full-time;FALSE;August;TRUE
1012589;Data Analyst;Cape Town;LinkedIn;Full-time;FALSE;October;TRUE
1337261;Data Analyst;Cape Town;LinkedIn;Full-time;FALSE;July;TRUE
1531018;Data Analyst;Cape Town;LinkedIn;Full-time;FALSE;July;TRUE
709136;Data Analyst;Cape Town;LinkedIn;Full-time;FALSE;July;TRUE
1758179;Data Analyst;Cape Town;LinkedIn;Full-time;FALSE;February;TRUE
1205768;Data Analyst;Cape Town;LinkedIn;Full-time;FALSE;October;TRUE
1147103;Data Analyst;Cape Town;LinkedIn;Full-time;FALSE;April;TRUE
1463969;Data Analyst;Cape Town;LinkedIn;Full-time;FALSE;March;TRUE
420204;Data Analyst;Cape Town;LinkedIn;Full-time;FALSE;July;FALSE
1639639;Data Analyst;Cape Town;LinkedIn;Full-time;FALSE;March;FALSE
245314;Data Analyst;Cape Town;LinkedIn;Full-time;FALSE;June;FALSE
869328;Data Analyst;Cape Town;LinkedIn;Full-time;FALSE;October;FALSE
888091;Data Analyst;Cape Town;LinkedIn;Full-time;FALSE;March;FALSE
17872;Data Analyst;Cape Town;LinkedIn;Full-time;FALSE;June;FALSE
71719;Data Analyst;Cape Town;LinkedIn;Full-time;FALSE;September;FALSE
514573;Data Analyst;Cape Town;LinkedIn;Full-time;FALSE;September;FALSE
530113;Data Analyst;Cape Town;LinkedIn;Full-time;FALSE;September;FALSE
611129;Data Analyst;Cape Town;LinkedIn;Full-time;FALSE;June;FALSE
1605601;Data Analyst;Cape Town;LinkedIn;Full-time;FALSE;July;FALSE
535798;Data Analyst;Cape Town;LinkedIn;Full-time;FALSE;October;FALSE
105393;Data Analyst;Cape Town;LinkedIn;Full-time;FALSE;March;FALSE
186136;Data Analyst;Cape Town;LinkedIn;Full-time;FALSE;June;FALSE
223488;Data Analyst;Cape Town;LinkedIn;Full-time;FALSE;July;FALSE
341898;Data Analyst;Cape Town;LinkedIn;Full-time;FALSE;February;FALSE
1327064;Data Analyst;Cape Town;LinkedIn;Full-time;FALSE;March;FALSE
417453;Data Analyst;Cape Town;LinkedIn;Full-time;FALSE;September;FALSE
514936;Data Analyst;Cape Town;LinkedIn;Full-time;FALSE;June;FALSE
566647;Data Analyst;Cape Town;LinkedIn;Full-time;FALSE;February;FALSE
617142;Data Analyst;Cape Town;LinkedIn;Full-time;FALSE;February;FALSE
709151;Data Analyst;Cape Town;LinkedIn;Full-time;FALSE;August;FALSE
877619;Data Analyst;Cape Town;LinkedIn;Full-time;FALSE;November;FALSE
969091;Data Analyst;Cape Town;LinkedIn;Full-time;FALSE;January;FALSE
989270;Data Analyst;Cape Town;LinkedIn;Full-time;FALSE;August;FALSE
1014168;Data Analyst;Cape Town;LinkedIn;Full-time;FALSE;May;FALSE
1039571;Data Analyst;Cape Town;LinkedIn;Full-time;FALSE;June;FALSE
1195491;Data Analyst;Cape Town;LinkedIn;Full-time;FALSE;April;FALSE
1209749;Data Analyst;Cape Town;LinkedIn;Full-time;FALSE;November;FALSE
1337433;Data Analyst;Cape Town;LinkedIn;Full-time;FALSE;June;FALSE
1421063;Data Analyst;Cape Town;LinkedIn;Full-time;FALSE;March;FALSE
1523390;Data Analyst;Cape Town;LinkedIn;Full-time;FALSE;July;FALSE
130111;Data Analyst;Cape Town;LinkedIn;Full-time;FALSE;July;FALSE
385214;Data Analyst;Cape Town;LinkedIn;Full-time;FALSE;May;FALSE
126538;Data Analyst;Cape Town;LinkedIn;Full-time;FALSE;March;FALSE
421904;Data Analyst;Cape Town;LinkedIn;Full-time;FALSE;July;FALSE
472091;Data Analyst;Cape Town;LinkedIn;Full-time;FALSE;February;FALSE
1010634;Data Analyst;Cape Town;LinkedIn;Full-time;FALSE;June;FALSE
1428316;Data Analyst;Cape Town;LinkedIn;Full-time;FALSE;March;FALSE
1477427;Data Analyst;Cape Town;LinkedIn;Full-time;FALSE;December;FALSE
490868;Data Analyst;Cape Town;LinkedIn;Full-time;FALSE;September;FALSE
98350;Data Analyst;Cape Town;LinkedIn;Full-time;FALSE;June;FALSE
157744;Data Analyst;Cape Town;LinkedIn;Full-time;FALSE;July;FALSE
414661;Data Analyst;Cape Town;LinkedIn;Full-time;FALSE;September;FALSE
546259;Data Analyst;Cape Town;LinkedIn;Full-time;FALSE;April;FALSE
906157;Data Analyst;Cape Town;LinkedIn;Full-time;FALSE;February;FALSE
1349804;Data Analyst;Cape Town;LinkedIn;Full-time;FALSE;July;FALSE
1672319;Data Analyst;Cape Town;LinkedIn;Full-time;FALSE;July;FALSE
440292;Data Analyst;Cape Town;LinkedIn;Full-time;FALSE;July;FALSE
830462;Data Analyst;Cape Town;LinkedIn;Full-time;FALSE;January;FALSE
1400923;Data Analyst;Cape Town;LinkedIn;Full-time;FALSE;June;FALSE
1800565;Data Analyst;Cape Town;LinkedIn;Full-time;FALSE;March;FALSE
313597;Data Analyst;Cape Town;LinkedIn;Full-time;FALSE;April;FALSE
379776;Data Analyst;Cape Town;LinkedIn;Full-time;FALSE;August;FALSE
379977;Data Analyst;Cape Town;LinkedIn;Full-time;FALSE;February;FALSE
412180;Data Analyst;Cape Town;LinkedIn;Full-time;FALSE;March;FALSE
484960;Data Analyst;Cape Town;LinkedIn;Full-time;FALSE;June;FALSE
499784;Data Analyst;Cape Town;LinkedIn;Full-time;FALSE;July;FALSE
696509;Data Analyst;Cape Town;LinkedIn;Full-time;FALSE;November;FALSE
735206;Data Analyst;Cape Town;LinkedIn;Full-time;FALSE;February;FALSE
189270;Data Analyst;Cape Town;LinkedIn;Full-time;FALSE;December;FALSE
378105;Data Analyst;Cape Town;LinkedIn;Full-time;FALSE;August;FALSE
1721145;Data Analyst;Cape Town;LinkedIn;Full-time;FALSE;October;FALSE
199510;Data Analyst;Cape Town;LinkedIn;Full-time;FALSE;August;FALSE
702204;Data Analyst;Cape Town;LinkedIn;Full-time;FALSE;November;FALSE
1012883;Data Analyst;Cape Town;LinkedIn;Full-time;FALSE;July;FALSE
1334212;Data Analyst;Cape Town;LinkedIn;Full-time;FALSE;March;FALSE
1647895;Data Analyst;Cape Town;LinkedIn;Full-time;FALSE;July;FALSE
144074;Data Analyst;Cape Town;LinkedIn;Full-time;FALSE;March;FALSE
1752647;Data Analyst;Cape Town;LinkedIn;Full-time;FALSE;May;FALSE
382118;Data Analyst;Cape Town;LinkedIn;Full-time;FALSE;August;FALSE
665093;Data Analyst;Cape Town;LinkedIn;Full-time;FALSE;September;FALSE
787232;Data Analyst;Cape Town;LinkedIn;Full-time;FALSE;October;FALSE
1007008;Data Analyst;Cape Town;LinkedIn;Full-time;FALSE;June;FALSE
1738295;Data Analyst;Cape Town;LinkedIn;Full-time;FALSE;October;FALSE
129302;Data Analyst;Cape Town;LinkedIn;Full-time;FALSE;April;FALSE
655328;Data Analyst;Cape Town;LinkedIn;Full-time;FALSE;September;FALSE
1334855;Data Analyst;Cape Town;LinkedIn;Full-time;FALSE;October;FALSE
912720;Data Analyst;Cape Town;LinkedIn;Full-time;FALSE;January;FALSE
1438155;Data Analyst;Cape Town;LinkedIn;Full-time;FALSE;February;FALSE
81944;Data Analyst;Cape Town;LinkedIn;Full-time;FALSE;January;FALSE
50478;Data Analyst;Cape Town;LinkedIn;Full-time;FALSE;July;FALSE
163263;Data Analyst;Cape Town;LinkedIn;Full-time;FALSE;September;FALSE
232931;Data Analyst;Cape Town;LinkedIn;Full-time;FALSE;April;FALSE
1695479;Data Analyst;Cape Town;LinkedIn;Full-time;FALSE;June;FALSE
753638;Data Analyst;Cape Town;LinkedIn;Full-time;FALSE;August;FALSE
1793608;Data Analyst;Cape Town;LinkedIn;Full-time;FALSE;March;FALSE
1458754;Data Analyst;Cape Town;LinkedIn;Full-time;FALSE;April;FALSE
50663;Data Engineer;Cape Town;LinkedIn;Full-time;FALSE;September;TRUE
115702;Data Engineer;Cape Town;LinkedIn;Full-time;FALSE;November;TRUE
190693;Data Engineer;Cape Town;LinkedIn;Full-time;FALSE;December;TRUE
203140;Data Engineer;Cape Town;LinkedIn;Full-time;FALSE;July;TRUE
534944;Data Engineer;Cape Town;LinkedIn;Full-time;FALSE;November;TRUE
303238;Data Engineer;Cape Town;LinkedIn;Full-time;FALSE;September;TRUE
380092;Data Engineer;Cape Town;LinkedIn;Full-time;FALSE;July;TRUE
284654;Data Engineer;Cape Town;LinkedIn;Full-time;FALSE;July;TRUE
1467852;Data Engineer;Cape Town;LinkedIn;Full-time;FALSE;August;TRUE
83766;Data Engineer;Cape Town;LinkedIn;Full-time;FALSE;March;TRUE
1053704;Data Engineer;Cape Town;LinkedIn;Full-time;FALSE;February;TRUE
1206218;Data Engineer;Cape Town;LinkedIn;Full-time;FALSE;May;TRUE
1335822;Data Engineer;Cape Town;LinkedIn;Full-time;FALSE;September;TRUE
1389982;Data Engineer;Cape Town;LinkedIn;Full-time;FALSE;September;TRUE
201677;Data Engineer;Cape Town;LinkedIn;Full-time;FALSE;November;TRUE
882586;Data Engineer;Cape Town;LinkedIn;Full-time;FALSE;October;TRUE
1230201;Data Engineer;Cape Town;LinkedIn;Full-time;FALSE;June;TRUE
405420;Data Engineer;Cape Town;LinkedIn;Full-time;FALSE;February;TRUE
911173;Data Engineer;Cape Town;LinkedIn;Full-time;FALSE;September;TRUE
1671959;Data Engineer;Cape Town;LinkedIn;Full-time;FALSE;July;TRUE
378828;Data Engineer;Cape Town;LinkedIn;Full-time;FALSE;November;TRUE
367403;Data Engineer;Cape Town;LinkedIn;Full-time;FALSE;August;FALSE
485465;Data Engineer;Cape Town;LinkedIn;Full-time;FALSE;April;FALSE
20631;Data Engineer;Cape Town;LinkedIn;Full-time;FALSE;April;FALSE
31496;Data Engineer;Cape Town;LinkedIn;Full-time;FALSE;September;FALSE
861800;Data Engineer;Cape Town;LinkedIn;Full-time;FALSE;October;FALSE
1115198;Data Engineer;Cape Town;LinkedIn;Full-time;FALSE;March;FALSE
395343;Data Engineer;Cape Town;LinkedIn;Full-time;FALSE;March;FALSE
524844;Data Engineer;Cape Town;LinkedIn;Full-time;FALSE;May;FALSE
1371818;Data Engineer;Cape Town;LinkedIn;Full-time;FALSE;February;FALSE
1374340;Data Engineer;Cape Town;LinkedIn;Full-time;FALSE;June;FALSE
69369;Data Engineer;Cape Town;LinkedIn;Full-time;FALSE;September;FALSE
90800;Data Engineer;Cape Town;LinkedIn;Full-time;FALSE;November;FALSE
142416;Data Engineer;Cape Town;LinkedIn;Full-time;FALSE;July;FALSE
367420;Data Engineer;Cape Town;LinkedIn;Full-time;FALSE;November;FALSE
386619;Data Engineer;Cape Town;LinkedIn;Full-time;FALSE;October;FALSE
392249;Data Engineer;Cape Town;LinkedIn;Full-time;FALSE;November;FALSE
402590;Data Engineer;Cape Town;LinkedIn;Full-time;FALSE;August;FALSE
443412;Data Engineer;Cape Town;LinkedIn;Full-time;FALSE;May;FALSE
886071;Data Engineer;Cape Town;LinkedIn;Full-time;FALSE;April;FALSE
935699;Data Engineer;Cape Town;LinkedIn;Full-time;FALSE;July;FALSE
1165745;Data Engineer;Cape Town;LinkedIn;Full-time;FALSE;May;FALSE
1379637;Data Engineer;Cape Town;LinkedIn;Full-time;FALSE;January;FALSE
1673926;Data Engineer;Cape Town;LinkedIn;Full-time;FALSE;January;FALSE
21219;Data Engineer;Cape Town;LinkedIn;Full-time;FALSE;September;FALSE
94798;Data Engineer;Cape Town;LinkedIn;Full-time;FALSE;December;FALSE
303042;Data Engineer;Cape Town;LinkedIn;Full-time;FALSE;November;FALSE
382521;Data Engineer;Cape Town;LinkedIn;Full-time;FALSE;July;FALSE
592726;Data Engineer;Cape Town;LinkedIn;Full-time;FALSE;September;FALSE
655989;Data Engineer;Cape Town;LinkedIn;Full-time;FALSE;February;FALSE
876392;Data Engineer;Cape Town;LinkedIn;Full-time;FALSE;February;FALSE
1104550;Data Engineer;Cape Town;LinkedIn;Full-time;FALSE;February;FALSE
1382232;Data Engineer;Cape Town;LinkedIn;Full-time;FALSE;October;FALSE
1389593;Data Engineer;Cape Town;LinkedIn;Full-time;FALSE;March;FALSE
1635492;Data Engineer;Cape Town;LinkedIn;Full-time;FALSE;June;FALSE
51220;Data Engineer;Cape Town;LinkedIn;Full-time;FALSE;July;FALSE
196733;Data Engineer;Cape Town;LinkedIn;Full-time;FALSE;July;FALSE
309581;Data Engineer;Cape Town;LinkedIn;Full-time;FALSE;April;FALSE
359219;Data Engineer;Cape Town;LinkedIn;Full-time;FALSE;May;FALSE
560703;Data Engineer;Cape Town;LinkedIn;Full-time;FALSE;June;FALSE
747062;Data Engineer;Cape Town;LinkedIn;Full-time;FALSE;August;FALSE
904650;Data Engineer;Cape Town;LinkedIn;Full-time;FALSE;January;FALSE
973494;Data Engineer;Cape Town;LinkedIn;Full-time;FALSE;July;FALSE
1085038;Data Engineer;Cape Town;LinkedIn;Full-time;FALSE;August;FALSE
996149;Data Engineer;Cape Town;LinkedIn;Full-time;FALSE;February;FALSE
12096;Data Engineer;Cape Town;LinkedIn;Full-time;FALSE;May;FALSE
76708;Data Engineer;Cape Town;LinkedIn;Full-time;FALSE;May;FALSE
300585;Data Engineer;Cape Town;LinkedIn;Full-time;FALSE;August;FALSE
315488;Data Engineer;Cape Town;LinkedIn;Full-time;FALSE;March;FALSE
348265;Data Engineer;Cape Town;LinkedIn;Full-time;FALSE;July;FALSE
356899;Data Engineer;Cape Town;LinkedIn;Full-time;FALSE;July;FALSE
413702;Data Engineer;Cape Town;LinkedIn;Full-time;FALSE;August;FALSE
484346;Data Engineer;Cape Town;LinkedIn;Full-time;FALSE;October;FALSE
570231;Data Engineer;Cape Town;LinkedIn;Full-time;FALSE;March;FALSE
719781;Data Engineer;Cape Town;LinkedIn;Full-time;FALSE;September;FALSE
730910;Data Engineer;Cape Town;LinkedIn;Full-time;FALSE;April;FALSE
778147;Data Engineer;Cape Town;LinkedIn;Full-time;FALSE;January;FALSE
870994;Data Engineer;Cape Town;LinkedIn;Full-time;FALSE;August;FALSE
946327;Data Engineer;Cape Town;LinkedIn;Full-time;FALSE;February;FALSE
1038579;Data Engineer;Cape Town;LinkedIn;Full-time;FALSE;October;FALSE
1076356;Data Engineer;Cape Town;LinkedIn;Full-time;FALSE;January;FALSE
1160342;Data Engineer;Cape Town;LinkedIn;Full-time;FALSE;June;FALSE
1343491;Data Engineer;Cape Town;LinkedIn;Full-time;FALSE;October;FALSE
1395211;Data Engineer;Cape Town;LinkedIn;Full-time;FALSE;January;FALSE
1520907;Data Engineer;Cape Town;LinkedIn;Full-time;FALSE;October;FALSE
1805905;Data Engineer;Cape Town;LinkedIn;Full-time;FALSE;March;FALSE
948979;Data Engineer;Cape Town;LinkedIn;Full-time;FALSE;September;FALSE
34928;Data Engineer;Cape Town;LinkedIn;Full-time;FALSE;November;FALSE
117158;Data Engineer;Cape Town;LinkedIn;Full-time;FALSE;January;FALSE
129874;Data Engineer;Cape Town;LinkedIn;Full-time;FALSE;March;FALSE
703669;Data Engineer;Cape Town;LinkedIn;Full-time;FALSE;April;FALSE
958629;Data Engineer;Cape Town;LinkedIn;Full-time;FALSE;March;FALSE
390188;Data Engineer;Cape Town;LinkedIn;Full-time;FALSE;June;FALSE
399414;Data Engineer;Cape Town;LinkedIn;Full-time;FALSE;January;FALSE
926970;Data Engineer;Cape Town;LinkedIn;Full-time;FALSE;February;FALSE
933019;Data Engineer;Cape Town;LinkedIn;Full-time;FALSE;June;FALSE
1372213;Data Engineer;Cape Town;LinkedIn;Full-time;FALSE;January;FALSE
1504643;Data Engineer;Cape Town;LinkedIn;Full-time;FALSE;February;FALSE
885170;Data Engineer;Cape Town;LinkedIn;Full-time;FALSE;June;FALSE
954176;Data Engineer;Cape Town;LinkedIn;Full-time;FALSE;September;FALSE
1315119;Data Engineer;Cape Town;LinkedIn;Full-time;FALSE;March;FALSE
1429582;Data Engineer;Cape Town;LinkedIn;Full-time;FALSE;June;FALSE
14366;Data Engineer;Cape Town;LinkedIn;Full-time;FALSE;July;FALSE
153894;Data Engineer;Cape Town;LinkedIn;Full-time;FALSE;July;FALSE
315752;Data Engineer;Cape Town;LinkedIn;Full-time;FALSE;March;FALSE
422784;Data Engineer;Cape Town;LinkedIn;Full-time;FALSE;December;FALSE
492207;Data Engineer;Cape Town;LinkedIn;Full-time;FALSE;August;FALSE
500040;Data Engineer;Cape Town;LinkedIn;Full-time;FALSE;July;FALSE
744563;Data Engineer;Cape Town;LinkedIn;Full-time;FALSE;March;FALSE
870134;Data Engineer;Cape Town;LinkedIn;Full-time;FALSE;August;FALSE
896283;Data Engineer;Cape Town;LinkedIn;Full-time;FALSE;February;FALSE
1226128;Data Engineer;Cape Town;LinkedIn;Full-time;FALSE;August;FALSE
646116;Data Engineer;Cape Town;LinkedIn;Full-time;FALSE;June;FALSE
885559;Data Engineer;Cape Town;LinkedIn;Full-time;FALSE;June;FALSE
953056;Data Engineer;Cape Town;LinkedIn;Full-time;FALSE;July;FALSE
1275463;Data Engineer;Cape Town;LinkedIn;Full-time;FALSE;July;FALSE
1417167;Data Engineer;Cape Town;LinkedIn;Full-time;FALSE;September;FALSE
1453159;Data Engineer;Cape Town;LinkedIn;Full-time;FALSE;December;FALSE
63025;Data Engineer;Cape Town;LinkedIn;Full-time;FALSE;May;FALSE
186976;Data Engineer;Cape Town;LinkedIn;Full-time;FALSE;May;FALSE
331796;Data Engineer;Cape Town;LinkedIn;Full-time;FALSE;December;FALSE
384101;Data Engineer;Cape Town;LinkedIn;Full-time;FALSE;February;FALSE
1641536;Data Engineer;Cape Town;LinkedIn;Full-time;FALSE;June;FALSE
44070;Data Engineer;Cape Town;LinkedIn;Full-time;FALSE;May;FALSE
71475;Data Engineer;Cape Town;LinkedIn;Full-time;FALSE;August;FALSE
261839;Data Engineer;Cape Town;LinkedIn;Full-time;FALSE;August;FALSE
498252;Data Engineer;Cape Town;LinkedIn;Full-time;FALSE;October;FALSE
1283086;Data Engineer;Cape Town;LinkedIn;Full-time;FALSE;August;FALSE
1625580;Data Engineer;Cape Town;LinkedIn;Full-time;FALSE;February;FALSE
579417;Data Engineer;Cape Town;LinkedIn;Full-time;FALSE;January;FALSE
667540;Data Engineer;Cape Town;LinkedIn;Full-time;FALSE;April;FALSE
905269;Data Engineer;Cape Town;LinkedIn;Full-time;FALSE;June;FALSE
1386643;Data Engineer;Cape Town;LinkedIn;Full-time;FALSE;February;FALSE
1555559;Data Engineer;Cape Town;LinkedIn;Full-time;FALSE;July;FALSE
31048;Data Engineer;Cape Town;LinkedIn;Full-time;FALSE;July;FALSE
185170;Data Engineer;Cape Town;LinkedIn;Full-time;FALSE;September;FALSE
458703;Data Engineer;Cape Town;LinkedIn;Full-time;FALSE;June;FALSE
772148;Data Engineer;Cape Town;LinkedIn;Full-time;FALSE;November;FALSE
952012;Data Engineer;Cape Town;LinkedIn;Full-time;FALSE;December;FALSE
1179395;Data Engineer;Cape Town;LinkedIn;Full-time;FALSE;June;FALSE
1283010;Data Engineer;Cape Town;LinkedIn;Full-time;FALSE;November;FALSE
1346186;Data Engineer;Cape Town;LinkedIn;Full-time;FALSE;June;FALSE
1645375;Data Engineer;Cape Town;LinkedIn;Full-time;FALSE;July;FALSE
618755;Data Engineer;Cape Town;LinkedIn;Full-time;FALSE;March;FALSE
1212005;Data Engineer;Cape Town;LinkedIn;Full-time;FALSE;May;FALSE
257313;Data Engineer;Cape Town;LinkedIn;Full-time;FALSE;September;FALSE
445095;Data Engineer;Cape Town;LinkedIn;Full-time;FALSE;March;FALSE
660183;Data Engineer;Cape Town;LinkedIn;Full-time;FALSE;April;FALSE
1775770;Data Engineer;Cape Town;LinkedIn;Full-time;FALSE;July;FALSE
11786;Data Engineer;Cape Town;LinkedIn;Full-time;FALSE;September;FALSE
43330;Data Engineer;Cape Town;LinkedIn;Full-time;FALSE;July;FALSE
84754;Data Engineer;Cape Town;LinkedIn;Full-time;FALSE;March;FALSE
156729;Data Engineer;Cape Town;LinkedIn;Full-time;FALSE;October;FALSE
1018268;Data Engineer;Cape Town;LinkedIn;Full-time;FALSE;April;FALSE
1121692;Data Engineer;Cape Town;LinkedIn;Full-time;FALSE;March;FALSE
1432153;Data Engineer;Cape Town;LinkedIn;Full-time;FALSE;June;FALSE
1588592;Software Engineer;Cape Town;;Full-time;FALSE;June;FALSE
1589916;Senior Data Engineer;Cape Town;;Full-time;FALSE;June;TRUE
1590046;Business Analyst;Cape Town;;Full-time;FALSE;June;TRUE
1590242;Software Engineer;Cape Town;;Full-time;FALSE;June;FALSE
1590582;Software Engineer;Cape Town;;Full-time;FALSE;June;FALSE
1591826;Data Scientist;Cape Town;;Full-time;FALSE;June;TRUE
1591892;Software Engineer;Cape Town;;Full-time;FALSE;June;FALSE
1592671;Data Analyst;Cape Town;;Full-time;FALSE;June;TRUE
1592719;Senior Data Engineer;Cape Town;;Full-time;FALSE;June;FALSE
1595760;Business Analyst;Cape Town;;Full-time;FALSE;June;FALSE
1599141;Data Scientist;Cape Town;;Full-time;FALSE;June;FALSE
1599920;Cloud Engineer;Cape Town;;Full-time;FALSE;June;TRUE
1599921;Machine Learning Engineer;Cape Town;;Full-time;FALSE;June;FALSE
1604065;Software Engineer;Cape Town;;Full-time;FALSE;June;TRUE
1604116;Cloud Engineer;Cape Town;;Full-time;FALSE;June;FALSE
1604119;Data Scientist;Cape Town;;Full-time;FALSE;June;FALSE
1604122;Business Analyst;Cape Town;;Full-time;FALSE;June;FALSE
1604124;Cloud Engineer;Cape Town;;Full-time;FALSE;June;FALSE
1604127;Software Engineer;Cape Town;;Full-time;FALSE;June;TRUE
1604730;Data Scientist;Cape Town;;Full-time;FALSE;June;TRUE
1605522;Data Scientist;Cape Town;;Full-time;FALSE;June;FALSE
1605523;Software Engineer;Cape Town;;Full-time;FALSE;June;FALSE
1608389;Business Analyst;Cape Town;;Full-time;FALSE;June;FALSE
1610176;Senior Data Engineer;Cape Town;;Full-time;FALSE;June;FALSE
1615779;Software Engineer;Cape Town;;Full-time;FALSE;June;FALSE
1423485;Senior Data Scientist;Cape Town;;Full-time;FALSE;February;TRUE
1423739;Senior Data Engineer;Cape Town;;Full-time;FALSE;February;TRUE
1423752;Senior Data Scientist;Cape Town;;Full-time;FALSE;February;FALSE
1423775;Data Scientist;Cape Town;;Full-time;FALSE;February;FALSE
1423787;Machine Learning Engineer;Cape Town;;Full-time;FALSE;February;TRUE
1423793;Data Scientist;Cape Town;;Full-time;FALSE;February;FALSE
1424011;Senior Data Scientist;Cape Town;;Full-time;FALSE;February;FALSE
1344439;Senior Data Engineer;Cape Town;;Full-time;FALSE;February;FALSE
1346832;Software Engineer;Cape Town;;Full-time;FALSE;February;TRUE
1346833;Data Analyst;Cape Town;;Full-time;FALSE;February;TRUE
1353669;Data Analyst;Cape Town;;Full-time;FALSE;February;FALSE
1355665;Data Analyst;Cape Town;;Full-time;FALSE;February;TRUE
1356423;Data Scientist;Cape Town;;Full-time;FALSE;February;FALSE
1358793;Senior Data Analyst;Cape Town;;Full-time;FALSE;February;TRUE
1362955;Senior Data Engineer;Cape Town;;Full-time;FALSE;February;TRUE
1362958;Data Analyst;Cape Town;;Full-time;FALSE;February;TRUE
1366577;Business Analyst;Cape Town;;Full-time;FALSE;February;FALSE
1366930;Business Analyst;Cape Town;;Full-time;FALSE;February;FALSE
1368847;Business Analyst;Cape Town;;Full-time;FALSE;February;FALSE
1369203;Business Analyst;Cape Town;;Full-time;FALSE;February;FALSE
1371329;Business Analyst;Cape Town;;Full-time;FALSE;February;FALSE
1371737;Business Analyst;Cape Town;;Full-time;FALSE;February;FALSE
1373983;Business Analyst;Cape Town;;Full-time;FALSE;February;FALSE
1374409;Business Analyst;Cape Town;;Full-time;FALSE;February;FALSE
1376836;Business Analyst;Cape Town;;Full-time;FALSE;February;FALSE
1377302;Business Analyst;Cape Town;;Full-time;FALSE;February;FALSE
1380095;Business Analyst;Cape Town;;Full-time;FALSE;February;FALSE
1380318;Data Analyst;Cape Town;;Full-time;FALSE;February;TRUE
1380614;Business Analyst;Cape Town;;Full-time;FALSE;February;FALSE
1383024;Business Analyst;Cape Town;;Full-time;FALSE;February;FALSE
1383432;Business Analyst;Cape Town;;Full-time;FALSE;February;FALSE
1385648;Business Analyst;Cape Town;;Full-time;FALSE;February;FALSE
1386064;Business Analyst;Cape Town;;Full-time;FALSE;February;FALSE
1388196;Business Analyst;Cape Town;;Full-time;FALSE;February;FALSE
1388581;Business Analyst;Cape Town;;Full-time;FALSE;February;FALSE
1390936;Business Analyst;Cape Town;;Full-time;FALSE;February;FALSE
1391397;Business Analyst;Cape Town;;Full-time;FALSE;February;FALSE
1393800;Business Analyst;Cape Town;;Full-time;FALSE;February;FALSE
1394249;Business Analyst;Cape Town;;Full-time;FALSE;February;FALSE
1397095;Business Analyst;Cape Town;;Full-time;FALSE;February;FALSE
1397328;Data Analyst;Cape Town;;Full-time;FALSE;February;TRUE
1397632;Business Analyst;Cape Town;;Full-time;FALSE;February;FALSE
1400982;Business Analyst;Cape Town;;Full-time;FALSE;February;FALSE
1401252;Data Analyst;Cape Town;;Full-time;FALSE;February;TRUE
1401610;Business Analyst;Cape Town;;Full-time;FALSE;February;FALSE
1404383;Business Analyst;Cape Town;;Full-time;FALSE;February;FALSE
1404848;Business Analyst;Cape Town;;Full-time;FALSE;February;FALSE
1407204;Business Analyst;Cape Town;;Full-time;FALSE;February;FALSE
1407637;Business Analyst;Cape Town;;Full-time;FALSE;February;FALSE
1409880;Business Analyst;Cape Town;;Full-time;FALSE;February;FALSE
1410294;Business Analyst;Cape Town;;Full-time;FALSE;February;FALSE
1412811;Business Analyst;Cape Town;;Full-time;FALSE;February;FALSE
1413017;Data Analyst;Cape Town;;Full-time;FALSE;February;TRUE
1413294;Business Analyst;Cape Town;;Full-time;FALSE;February;FALSE
1416026;Business Analyst;Cape Town;;Full-time;FALSE;February;FALSE
1416246;Data Analyst;Cape Town;;Full-time;FALSE;February;TRUE
1416537;Business Analyst;Cape Town;;Full-time;FALSE;February;FALSE
1438018;Data Analyst;Cape Town;;Full-time;FALSE;March;FALSE
1438942;Senior Data Engineer;Cape Town;;Full-time;FALSE;March;TRUE
1441706;Software Engineer;Cape Town;;Full-time;FALSE;March;TRUE
1443602;Senior Data Engineer;Cape Town;;Full-time;FALSE;March;TRUE
1444032;Data Scientist;Cape Town;;Full-time;FALSE;March;FALSE
1445293;Cloud Engineer;Cape Town;;Full-time;FALSE;March;TRUE
1445532;Cloud Engineer;Cape Town;;Full-time;FALSE;March;TRUE
1445534;Cloud Engineer;Cape Town;;Full-time;FALSE;March;TRUE
1445712;Cloud Engineer;Cape Town;;Full-time;FALSE;March;TRUE
1445931;Senior Data Engineer;Cape Town;;Full-time;FALSE;March;FALSE
1448087;Senior Data Engineer;Cape Town;;Full-time;FALSE;March;FALSE
1450491;Senior Data Engineer;Cape Town;;Full-time;FALSE;March;FALSE
1280679;Software Engineer;Cape Town;;Full-time;FALSE;January;TRUE
1281950;Software Engineer;Cape Town;;Full-time;FALSE;January;TRUE
1286390;Data Analyst;Cape Town;;Full-time;FALSE;January;TRUE
1289590;Data Scientist;Cape Town;;Full-time;FALSE;January;TRUE
1289595;Machine Learning Engineer;Cape Town;;Full-time;FALSE;January;FALSE
1291316;Software Engineer;Cape Town;;Full-time;FALSE;January;TRUE
1291318;Data Scientist;Cape Town;;Full-time;FALSE;January;TRUE
1294890;Data Analyst;Cape Town;;Full-time;FALSE;January;FALSE
1296275;Software Engineer;Cape Town;;Full-time;FALSE;January;TRUE
1299040;Senior Data Engineer;Cape Town;;Full-time;FALSE;January;FALSE
1303402;Business Analyst;Cape Town;;Full-time;FALSE;January;TRUE
1304660;Senior Data Engineer;Cape Town;;Full-time;FALSE;January;TRUE
1305185;Software Engineer;Cape Town;;Full-time;FALSE;January;FALSE
1305363;Data Scientist;Cape Town;;Full-time;FALSE;January;TRUE
1305364;Senior Data Analyst;Cape Town;;Full-time;FALSE;January;FALSE
1305366;Software Engineer;Cape Town;;Full-time;FALSE;January;TRUE
1306285;Senior Data Engineer;Cape Town;;Full-time;FALSE;January;TRUE
1306696;Data Analyst;Cape Town;;Full-time;FALSE;January;FALSE
1307975;Senior Data Engineer;Cape Town;;Full-time;FALSE;January;FALSE
1308577;Software Engineer;Cape Town;;Full-time;FALSE;January;FALSE
1316831;Cloud Engineer;Cape Town;;Full-time;FALSE;January;FALSE
1320188;Senior Data Engineer;Cape Town;;Full-time;FALSE;January;TRUE
1320499;Senior Data Engineer;Cape Town;;Full-time;FALSE;January;FALSE
1322795;Senior Data Engineer;Cape Town;;Full-time;FALSE;January;TRUE
1335757;Software Engineer;Cape Town;;Full-time;FALSE;January;FALSE
1336840;Cloud Engineer;Cape Town;;Full-time;FALSE;January;FALSE
1338317;Data Scientist;Cape Town;;Full-time;FALSE;January;TRUE
1338673;Software Engineer;Cape Town;;Full-time;FALSE;January;TRUE
1338790;Business Analyst;Cape Town;;Full-time;FALSE;January;TRUE
1340088;Cloud Engineer;Cape Town;;Full-time;FALSE;January;FALSE
1341146;Software Engineer;Cape Town;;Full-time;FALSE;January;FALSE
1496559;Cloud Engineer;Cape Town;;Full-time;FALSE;March;FALSE
1496738;Data Scientist;Cape Town;;Full-time;FALSE;March;TRUE
1497000;Senior Data Engineer;Cape Town;;Full-time;FALSE;March;FALSE
1497014;Machine Learning Engineer;Cape Town;;Full-time;FALSE;March;FALSE
1453012;Senior Data Engineer;Cape Town;;Full-time;FALSE;March;FALSE
1455713;Senior Data Engineer;Cape Town;;Full-time;FALSE;March;FALSE
1458760;Senior Data Engineer;Cape Town;;Full-time;FALSE;March;FALSE
1461066;Senior Data Engineer;Cape Town;;Full-time;FALSE;March;FALSE
1463190;Senior Data Engineer;Cape Town;;Full-time;FALSE;March;FALSE
1465249;Senior Data Engineer;Cape Town;;Full-time;FALSE;March;FALSE
1467450;Senior Data Engineer;Cape Town;;Full-time;FALSE;March;FALSE
1469762;Senior Data Engineer;Cape Town;;Full-time;FALSE;March;FALSE
1472365;Senior Data Engineer;Cape Town;;Full-time;FALSE;March;FALSE
1475112;Senior Data Engineer;Cape Town;;Full-time;FALSE;March;FALSE
1477280;Senior Data Engineer;Cape Town;;Full-time;FALSE;March;FALSE
1479235;Senior Data Engineer;Cape Town;;Full-time;FALSE;March;FALSE
1480967;Data Scientist;Cape Town;;Full-time;FALSE;March;FALSE
1480970;Data Analyst;Cape Town;;Full-time;FALSE;March;TRUE
1484671;Data Analyst;Cape Town;;Full-time;FALSE;March;TRUE
1485992;Data Analyst;Cape Town;;Full-time;FALSE;March;TRUE
1485993;Data Scientist;Cape Town;;Full-time;FALSE;March;TRUE
1485995;Data Analyst;Cape Town;;Full-time;FALSE;March;FALSE
1487927;Data Scientist;Cape Town;;Full-time;FALSE;March;FALSE
1487928;Data Scientist;Cape Town;;Full-time;FALSE;March;FALSE
1487931;Software Engineer;Cape Town;;Full-time;FALSE;March;FALSE
1488332;Senior Data Scientist;Cape Town;;Full-time;FALSE;March;FALSE
1494528;Business Analyst;Cape Town;;Full-time;FALSE;March;FALSE
1495408;Cloud Engineer;Cape Town;;Full-time;FALSE;March;FALSE
1495724;Senior Data Engineer;Cape Town;;Full-time;FALSE;March;FALSE
1498910;Business Analyst;Cape Town;;Full-time;FALSE;March;TRUE
1525172;Data Scientist;Cape Town;;Full-time;FALSE;April;FALSE
1525970;Senior Data Analyst;Cape Town;;Full-time;FALSE;April;FALSE
1525974;Senior Data Scientist;Cape Town;;Full-time;FALSE;April;TRUE
1525978;Senior Data Engineer;Cape Town;;Full-time;FALSE;April;TRUE
1525988;Cloud Engineer;Cape Town;;Full-time;FALSE;April;TRUE
1525995;Software Engineer;Cape Town;;Full-time;FALSE;April;TRUE
1526104;Data Analyst;Cape Town;;Full-time;FALSE;April;TRUE
1526109;Senior Data Engineer;Cape Town;;Full-time;FALSE;April;TRUE
1526110;Data Scientist;Cape Town;;Full-time;FALSE;April;TRUE
1526111;Senior Data Engineer;Cape Town;;Full-time;FALSE;April;FALSE
1526112;Data Analyst;Cape Town;;Full-time;FALSE;April;TRUE
1526119;Data Scientist;Cape Town;;Full-time;FALSE;April;TRUE
1526165;Cloud Engineer;Cape Town;;Full-time;FALSE;April;FALSE
1526166;Software Engineer;Cape Town;;Full-time;FALSE;April;TRUE
1526221;Data Analyst;Cape Town;;Full-time;FALSE;April;TRUE
1526225;Cloud Engineer;Cape Town;;Full-time;FALSE;April;FALSE
1526226;Business Analyst;Cape Town;;Full-time;FALSE;April;FALSE
1526227;Cloud Engineer;Cape Town;;Full-time;FALSE;April;TRUE
1526400;Software Engineer;Cape Town;;Full-time;FALSE;April;TRUE
1526426;Data Analyst;Cape Town;;Full-time;FALSE;April;FALSE
1526427;Cloud Engineer;Cape Town;;Full-time;FALSE;April;TRUE
1526431;Cloud Engineer;Cape Town;;Full-time;FALSE;April;TRUE
1526478;Data Scientist;Cape Town;;Full-time;FALSE;April;FALSE
1501876;Software Engineer;Cape Town;;Full-time;FALSE;April;FALSE
1502586;Data Scientist;Cape Town;;Full-time;FALSE;April;FALSE
1506419;Cloud Engineer;Cape Town;;Full-time;FALSE;April;FALSE
1506860;Data Scientist;Cape Town;;Full-time;FALSE;April;FALSE
1508908;Data Scientist;Cape Town;;Full-time;FALSE;April;FALSE
1509557;Business Analyst;Cape Town;;Full-time;FALSE;April;TRUE
1510219;Senior Data Engineer;Cape Town;;Full-time;FALSE;April;TRUE
1511864;Software Engineer;Cape Town;;Full-time;FALSE;April;TRUE
1512342;Cloud Engineer;Cape Town;;Full-time;FALSE;April;FALSE
1514534;Data Scientist;Cape Town;;Full-time;FALSE;April;TRUE
1514641;Data Scientist;Cape Town;;Full-time;FALSE;April;FALSE
1514646;Cloud Engineer;Cape Town;;Full-time;FALSE;April;FALSE
1516453;Senior Data Engineer;Cape Town;;Full-time;FALSE;April;FALSE
1517404;Software Engineer;Cape Town;;Full-time;FALSE;April;FALSE
1518510;Software Engineer;Cape Town;;Full-time;FALSE;April;FALSE
1518515;Cloud Engineer;Cape Town;;Full-time;FALSE;April;FALSE
1519698;Data Scientist;Cape Town;;Full-time;FALSE;April;FALSE
1519747;Software Engineer;Cape Town;;Full-time;FALSE;April;TRUE
1519889;Senior Data Scientist;Cape Town;;Full-time;FALSE;April;FALSE
1519892;Cloud Engineer;Cape Town;;Full-time;FALSE;April;TRUE
1520364;Software Engineer;Cape Town;;Full-time;FALSE;April;TRUE
1520530;Cloud Engineer;Cape Town;;Full-time;FALSE;April;FALSE
1521794;Software Engineer;Cape Town;;Full-time;FALSE;April;TRUE
1521927;Software Engineer;Cape Town;;Full-time;FALSE;April;TRUE
1522193;Business Analyst;Cape Town;;Full-time;FALSE;April;FALSE
1522666;Software Engineer;Cape Town;;Full-time;FALSE;April;TRUE
1522685;Cloud Engineer;Cape Town;;Full-time;FALSE;April;FALSE
1522890;Software Engineer;Cape Town;;Full-time;FALSE;April;TRUE
1523059;Software Engineer;Cape Town;;Full-time;FALSE;April;TRUE
1523060;Software Engineer;Cape Town;;Full-time;FALSE;April;TRUE
1524030;Senior Data Engineer;Cape Town;;Full-time;FALSE;April;FALSE
1524116;Data Analyst;Cape Town;;Full-time;FALSE;April;TRUE
1524199;Cloud Engineer;Cape Town;;Full-time;FALSE;April;TRUE
1524601;Software Engineer;Cape Town;;Full-time;FALSE;April;FALSE
1527231;Senior Data Analyst;Cape Town;;Full-time;FALSE;April;TRUE
1527236;Software Engineer;Cape Town;;Full-time;FALSE;April;FALSE
1528516;Cloud Engineer;Cape Town;;Full-time;FALSE;April;FALSE
1529234;Cloud Engineer;Cape Town;;Full-time;FALSE;April;FALSE
1529447;Cloud Engineer;Cape Town;;Full-time;FALSE;April;TRUE
1529778;Cloud Engineer;Cape Town;;Full-time;FALSE;April;TRUE
1529918;Cloud Engineer;Cape Town;;Full-time;FALSE;April;TRUE
1529919;Software Engineer;Cape Town;;Full-time;FALSE;April;TRUE
1530370;Machine Learning Engineer;Cape Town;;Full-time;FALSE;April;FALSE
1530419;Cloud Engineer;Cape Town;;Full-time;FALSE;April;TRUE
1530894;Business Analyst;Cape Town;;Full-time;FALSE;April;FALSE
1530895;Machine Learning Engineer;Cape Town;;Full-time;FALSE;April;FALSE
1530896;Software Engineer;Cape Town;;Full-time;FALSE;April;TRUE
1531268;Software Engineer;Cape Town;;Full-time;FALSE;April;FALSE
1531270;Business Analyst;Cape Town;;Full-time;FALSE;April;FALSE
1531271;Cloud Engineer;Cape Town;;Full-time;FALSE;April;TRUE
1532369;Software Engineer;Cape Town;;Full-time;FALSE;April;FALSE
1533653;Software Engineer;Cape Town;;Full-time;FALSE;April;TRUE
1533891;Cloud Engineer;Cape Town;;Full-time;FALSE;April;FALSE
1534013;Data Scientist;Cape Town;;Full-time;FALSE;April;TRUE
1534960;Machine Learning Engineer;Cape Town;;Full-time;FALSE;April;FALSE
1535281;Software Engineer;Cape Town;;Full-time;FALSE;April;TRUE
1535282;Business Analyst;Cape Town;;Full-time;FALSE;April;TRUE
1535285;Data Scientist;Cape Town;;Full-time;FALSE;April;TRUE
1535603;Data Scientist;Cape Town;;Full-time;FALSE;April;TRUE
1538561;Software Engineer;Cape Town;;Full-time;FALSE;April;TRUE
1539869;Software Engineer;Cape Town;;Full-time;FALSE;April;TRUE
1543875;Software Engineer;Cape Town;;Full-time;FALSE;April;TRUE
1544972;Software Engineer;Cape Town;;Full-time;FALSE;April;TRUE
1546237;Software Engineer;Cape Town;;Full-time;FALSE;April;TRUE
1580215;Senior Data Engineer;Cape Town;;Full-time;FALSE;May;FALSE
1580223;Senior Data Analyst;Cape Town;;Full-time;FALSE;May;FALSE
1580225;Business Analyst;Cape Town;;Full-time;FALSE;May;TRUE
1580227;Cloud Engineer;Cape Town;;Full-time;FALSE;May;TRUE
1580232;Data Analyst;Cape Town;;Full-time;FALSE;May;TRUE
1580239;Software Engineer;Cape Town;;Full-time;FALSE;May;FALSE
1580243;Software Engineer;Cape Town;;Full-time;FALSE;May;FALSE
1580541;Cloud Engineer;Cape Town;;Full-time;FALSE;May;FALSE
1580544;Machine Learning Engineer;Cape Town;;Full-time;FALSE;May;TRUE
1580547;Data Scientist;Cape Town;;Full-time;FALSE;May;FALSE
1581450;Senior Data Engineer;Cape Town;;Full-time;FALSE;May;TRUE
1581814;Senior Data Scientist;Cape Town;;Full-time;FALSE;May;FALSE
1577200;Cloud Engineer;Cape Town;;Full-time;FALSE;May;TRUE
1577698;Software Engineer;Cape Town;;Full-time;FALSE;May;TRUE
1577699;Software Engineer;Cape Town;;Full-time;FALSE;May;FALSE
1579551;Data Analyst;Cape Town;;Full-time;FALSE;May;FALSE
1579555;Cloud Engineer;Cape Town;;Full-time;FALSE;May;TRUE
1582748;Business Analyst;Cape Town;;Full-time;FALSE;May;TRUE
1583592;Business Analyst;Cape Town;;Full-time;FALSE;May;FALSE
1584585;Software Engineer;Cape Town;;Full-time;FALSE;May;FALSE
1584824;Cloud Engineer;Cape Town;;Full-time;FALSE;May;FALSE
1585499;Data Analyst;Cape Town;;Full-time;FALSE;May;TRUE
1585503;Software Engineer;Cape Town;;Full-time;FALSE;May;FALSE
1585508;Software Engineer;Cape Town;;Full-time;FALSE;May;FALSE
1586084;Cloud Engineer;Cape Town;;Full-time;FALSE;May;FALSE
1547679;Software Engineer;Cape Town;;Full-time;FALSE;May;TRUE
1548958;Business Analyst;Cape Town;;Full-time;FALSE;May;FALSE
1549654;Software Engineer;Cape Town;;Full-time;FALSE;May;TRUE
1550138;Machine Learning Engineer;Cape Town;;Full-time;FALSE;May;FALSE
1550241;Software Engineer;Cape Town;;Full-time;FALSE;May;TRUE
1551145;Senior Data Engineer;Cape Town;;Full-time;FALSE;May;FALSE
1551149;Software Engineer;Cape Town;;Full-time;FALSE;May;FALSE
1551239;Software Engineer;Cape Town;;Full-time;FALSE;May;FALSE
1551449;Data Scientist;Cape Town;;Full-time;FALSE;May;TRUE
1551450;Business Analyst;Cape Town;;Full-time;FALSE;May;FALSE
1551602;Cloud Engineer;Cape Town;;Full-time;FALSE;May;FALSE
1551719;Senior Data Scientist;Cape Town;;Full-time;FALSE;May;FALSE
1552161;Senior Data Scientist;Cape Town;;Full-time;FALSE;May;TRUE
1552659;Data Analyst;Cape Town;;Full-time;FALSE;May;TRUE
1552854;Cloud Engineer;Cape Town;;Full-time;FALSE;May;FALSE
1552892;Software Engineer;Cape Town;;Full-time;FALSE;May;FALSE
1553682;Software Engineer;Cape Town;;Full-time;FALSE;May;FALSE
1553684;Cloud Engineer;Cape Town;;Full-time;FALSE;May;TRUE
1554036;Data Scientist;Cape Town;;Full-time;FALSE;May;FALSE
1554339;Business Analyst;Cape Town;;Full-time;FALSE;May;FALSE
1554509;Senior Data Scientist;Cape Town;;Full-time;FALSE;May;FALSE
1554759;Business Analyst;Cape Town;;Full-time;FALSE;May;FALSE
1554777;Data Analyst;Cape Town;;Full-time;FALSE;May;TRUE
1554778;Software Engineer;Cape Town;;Full-time;FALSE;May;TRUE
1555207;Data Analyst;Cape Town;;Full-time;FALSE;May;TRUE
1555211;Cloud Engineer;Cape Town;;Full-time;FALSE;May;TRUE
1555216;Software Engineer;Cape Town;;Full-time;FALSE;May;FALSE
1555217;Data Scientist;Cape Town;;Full-time;FALSE;May;TRUE
1555294;Cloud Engineer;Cape Town;;Full-time;FALSE;May;FALSE
1556027;Data Analyst;Cape Town;;Full-time;FALSE;May;TRUE
1559149;Software Engineer;Cape Town;;Full-time;FALSE;May;FALSE
1561237;Data Analyst;Cape Town;;Full-time;FALSE;May;TRUE
1561914;Software Engineer;Cape Town;;Full-time;FALSE;May;TRUE
1561915;Software Engineer;Cape Town;;Full-time;FALSE;May;FALSE
1563870;Data Scientist;Cape Town;;Full-time;FALSE;May;FALSE
1564889;Data Analyst;Cape Town;;Full-time;FALSE;May;FALSE
1566077;Data Analyst;Cape Town;;Full-time;FALSE;May;TRUE
1567270;Senior Data Engineer;Cape Town;;Full-time;FALSE;May;TRUE
1567272;Software Engineer;Cape Town;;Full-time;FALSE;May;TRUE
1567276;Cloud Engineer;Cape Town;;Full-time;FALSE;May;FALSE
1567678;Machine Learning Engineer;Cape Town;;Full-time;FALSE;May;FALSE
1567735;Business Analyst;Cape Town;;Full-time;FALSE;May;TRUE
1567890;Business Analyst;Cape Town;;Full-time;FALSE;May;FALSE
1569714;Data Scientist;Cape Town;;Full-time;FALSE;May;TRUE
1569802;Machine Learning Engineer;Cape Town;;Full-time;FALSE;May;FALSE
1569803;Data Scientist;Cape Town;;Full-time;FALSE;May;TRUE
1569910;Cloud Engineer;Cape Town;;Full-time;FALSE;May;TRUE
1569913;Business Analyst;Cape Town;;Full-time;FALSE;May;FALSE
1570109;Cloud Engineer;Cape Town;;Full-time;FALSE;May;FALSE
1570683;Software Engineer;Cape Town;;Full-time;FALSE;May;TRUE
1570853;Cloud Engineer;Cape Town;;Full-time;FALSE;May;TRUE
1571033;Data Analyst;Cape Town;;Full-time;FALSE;May;TRUE
1571557;Software Engineer;Cape Town;;Full-time;FALSE;May;TRUE
1571612;Business Analyst;Cape Town;;Full-time;FALSE;May;TRUE
1571773;Cloud Engineer;Cape Town;;Full-time;FALSE;May;FALSE
1571852;Cloud Engineer;Cape Town;;Full-time;FALSE;May;FALSE
1572066;Business Analyst;Cape Town;;Full-time;FALSE;May;FALSE
1572571;Data Scientist;Cape Town;;Full-time;FALSE;May;FALSE
1572579;Data Analyst;Cape Town;;Full-time;FALSE;May;TRUE
1572580;Cloud Engineer;Cape Town;;Full-time;FALSE;May;TRUE
1572799;Data Analyst;Cape Town;;Full-time;FALSE;May;TRUE
1572801;Data Analyst;Cape Town;;Full-time;FALSE;May;FALSE
1572808;Senior Data Engineer;Cape Town;;Full-time;FALSE;May;TRUE
1573164;Senior Data Scientist;Cape Town;;Full-time;FALSE;May;TRUE
1573165;Senior Data Analyst;Cape Town;;Full-time;FALSE;May;FALSE
1573167;Cloud Engineer;Cape Town;;Full-time;FALSE;May;TRUE
1574612;Data Analyst;Cape Town;;Full-time;FALSE;May;TRUE
1574697;Data Scientist;Cape Town;;Full-time;FALSE;May;TRUE
1574862;Data Scientist;Cape Town;;Full-time;FALSE;May;FALSE
1574863;Data Analyst;Cape Town;;Full-time;FALSE;May;FALSE
1580200;Data Engineer;Cape Town;;Full-time;FALSE;May;TRUE
1580205;Data Engineer;Cape Town;;Full-time;FALSE;May;FALSE
1580217;Data Engineer;Cape Town;;Full-time;FALSE;May;TRUE
1580222;Data Engineer;Cape Town;;Full-time;FALSE;May;FALSE
1580535;Data Engineer;Cape Town;;Full-time;FALSE;May;TRUE
1580537;Data Engineer;Cape Town;;Full-time;FALSE;May;FALSE
1579536;Data Engineer;Cape Town;;Full-time;FALSE;May;TRUE
1579542;Data Engineer;Cape Town;;Full-time;FALSE;May;FALSE
1579543;Data Engineer;Cape Town;;Full-time;FALSE;May;TRUE
1579554;Data Engineer;Cape Town;;Full-time;FALSE;May;FALSE
1582362;Data Engineer;Cape Town;;Full-time;FALSE;May;FALSE
1582668;Data Engineer;Cape Town;;Full-time;FALSE;May;FALSE
1585494;Data Engineer;Cape Town;;Full-time;FALSE;May;FALSE
1585498;Data Engineer;Cape Town;;Full-time;FALSE;May;FALSE
1590677;Data Engineer;Cape Town;;Full-time;FALSE;June;FALSE
1590741;Data Engineer;Cape Town;;Full-time;FALSE;June;TRUE
1593878;Data Engineer;Cape Town;;Full-time;FALSE;June;FALSE
1593880;Data Engineer;Cape Town;;Full-time;FALSE;June;TRUE
1594135;Data Engineer;Cape Town;;Full-time;FALSE;June;TRUE
1597188;Data Engineer;Cape Town;;Full-time;FALSE;June;FALSE
1597190;Data Engineer;Cape Town;;Full-time;FALSE;June;TRUE
1597198;Data Engineer;Cape Town;;Full-time;FALSE;June;FALSE
1599044;Data Engineer;Cape Town;;Full-time;FALSE;June;TRUE
1599991;Data Engineer;Cape Town;;Full-time;FALSE;June;TRUE
1599992;Data Engineer;Cape Town;;Full-time;FALSE;June;TRUE
1601708;Data Engineer;Cape Town;;Full-time;FALSE;June;FALSE
1602132;Data Engineer;Cape Town;;Full-time;FALSE;June;FALSE
1602371;Data Engineer;Cape Town;;Full-time;FALSE;June;FALSE
1603036;Data Engineer;Cape Town;;Full-time;FALSE;June;FALSE
1603037;Data Engineer;Cape Town;;Full-time;FALSE;June;TRUE
1603041;Data Engineer;Cape Town;;Full-time;FALSE;June;TRUE
1603243;Data Engineer;Cape Town;;Full-time;FALSE;June;FALSE
1604112;Data Engineer;Cape Town;;Full-time;FALSE;June;FALSE
1604120;Data Engineer;Cape Town;;Full-time;FALSE;June;FALSE
1604304;Data Engineer;Cape Town;;Full-time;FALSE;June;TRUE
1606331;Data Engineer;Cape Town;;Full-time;FALSE;June;TRUE
1608901;Data Engineer;Cape Town;;Full-time;FALSE;June;FALSE
1610306;Data Engineer;Cape Town;;Full-time;FALSE;June;FALSE
1612270;Data Engineer;Cape Town;;Full-time;FALSE;June;TRUE
1612452;Data Engineer;Cape Town;;Full-time;FALSE;June;FALSE
1613824;Data Engineer;Cape Town;;Full-time;FALSE;June;FALSE
1614563;Data Engineer;Cape Town;;Full-time;FALSE;June;TRUE
1616124;Data Engineer;Cape Town;;Full-time;FALSE;June;TRUE
1423762;Data Engineer;Cape Town;;Full-time;FALSE;February;FALSE
1423768;Data Engineer;Cape Town;;Full-time;FALSE;February;FALSE
1423781;Data Engineer;Cape Town;;Full-time;FALSE;February;FALSE
1423992;Data Engineer;Cape Town;;Full-time;FALSE;February;FALSE
1423999;Data Engineer;Cape Town;;Full-time;FALSE;February;FALSE
1424000;Data Engineer;Cape Town;;Full-time;FALSE;February;FALSE
1424007;Data Engineer;Cape Town;;Full-time;FALSE;February;TRUE
1424008;Data Engineer;Cape Town;;Full-time;FALSE;February;FALSE
1347149;Data Engineer;Cape Town;;Full-time;FALSE;February;FALSE
1349770;Data Engineer;Cape Town;;Full-time;FALSE;February;FALSE
1351507;Data Engineer;Cape Town;;Full-time;FALSE;February;TRUE
1352193;Data Engineer;Cape Town;;Full-time;FALSE;February;FALSE
1353409;Data Engineer;Cape Town;;Full-time;FALSE;February;TRUE
1356870;Data Engineer;Cape Town;;Full-time;FALSE;February;TRUE
1358307;Data Engineer;Cape Town;;Full-time;FALSE;February;FALSE
1358784;Data Engineer;Cape Town;;Full-time;FALSE;February;TRUE
1358785;Data Engineer;Cape Town;;Full-time;FALSE;February;TRUE
1358786;Data Engineer;Cape Town;;Full-time;FALSE;February;FALSE
1358789;Data Engineer;Cape Town;;Full-time;FALSE;February;FALSE
1358790;Data Engineer;Cape Town;;Full-time;FALSE;February;TRUE
1360480;Data Engineer;Cape Town;;Full-time;FALSE;February;TRUE
1362944;Data Engineer;Cape Town;;Full-time;FALSE;February;FALSE
1362945;Data Engineer;Cape Town;;Full-time;FALSE;February;TRUE
1362951;Data Engineer;Cape Town;;Full-time;FALSE;February;TRUE
1428443;Data Engineer;Cape Town;;Full-time;FALSE;March;FALSE
1439667;Data Engineer;Cape Town;;Full-time;FALSE;March;TRUE
1441124;Data Engineer;Cape Town;;Full-time;FALSE;March;FALSE
1441126;Data Engineer;Cape Town;;Full-time;FALSE;March;FALSE
1445407;Data Engineer;Cape Town;;Full-time;FALSE;March;FALSE
1447657;Data Engineer;Cape Town;;Full-time;FALSE;March;TRUE
1450011;Data Engineer;Cape Town;;Full-time;FALSE;March;TRUE
1451165;Data Engineer;Cape Town;;Full-time;FALSE;March;TRUE
1452503;Data Engineer;Cape Town;;Full-time;FALSE;March;TRUE
1283641;Data Engineer;Cape Town;;Full-time;FALSE;January;FALSE
1284660;Data Engineer;Cape Town;;Full-time;FALSE;January;TRUE
1284661;Data Engineer;Cape Town;;Full-time;FALSE;January;FALSE
1284665;Data Engineer;Cape Town;;Full-time;FALSE;January;FALSE
1286540;Data Engineer;Cape Town;;Full-time;FALSE;January;TRUE
1295776;Data Engineer;Cape Town;;Full-time;FALSE;January;FALSE
1297151;Data Engineer;Cape Town;;Full-time;FALSE;January;TRUE
1299457;Data Engineer;Cape Town;;Full-time;FALSE;January;TRUE
1303401;Data Engineer;Cape Town;;Full-time;FALSE;January;TRUE
1303891;Data Engineer;Cape Town;;Full-time;FALSE;January;TRUE
1305365;Data Engineer;Cape Town;;Full-time;FALSE;January;TRUE
1307705;Data Engineer;Cape Town;;Full-time;FALSE;January;TRUE
1307974;Data Engineer;Cape Town;;Full-time;FALSE;January;FALSE
1307976;Data Engineer;Cape Town;;Full-time;FALSE;January;FALSE
1315307;Data Engineer;Cape Town;;Full-time;FALSE;January;FALSE
1315309;Data Engineer;Cape Town;;Full-time;FALSE;January;FALSE
1315310;Data Engineer;Cape Town;;Full-time;FALSE;January;TRUE
1320583;Data Engineer;Cape Town;;Full-time;FALSE;January;FALSE
1329763;Data Engineer;Cape Town;;Full-time;FALSE;January;FALSE
1329765;Data Engineer;Cape Town;;Full-time;FALSE;January;TRUE
1336124;Data Engineer;Cape Town;;Full-time;FALSE;January;FALSE
1495968;Data Engineer;Cape Town;;Full-time;FALSE;March;TRUE
1496166;Data Engineer;Cape Town;;Full-time;FALSE;March;FALSE
1496862;Data Engineer;Cape Town;;Full-time;FALSE;March;TRUE
1496999;Data Engineer;Cape Town;;Full-time;FALSE;March;FALSE
1497005;Data Engineer;Cape Town;;Full-time;FALSE;March;FALSE
1497016;Data Engineer;Cape Town;;Full-time;FALSE;March;FALSE
1497025;Data Engineer;Cape Town;;Full-time;FALSE;March;TRUE
1526089;Data Engineer;Cape Town;;Full-time;FALSE;April;FALSE
1526218;Data Engineer;Cape Town;;Full-time;FALSE;April;TRUE
1526223;Data Engineer;Cape Town;;Full-time;FALSE;April;TRUE
1526475;Data Engineer;Cape Town;;Full-time;FALSE;April;FALSE
1453735;Data Engineer;Cape Town;;Full-time;FALSE;March;TRUE
1455162;Data Engineer;Cape Town;;Full-time;FALSE;March;TRUE
1456565;Data Engineer;Cape Town;;Full-time;FALSE;March;TRUE
1458184;Data Engineer;Cape Town;;Full-time;FALSE;March;TRUE
1460614;Data Engineer;Cape Town;;Full-time;FALSE;March;TRUE
1462776;Data Engineer;Cape Town;;Full-time;FALSE;March;TRUE
1464836;Data Engineer;Cape Town;;Full-time;FALSE;March;TRUE
1467017;Data Engineer;Cape Town;;Full-time;FALSE;March;TRUE
1469294;Data Engineer;Cape Town;;Full-time;FALSE;March;TRUE
1470463;Data Engineer;Cape Town;;Full-time;FALSE;March;TRUE
1471841;Data Engineer;Cape Town;;Full-time;FALSE;March;TRUE
1473115;Data Engineer;Cape Town;;Full-time;FALSE;March;TRUE
1474581;Data Engineer;Cape Town;;Full-time;FALSE;March;TRUE
1476868;Data Engineer;Cape Town;;Full-time;FALSE;March;TRUE
1478813;Data Engineer;Cape Town;;Full-time;FALSE;March;TRUE
1479616;Data Engineer;Cape Town;;Full-time;FALSE;March;FALSE
1480425;Data Engineer;Cape Town;;Full-time;FALSE;March;FALSE
1480966;Data Engineer;Cape Town;;Full-time;FALSE;March;FALSE
1482304;Data Engineer;Cape Town;;Full-time;FALSE;March;TRUE
1482908;Data Engineer;Cape Town;;Full-time;FALSE;March;TRUE
1483112;Data Engineer;Cape Town;;Full-time;FALSE;March;FALSE
1483326;Data Engineer;Cape Town;;Full-time;FALSE;March;FALSE
1485990;Data Engineer;Cape Town;;Full-time;FALSE;March;FALSE
1485991;Data Engineer;Cape Town;;Full-time;FALSE;March;FALSE
1485994;Data Engineer;Cape Town;;Full-time;FALSE;March;FALSE
1487926;Data Engineer;Cape Town;;Full-time;FALSE;March;FALSE
1493586;Data Engineer;Cape Town;;Full-time;FALSE;March;TRUE
1494394;Data Engineer;Cape Town;;Full-time;FALSE;March;TRUE
1494524;Data Engineer;Cape Town;;Full-time;FALSE;March;TRUE
1512786;Data Engineer;Cape Town;;Full-time;FALSE;April;FALSE
1514924;Data Engineer;Cape Town;;Full-time;FALSE;April;TRUE
1517204;Data Engineer;Cape Town;;Full-time;FALSE;April;FALSE
1519583;Data Engineer;Cape Town;;Full-time;FALSE;April;FALSE
1520804;Data Engineer;Cape Town;;Full-time;FALSE;April;FALSE
1521170;Data Engineer;Cape Town;;Full-time;FALSE;April;FALSE
1522660;Data Engineer;Cape Town;;Full-time;FALSE;April;FALSE
1526669;Data Engineer;Cape Town;;Full-time;FALSE;April;FALSE
1528473;Data Engineer;Cape Town;;Full-time;FALSE;April;TRUE
1530176;Data Engineer;Cape Town;;Full-time;FALSE;April;TRUE
1530368;Data Engineer;Cape Town;;Full-time;FALSE;April;FALSE
1531379;Data Engineer;Cape Town;;Full-time;FALSE;April;FALSE
1534769;Data Engineer;Cape Town;;Full-time;FALSE;April;TRUE
1535278;Data Engineer;Cape Town;;Full-time;FALSE;April;TRUE
1535283;Data Engineer;Cape Town;;Full-time;FALSE;April;TRUE
1535368;Data Engineer;Cape Town;;Full-time;FALSE;April;TRUE
1537450;Data Engineer;Cape Town;;Full-time;FALSE;April;FALSE
1538607;Data Engineer;Cape Town;;Full-time;FALSE;April;FALSE
1539921;Data Engineer;Cape Town;;Full-time;FALSE;April;FALSE
1540980;Data Engineer;Cape Town;;Full-time;FALSE;April;FALSE
1541913;Data Engineer;Cape Town;;Full-time;FALSE;April;FALSE
1542854;Data Engineer;Cape Town;;Full-time;FALSE;April;FALSE
1543918;Data Engineer;Cape Town;;Full-time;FALSE;April;FALSE
1545015;Data Engineer;Cape Town;;Full-time;FALSE;April;FALSE
1546289;Data Engineer;Cape Town;;Full-time;FALSE;April;FALSE
1547736;Data Engineer;Cape Town;;Full-time;FALSE;May;FALSE
1550308;Data Engineer;Cape Town;;Full-time;FALSE;May;FALSE
1551237;Data Engineer;Cape Town;;Full-time;FALSE;May;FALSE
1551600;Data Engineer;Cape Town;;Full-time;FALSE;May;FALSE
1553496;Data Engineer;Cape Town;;Full-time;FALSE;May;FALSE
1554037;Data Engineer;Cape Town;;Full-time;FALSE;May;TRUE
1557996;Data Engineer;Cape Town;;Full-time;FALSE;May;FALSE
1559465;Data Engineer;Cape Town;;Full-time;FALSE;May;FALSE
1560363;Data Engineer;Cape Town;;Full-time;FALSE;May;FALSE
1564699;Data Engineer;Cape Town;;Full-time;FALSE;May;FALSE
1565998;Data Engineer;Cape Town;;Full-time;FALSE;May;FALSE
1567031;Data Engineer;Cape Town;;Full-time;FALSE;May;TRUE
1567393;Data Engineer;Cape Town;;Full-time;FALSE;May;TRUE
1571105;Data Engineer;Cape Town;;Full-time;FALSE;May;FALSE
1571611;Data Engineer;Cape Town;;Full-time;FALSE;May;FALSE
1571816;Data Engineer;Cape Town;;Full-time;FALSE;May;FALSE
1572797;Data Engineer;Cape Town;;Full-time;FALSE;May;TRUE
1572802;Data Engineer;Cape Town;;Full-time;FALSE;May;TRUE
1572804;Data Engineer;Cape Town;;Full-time;FALSE;May;TRUE
1573159;Data Engineer;Cape Town;;Full-time;FALSE;May;FALSE
1573168;Data Engineer;Cape Town;;Full-time;FALSE;May;TRUE
1573379;Data Engineer;Cape Town;;Full-time;FALSE;May;TRUE
1573827;Data Engineer;Cape Town;;Full-time;FALSE;May;TRUE
1575374;Data Engineer;Cape Town;;Full-time;FALSE;May;TRUE
52349;Data Scientist;Cape Town;BeBee;Full-time;FALSE;August;FALSE
133378;Data Scientist;Cape Town;BeBee;Full-time;FALSE;August;FALSE
146617;Data Scientist;Cape Town;BeBee;Full-time;FALSE;August;FALSE
160096;Data Scientist;Cape Town;BeBee;Full-time;FALSE;August;FALSE
336407;Data Scientist;Cape Town;BeBee;Full-time;FALSE;May;FALSE
532760;Data Scientist;Cape Town;BeBee;Full-time;FALSE;August;FALSE
625975;Data Scientist;Cape Town;BeBee;Full-time;FALSE;May;FALSE
940852;Data Scientist;Cape Town;BeBee;Full-time;FALSE;August;FALSE
976064;Data Scientist;Cape Town;BeBee;Full-time;FALSE;April;FALSE
1134059;Data Scientist;Cape Town;BeBee;Full-time;FALSE;August;FALSE
1256522;Data Scientist;Cape Town;BeBee;Full-time;FALSE;September;FALSE
1310456;Data Scientist;Cape Town;BeBee;Full-time;FALSE;August;FALSE
1346710;Data Scientist;Cape Town;BeBee;Full-time;FALSE;August;FALSE
1396787;Data Scientist;Cape Town;BeBee;Full-time;FALSE;April;FALSE
1590276;Data Scientist;Cape Town;BeBee;Full-time;FALSE;August;FALSE
467709;Data Scientist;Cape Town;BeBee;Full-time;FALSE;June;FALSE
749696;Data Scientist;Cape Town;BeBee;Full-time;FALSE;January;TRUE
1112289;Data Scientist;Cape Town;BeBee;Full-time;FALSE;February;FALSE
1305889;Data Scientist;Cape Town;BeBee;Full-time;FALSE;February;FALSE
299940;Data Scientist;Cape Town;BeBee;Full-time;FALSE;June;FALSE
318629;Data Scientist;Cape Town;BeBee;Full-time;FALSE;May;FALSE
434839;Data Scientist;Cape Town;BeBee;Full-time;FALSE;April;FALSE
822739;Data Scientist;Cape Town;BeBee;Full-time;FALSE;March;FALSE
904783;Data Scientist;Cape Town;BeBee;Full-time;FALSE;January;FALSE
1339775;Data Scientist;Cape Town;BeBee;Full-time;FALSE;January;FALSE
122642;Data Scientist;Cape Town;BeBee;Full-time;FALSE;August;TRUE
194749;Data Scientist;Cape Town;BeBee;Full-time;FALSE;September;FALSE
224198;Data Scientist;Cape Town;BeBee;Full-time;FALSE;August;FALSE
387692;Data Scientist;Cape Town;BeBee;Full-time;FALSE;March;FALSE
522256;Data Scientist;Cape Town;BeBee;Full-time;FALSE;March;FALSE
687842;Data Scientist;Cape Town;BeBee;Full-time;FALSE;August;FALSE
822685;Data Scientist;Cape Town;BeBee;Full-time;FALSE;January;FALSE
904125;Data Scientist;Cape Town;BeBee;Full-time;FALSE;June;FALSE
942469;Data Scientist;Cape Town;BeBee;Full-time;FALSE;February;FALSE
955228;Data Scientist;Cape Town;BeBee;Full-time;FALSE;August;FALSE
1200426;Data Scientist;Cape Town;BeBee;Full-time;FALSE;January;FALSE
1407387;Data Scientist;Cape Town;BeBee;Full-time;FALSE;August;FALSE
1550333;Data Scientist;Cape Town;BeBee;Full-time;FALSE;August;FALSE
1598900;Data Scientist;Cape Town;BeBee;Full-time;FALSE;June;FALSE
1648225;Data Scientist;Cape Town;BeBee;Full-time;FALSE;August;FALSE
1729920;Data Scientist;Cape Town;BeBee;Full-time;FALSE;August;FALSE
1777609;Data Scientist;Cape Town;BeBee;Full-time;FALSE;August;FALSE
552593;Data Scientist;Cape Town;BeBee;Full-time;FALSE;October;FALSE
1083525;Data Scientist;Cape Town;BeBee;Full-time;FALSE;February;FALSE
1168645;Data Scientist;Cape Town;BeBee;Full-time;FALSE;February;TRUE
1552442;Data Scientist;Cape Town;BeBee;Full-time;FALSE;June;FALSE
1661445;Data Scientist;Cape Town;BeBee;Full-time;FALSE;April;FALSE
847813;Data Scientist;Cape Town;BeBee;Full-time;FALSE;January;FALSE
1097351;Data Scientist;Cape Town;BeBee;Full-time;FALSE;July;FALSE
289749;Data Scientist;Cape Town;BeBee;Full-time;FALSE;April;FALSE
401116;Data Scientist;Cape Town;BeBee;Full-time;FALSE;March;FALSE
829325;Data Scientist;Cape Town;BeBee;Full-time;FALSE;June;TRUE
895396;Data Scientist;Cape Town;BeBee;Full-time;FALSE;June;FALSE
1252563;Data Scientist;Cape Town;BeBee;Full-time;FALSE;September;FALSE
1675732;Data Scientist;Cape Town;BeBee;Full-time;FALSE;April;FALSE
30640;Data Scientist;Cape Town;BeBee;Full-time;FALSE;February;FALSE
172622;Data Scientist;Cape Town;BeBee;Full-time;FALSE;January;FALSE
791909;Data Scientist;Cape Town;BeBee;Full-time;FALSE;April;FALSE
1316517;Data Scientist;Cape Town;BeBee;Full-time;FALSE;May;FALSE
1345005;Data Scientist;Cape Town;BeBee;Full-time;FALSE;April;FALSE
1753470;Data Scientist;Cape Town;BeBee;Full-time;FALSE;January;FALSE
227641;Data Scientist;Cape Town;BeBee;Full-time;FALSE;February;FALSE
444390;Data Scientist;Cape Town;BeBee;Full-time;FALSE;May;FALSE
812101;Data Scientist;Cape Town;BeBee;Full-time;FALSE;March;FALSE
281926;Data Scientist;Cape Town;BeBee;Full-time;FALSE;April;FALSE
98495;Data Scientist;Cape Town;BeBee;Full-time;FALSE;May;FALSE
28453;Data Scientist;Cape Town;BeBee;Full-time;FALSE;April;FALSE
345723;Data Scientist;Cape Town;BeBee;Full-time;FALSE;January;FALSE
450813;Data Scientist;Cape Town;BeBee;Full-time;FALSE;February;FALSE
1168723;Data Scientist;Cape Town;BeBee;Full-time;FALSE;April;FALSE
1301543;Data Scientist;Cape Town;BeBee;Full-time;FALSE;January;FALSE
28480;Data Scientist;Cape Town;BeBee;Full-time;FALSE;September;TRUE
22175;Data Scientist;Cape Town;BeBee;Full-time;FALSE;June;FALSE
296937;Data Scientist;Cape Town;BeBee;Full-time;FALSE;March;FALSE
506989;Data Scientist;Cape Town;BeBee;Full-time;FALSE;May;FALSE
821399;Data Scientist;Cape Town;BeBee;Full-time;FALSE;April;FALSE
1093610;Data Scientist;Cape Town;BeBee;Full-time;FALSE;June;FALSE
764349;Data Scientist;Cape Town;BeBee;Full-time;FALSE;May;FALSE
362907;Data Scientist;Cape Town;BeBee;Full-time;FALSE;August;FALSE
1735610;Data Scientist;Cape Town;BeBee;Full-time;FALSE;May;TRUE
455625;Data Scientist;Cape Town;BeBee;Full-time;FALSE;March;FALSE
456686;Data Scientist;Cape Town;BeBee;Full-time;FALSE;January;FALSE
70531;Data Scientist;Cape Town;BeBee;Full-time;FALSE;August;FALSE
296016;Data Scientist;Cape Town;BeBee;Full-time;FALSE;May;FALSE
361371;Data Scientist;Cape Town;BeBee;Full-time;FALSE;August;FALSE
412277;Data Scientist;Cape Town;BeBee;Full-time;FALSE;January;FALSE
420225;Data Scientist;Cape Town;BeBee;Full-time;FALSE;August;FALSE
427968;Data Scientist;Cape Town;BeBee;Full-time;FALSE;February;FALSE
603914;Data Scientist;Cape Town;BeBee;Full-time;FALSE;August;FALSE
653605;Data Scientist;Cape Town;BeBee;Full-time;FALSE;January;FALSE
972667;Data Scientist;Cape Town;BeBee;Full-time;FALSE;August;FALSE
1287157;Data Scientist;Cape Town;BeBee;Full-time;FALSE;August;FALSE
1293321;Data Scientist;Cape Town;BeBee;Full-time;FALSE;August;FALSE
1444521;Data Scientist;Cape Town;BeBee;Full-time;FALSE;August;FALSE
1507476;Data Scientist;Cape Town;BeBee;Full-time;FALSE;August;FALSE
402334;Data Scientist;Cape Town;BeBee;Full-time;FALSE;January;FALSE
653633;Data Scientist;Cape Town;BeBee;Full-time;FALSE;January;FALSE
1723457;Data Scientist;Cape Town;BeBee;Full-time;FALSE;March;FALSE
334639;Data Scientist;Cape Town;BeBee;Full-time;FALSE;July;FALSE
539566;Data Scientist;Cape Town;BeBee;Full-time;FALSE;April;TRUE
953020;Data Scientist;Cape Town;BeBee;Full-time;FALSE;January;FALSE
587955;Data Scientist;Cape Town;BeBee;Full-time;FALSE;April;FALSE
616799;Data Scientist;Cape Town;BeBee;Full-time;FALSE;September;FALSE
1268594;Data Scientist;Cape Town;BeBee;Full-time;FALSE;April;FALSE
755764;Data Scientist;Cape Town;BeBee;Full-time;FALSE;January;FALSE
362402;Data Scientist;Cape Town;BeBee;Full-time;FALSE;March;FALSE
591526;Data Scientist;Cape Town;BeBee;Full-time;FALSE;January;FALSE
987962;Data Scientist;Cape Town;BeBee;Full-time;FALSE;January;FALSE
6308;Data Scientist;Cape Town;BeBee;Full-time;FALSE;May;FALSE
514826;Data Scientist;Cape Town;BeBee;Full-time;FALSE;March;FALSE
902848;Data Scientist;Cape Town;BeBee;Full-time;FALSE;September;FALSE
1774682;Data Scientist;Cape Town;BeBee;Full-time;FALSE;April;FALSE
1108457;Data Scientist;Cape Town;BeBee;Full-time;FALSE;August;FALSE
1154487;Data Scientist;Cape Town;BeBee;Full-time;FALSE;January;TRUE
888142;Data Scientist;Cape Town;BeBee;Full-time;FALSE;February;TRUE
1686039;Data Scientist;Cape Town;BeBee;Full-time;FALSE;March;FALSE
348263;Data Scientist;Cape Town;BeBee;Full-time;FALSE;June;FALSE
1758242;Data Scientist;Cape Town;BeBee;Full-time;FALSE;June;FALSE
834945;Data Scientist;Cape Town;BeBee;Full-time;FALSE;June;FALSE
1210206;Data Scientist;Cape Town;BeBee;Full-time;FALSE;April;FALSE
247640;Data Analyst;Cape Town;BeBee;Full-time;FALSE;January;TRUE
52743;Data Analyst;Cape Town;BeBee;Full-time;FALSE;April;FALSE
321284;Data Analyst;Cape Town;BeBee;Full-time;FALSE;August;FALSE
346150;Data Analyst;Cape Town;BeBee;Full-time;FALSE;June;FALSE
448808;Data Analyst;Cape Town;BeBee;Full-time;FALSE;September;FALSE
457400;Data Analyst;Cape Town;BeBee;Full-time;FALSE;May;FALSE
532074;Data Analyst;Cape Town;BeBee;Full-time;FALSE;April;FALSE
740755;Data Analyst;Cape Town;BeBee;Full-time;FALSE;August;FALSE
856213;Data Analyst;Cape Town;BeBee;Full-time;FALSE;August;FALSE
1736088;Data Analyst;Cape Town;BeBee;Full-time;FALSE;September;FALSE
491035;Data Analyst;Cape Town;BeBee;Full-time;FALSE;August;FALSE
956131;Data Analyst;Cape Town;BeBee;Full-time;FALSE;January;FALSE
1337052;Data Analyst;Cape Town;BeBee;Full-time;FALSE;June;FALSE
22735;Data Analyst;Cape Town;BeBee;Full-time;FALSE;April;FALSE
1275892;Data Analyst;Cape Town;BeBee;Full-time;FALSE;January;FALSE
150007;Data Analyst;Cape Town;BeBee;Full-time;FALSE;February;TRUE
1668484;Data Analyst;Cape Town;BeBee;Full-time;FALSE;June;FALSE
15616;Data Analyst;Cape Town;BeBee;Full-time;FALSE;August;TRUE
24468;Data Analyst;Cape Town;BeBee;Full-time;FALSE;March;FALSE
53691;Data Analyst;Cape Town;BeBee;Full-time;FALSE;January;TRUE
63459;Data Analyst;Cape Town;BeBee;Full-time;FALSE;August;FALSE
75155;Data Analyst;Cape Town;BeBee;Full-time;FALSE;August;TRUE
81264;Data Analyst;Cape Town;BeBee;Full-time;FALSE;August;FALSE
113006;Data Analyst;Cape Town;BeBee;Full-time;FALSE;August;FALSE
141144;Data Analyst;Cape Town;BeBee;Full-time;FALSE;April;FALSE
307995;Data Analyst;Cape Town;BeBee;Full-time;FALSE;May;TRUE
362808;Data Analyst;Cape Town;BeBee;Full-time;FALSE;April;FALSE
368073;Data Analyst;Cape Town;BeBee;Full-time;FALSE;August;FALSE
836546;Data Analyst;Cape Town;BeBee;Full-time;FALSE;August;FALSE
844568;Data Analyst;Cape Town;BeBee;Full-time;FALSE;August;TRUE
938786;Data Analyst;Cape Town;BeBee;Full-time;FALSE;May;FALSE
1118211;Data Analyst;Cape Town;BeBee;Full-time;FALSE;June;FALSE
1193217;Data Analyst;Cape Town;BeBee;Full-time;FALSE;August;FALSE
1309269;Data Analyst;Cape Town;BeBee;Full-time;FALSE;September;FALSE
1323420;Data Analyst;Cape Town;BeBee;Full-time;FALSE;August;FALSE
1329900;Data Analyst;Cape Town;BeBee;Full-time;FALSE;August;TRUE
1582139;Data Analyst;Cape Town;BeBee;Full-time;FALSE;June;FALSE
1652587;Data Analyst;Cape Town;BeBee;Full-time;FALSE;September;FALSE
399902;Data Analyst;Cape Town;BeBee;Full-time;FALSE;January;FALSE
495447;Data Analyst;Cape Town;BeBee;Full-time;FALSE;January;FALSE
1779338;Data Analyst;Cape Town;BeBee;Full-time;FALSE;January;FALSE
1708284;Data Analyst;Cape Town;BeBee;Full-time;FALSE;January;TRUE
324995;Data Analyst;Cape Town;BeBee;Full-time;FALSE;April;FALSE
1376070;Data Analyst;Cape Town;BeBee;Full-time;FALSE;January;TRUE
1379327;Data Analyst;Cape Town;BeBee;Full-time;FALSE;September;TRUE
1488574;Data Analyst;Cape Town;BeBee;Full-time;FALSE;April;FALSE
1258925;Data Analyst;Cape Town;BeBee;Full-time;FALSE;May;FALSE
681419;Data Analyst;Cape Town;BeBee;Full-time;FALSE;April;FALSE
1787872;Data Analyst;Cape Town;BeBee;Full-time;FALSE;January;TRUE
358443;Data Analyst;Cape Town;BeBee;Full-time;FALSE;June;FALSE
405289;Data Analyst;Cape Town;BeBee;Full-time;FALSE;July;FALSE
861448;Data Analyst;Cape Town;BeBee;Full-time;FALSE;April;FALSE
2657;Data Analyst;Cape Town;BeBee;Full-time;FALSE;March;TRUE
879583;Data Analyst;Cape Town;BeBee;Full-time;FALSE;July;FALSE
1308446;Data Analyst;Cape Town;BeBee;Full-time;FALSE;May;TRUE
148704;Data Analyst;Cape Town;BeBee;Full-time;FALSE;April;TRUE
436088;Data Analyst;Cape Town;BeBee;Full-time;FALSE;January;TRUE
747470;Data Analyst;Cape Town;BeBee;Full-time;FALSE;August;TRUE
1045896;Data Analyst;Cape Town;BeBee;Full-time;FALSE;August;FALSE
32451;Data Analyst;Cape Town;BeBee;Full-time;FALSE;January;FALSE
24293;Data Analyst;Cape Town;BeBee;Full-time;FALSE;January;TRUE
512833;Data Analyst;Cape Town;BeBee;Full-time;FALSE;August;FALSE
853098;Data Analyst;Cape Town;BeBee;Full-time;FALSE;August;FALSE
968666;Data Analyst;Cape Town;BeBee;Full-time;FALSE;April;FALSE
424772;Data Analyst;Cape Town;BeBee;Full-time;FALSE;April;TRUE
559550;Data Analyst;Cape Town;BeBee;Full-time;FALSE;June;FALSE
656739;Data Analyst;Cape Town;BeBee;Full-time;FALSE;May;FALSE
261860;Data Analyst;Cape Town;BeBee;Full-time;FALSE;September;TRUE
1259516;Data Analyst;Cape Town;BeBee;Full-time;FALSE;May;FALSE
902022;Data Analyst;Cape Town;BeBee;Full-time;FALSE;June;TRUE
1700274;Data Analyst;Cape Town;BeBee;Full-time;FALSE;July;FALSE
437407;Data Analyst;Cape Town;BeBee;Full-time;FALSE;July;FALSE
629399;Data Analyst;Cape Town;BeBee;Full-time;FALSE;September;FALSE
790116;Data Analyst;Cape Town;BeBee;Full-time;FALSE;August;TRUE
454;Data Analyst;Cape Town;BeBee;Full-time;FALSE;January;FALSE
100581;Data Analyst;Cape Town;BeBee;Full-time;FALSE;January;FALSE
406964;Data Analyst;Cape Town;BeBee;Full-time;FALSE;May;TRUE
861243;Data Analyst;Cape Town;BeBee;Full-time;FALSE;September;FALSE
1251820;Data Analyst;Cape Town;BeBee;Full-time;FALSE;January;FALSE
22124;Data Analyst;Cape Town;BeBee;Full-time;FALSE;January;TRUE
1074416;Data Analyst;Cape Town;BeBee;Full-time;FALSE;January;TRUE
1757682;Data Analyst;Cape Town;BeBee;Full-time;FALSE;January;TRUE
200582;Data Analyst;Cape Town;BeBee;Full-time;FALSE;May;FALSE
729094;Data Analyst;Cape Town;BeBee;Full-time;FALSE;September;FALSE
21620;Data Analyst;Cape Town;BeBee;Full-time;FALSE;May;TRUE
376497;Data Analyst;Cape Town;BeBee;Full-time;FALSE;February;FALSE
677862;Data Analyst;Cape Town;BeBee;Full-time;FALSE;March;TRUE
860664;Data Analyst;Cape Town;BeBee;Full-time;FALSE;March;FALSE
972773;Data Analyst;Cape Town;BeBee;Full-time;FALSE;June;FALSE
692463;Data Analyst;Cape Town;BeBee;Full-time;FALSE;April;TRUE
1010502;Data Analyst;Cape Town;BeBee;Full-time;FALSE;August;TRUE
354144;Data Analyst;Cape Town;BeBee;Full-time;FALSE;January;TRUE
700442;Data Analyst;Cape Town;BeBee;Full-time;FALSE;April;FALSE
954395;Data Analyst;Cape Town;BeBee;Full-time;FALSE;January;FALSE
444140;Software Engineer;Cape Town;BeBee;Full-time;FALSE;May;TRUE
765587;Software Engineer;Cape Town;BeBee;Full-time;FALSE;January;FALSE
910214;Software Engineer;Cape Town;BeBee;Full-time;FALSE;February;FALSE
1265770;Software Engineer;Cape Town;BeBee;Full-time;FALSE;April;FALSE
809679;Software Engineer;Cape Town;BeBee;Full-time;FALSE;July;TRUE
1113653;Software Engineer;Cape Town;BeBee;Full-time;FALSE;February;FALSE
1504056;Software Engineer;Cape Town;BeBee;Full-time;FALSE;January;FALSE
1759303;Software Engineer;Cape Town;BeBee;Full-time;FALSE;March;TRUE
56684;Software Engineer;Cape Town;BeBee;Full-time;FALSE;February;FALSE
518021;Software Engineer;Cape Town;BeBee;Full-time;FALSE;April;TRUE
76098;Software Engineer;Cape Town;BeBee;Full-time;FALSE;April;FALSE
65453;Software Engineer;Cape Town;BeBee;Full-time;FALSE;March;TRUE
684255;Software Engineer;Cape Town;BeBee;Full-time;FALSE;February;TRUE
879211;Software Engineer;Cape Town;BeBee;Full-time;FALSE;March;TRUE
969358;Software Engineer;Cape Town;BeBee;Full-time;FALSE;March;FALSE
1137804;Software Engineer;Cape Town;BeBee;Full-time;FALSE;March;TRUE
1632979;Software Engineer;Cape Town;BeBee;Full-time;FALSE;March;FALSE
72466;Software Engineer;Cape Town;BeBee;Full-time;FALSE;February;FALSE
91422;Software Engineer;Cape Town;BeBee;Full-time;FALSE;January;FALSE
205436;Software Engineer;Cape Town;BeBee;Full-time;FALSE;February;FALSE
464352;Software Engineer;Cape Town;BeBee;Full-time;FALSE;August;FALSE
1354800;Software Engineer;Cape Town;BeBee;Full-time;FALSE;January;FALSE
1686861;Software Engineer;Cape Town;BeBee;Full-time;FALSE;January;FALSE
417972;Software Engineer;Cape Town;BeBee;Full-time;FALSE;January;FALSE
236332;Software Engineer;Cape Town;BeBee;Full-time;FALSE;April;FALSE
476459;Software Engineer;Cape Town;BeBee;Full-time;FALSE;February;FALSE
503601;Software Engineer;Cape Town;BeBee;Full-time;FALSE;February;TRUE
521935;Software Engineer;Cape Town;BeBee;Full-time;FALSE;February;FALSE
943171;Software Engineer;Cape Town;BeBee;Full-time;FALSE;February;FALSE
944200;Software Engineer;Cape Town;BeBee;Full-time;FALSE;March;TRUE
831122;Software Engineer;Cape Town;BeBee;Full-time;FALSE;March;TRUE
1636328;Software Engineer;Cape Town;BeBee;Full-time;FALSE;August;TRUE
1320076;Software Engineer;Cape Town;BeBee;Full-time;FALSE;August;FALSE
982205;Software Engineer;Cape Town;BeBee;Full-time;FALSE;March;FALSE
1370566;Software Engineer;Cape Town;BeBee;Full-time;FALSE;February;FALSE
955926;Software Engineer;Cape Town;BeBee;Full-time;FALSE;January;FALSE
1428379;Software Engineer;Cape Town;BeBee;Full-time;FALSE;January;FALSE
500306;Software Engineer;Cape Town;BeBee;Full-time;FALSE;May;FALSE
868188;Software Engineer;Cape Town;BeBee;Full-time;FALSE;March;FALSE
339279;Software Engineer;Cape Town;BeBee;Full-time;FALSE;May;FALSE
1164185;Software Engineer;Cape Town;BeBee;Full-time;FALSE;May;FALSE
385002;Software Engineer;Cape Town;BeBee;Full-time;FALSE;April;TRUE
692094;Software Engineer;Cape Town;BeBee;Full-time;FALSE;May;FALSE
952802;Software Engineer;Cape Town;BeBee;Full-time;FALSE;January;TRUE
1281066;Software Engineer;Cape Town;BeBee;Full-time;FALSE;July;FALSE
755079;Software Engineer;Cape Town;BeBee;Full-time;FALSE;August;TRUE
421142;Software Engineer;Cape Town;BeBee;Full-time;FALSE;January;FALSE
1405017;Software Engineer;Cape Town;BeBee;Full-time;FALSE;September;TRUE
1805848;Software Engineer;Cape Town;BeBee;Full-time;FALSE;January;FALSE
355245;Software Engineer;Cape Town;BeBee;Full-time;FALSE;February;FALSE
393943;Software Engineer;Cape Town;BeBee;Full-time;FALSE;January;FALSE
394046;Software Engineer;Cape Town;BeBee;Full-time;FALSE;January;FALSE
1084203;Software Engineer;Cape Town;BeBee;Full-time;FALSE;June;TRUE
567542;Software Engineer;Cape Town;BeBee;Full-time;FALSE;January;FALSE
597929;Software Engineer;Cape Town;BeBee;Full-time;FALSE;March;FALSE
433000;Software Engineer;Cape Town;BeBee;Full-time;FALSE;January;TRUE
1823979;Software Engineer;Cape Town;BeBee;Full-time;FALSE;February;FALSE
115377;Software Engineer;Cape Town;BeBee;Full-time;FALSE;June;FALSE
573819;Software Engineer;Cape Town;BeBee;Full-time;FALSE;January;TRUE
32425;Software Engineer;Cape Town;BeBee;Full-time;FALSE;August;TRUE
1295422;Software Engineer;Cape Town;BeBee;Full-time;FALSE;September;TRUE
321818;Software Engineer;Cape Town;BeBee;Full-time;FALSE;February;FALSE
418836;Software Engineer;Cape Town;BeBee;Full-time;FALSE;February;TRUE
795155;Software Engineer;Cape Town;BeBee;Full-time;FALSE;January;FALSE
709442;Software Engineer;Cape Town;BeBee;Full-time;FALSE;February;FALSE
1752144;Software Engineer;Cape Town;BeBee;Full-time;FALSE;January;TRUE
286575;Senior Data Analyst;Cape Town;BeBee;Full-time;FALSE;January;TRUE
713749;Cloud Engineer;Cape Town;BeBee;Full-time;FALSE;February;FALSE
62087;Senior Data Scientist;Cape Town;BeBee;Full-time;FALSE;August;FALSE
320097;Senior Data Scientist;Cape Town;BeBee;Full-time;FALSE;August;FALSE
367326;Senior Data Scientist;Cape Town;BeBee;Full-time;FALSE;August;FALSE
490604;Senior Data Engineer;Cape Town;BeBee;Full-time;FALSE;May;TRUE
827562;Senior Data Scientist;Cape Town;BeBee;Full-time;FALSE;August;FALSE
971023;Senior Data Scientist;Cape Town;BeBee;Full-time;FALSE;August;FALSE
1632930;Senior Data Scientist;Cape Town;BeBee;Full-time;FALSE;August;FALSE
162;Machine Learning Engineer;Cape Town;BeBee;Full-time;FALSE;February;FALSE
192074;Senior Data Scientist;Cape Town;BeBee;Full-time;FALSE;August;FALSE
1343552;Cloud Engineer;Cape Town;BeBee;Full-time;FALSE;March;FALSE
479494;Cloud Engineer;Cape Town;BeBee;Full-time;FALSE;May;FALSE
666674;Senior Data Engineer;Cape Town;BeBee;Full-time;FALSE;April;FALSE
882532;Senior Data Scientist;Cape Town;BeBee;Full-time;FALSE;June;FALSE
1207739;Cloud Engineer;Cape Town;BeBee;Full-time;FALSE;May;FALSE
285505;Machine Learning Engineer;Cape Town;BeBee;Full-time;FALSE;March;FALSE
814205;Senior Data Scientist;Cape Town;BeBee;Full-time;FALSE;September;FALSE
900569;Business Analyst;Cape Town;BeBee;Full-time;FALSE;September;FALSE
931036;Senior Data Analyst;Cape Town;BeBee;Full-time;FALSE;April;TRUE
958247;Machine Learning Engineer;Cape Town;BeBee;Full-time;FALSE;August;FALSE
1466444;Senior Data Engineer;Cape Town;BeBee;Full-time;FALSE;January;FALSE
11916;Senior Data Scientist;Cape Town;BeBee;Full-time;FALSE;January;FALSE
48481;Machine Learning Engineer;Cape Town;BeBee;Full-time;FALSE;August;FALSE
56331;Senior Data Scientist;Cape Town;BeBee;Full-time;FALSE;August;FALSE
259015;Cloud Engineer;Cape Town;BeBee;Full-time;FALSE;August;FALSE
299365;Cloud Engineer;Cape Town;BeBee;Full-time;FALSE;January;FALSE
312697;Senior Data Engineer;Cape Town;BeBee;Full-time;FALSE;March;FALSE
323653;Senior Data Scientist;Cape Town;BeBee;Full-time;FALSE;August;FALSE
383124;Senior Data Analyst;Cape Town;BeBee;Full-time;FALSE;January;TRUE
392454;Machine Learning Engineer;Cape Town;BeBee;Full-time;FALSE;June;FALSE
510013;Senior Data Analyst;Cape Town;BeBee;Full-time;FALSE;May;FALSE
544051;Senior Data Scientist;Cape Town;BeBee;Full-time;FALSE;August;FALSE
619658;Senior Data Scientist;Cape Town;BeBee;Full-time;FALSE;July;FALSE
666425;Senior Data Analyst;Cape Town;BeBee;Full-time;FALSE;June;FALSE
853722;Senior Data Analyst;Cape Town;BeBee;Full-time;FALSE;January;TRUE
1008942;Senior Data Scientist;Cape Town;BeBee;Full-time;FALSE;August;FALSE
1070852;Senior Data Engineer;Cape Town;BeBee;Full-time;FALSE;January;FALSE
1276785;Senior Data Engineer;Cape Town;BeBee;Full-time;FALSE;February;FALSE
1312109;Senior Data Engineer;Cape Town;BeBee;Full-time;FALSE;January;TRUE
1339063;Machine Learning Engineer;Cape Town;BeBee;Full-time;FALSE;July;FALSE
1521150;Machine Learning Engineer;Cape Town;BeBee;Full-time;FALSE;February;FALSE
1567270;Business Analyst;Cape Town;BeBee;Full-time;FALSE;June;TRUE
1590462;Senior Data Scientist;Cape Town;BeBee;Full-time;FALSE;August;FALSE
1710071;Cloud Engineer;Cape Town;BeBee;Full-time;FALSE;June;FALSE
79736;Senior Data Engineer;Cape Town;BeBee;Full-time;FALSE;March;FALSE
179743;Senior Data Scientist;Cape Town;BeBee;Full-time;FALSE;July;FALSE
193736;Senior Data Engineer;Cape Town;BeBee;Full-time;FALSE;March;FALSE
297379;Senior Data Scientist;Cape Town;BeBee;Full-time;FALSE;January;FALSE
351197;Business Analyst;Cape Town;BeBee;Full-time;FALSE;July;TRUE
415241;Machine Learning Engineer;Cape Town;BeBee;Full-time;FALSE;March;FALSE
443605;Senior Data Engineer;Cape Town;BeBee;Full-time;FALSE;May;FALSE
957357;Machine Learning Engineer;Cape Town;BeBee;Full-time;FALSE;April;FALSE
1202209;Cloud Engineer;Cape Town;BeBee;Full-time;FALSE;July;FALSE
1696486;Cloud Engineer;Cape Town;BeBee;Full-time;FALSE;February;FALSE
72238;Business Analyst;Cape Town;BeBee;Full-time;FALSE;June;FALSE
560849;Machine Learning Engineer;Cape Town;BeBee;Full-time;FALSE;January;FALSE
1421552;Senior Data Scientist;Cape Town;BeBee;Full-time;FALSE;January;FALSE
41299;Senior Data Scientist;Cape Town;BeBee;Full-time;FALSE;April;FALSE
357619;Senior Data Engineer;Cape Town;BeBee;Full-time;FALSE;March;FALSE
388647;Cloud Engineer;Cape Town;BeBee;Full-time;FALSE;February;FALSE
421326;Senior Data Scientist;Cape Town;BeBee;Full-time;FALSE;February;FALSE
733025;Machine Learning Engineer;Cape Town;BeBee;Full-time;FALSE;April;FALSE
792919;Machine Learning Engineer;Cape Town;BeBee;Full-time;FALSE;March;FALSE
901783;Cloud Engineer;Cape Town;BeBee;Full-time;FALSE;January;FALSE
967906;Senior Data Analyst;Cape Town;BeBee;Full-time;FALSE;March;FALSE
1124024;Senior Data Engineer;Cape Town;BeBee;Full-time;FALSE;March;FALSE
1334657;Senior Data Scientist;Cape Town;BeBee;Full-time;FALSE;June;FALSE
720030;Senior Data Engineer;Cape Town;BeBee;Full-time;FALSE;January;TRUE
1286850;Senior Data Analyst;Cape Town;BeBee;Full-time;FALSE;February;TRUE
387440;Cloud Engineer;Cape Town;BeBee;Full-time;FALSE;March;TRUE
403548;Senior Data Engineer;Cape Town;BeBee;Full-time;FALSE;January;FALSE
429153;Senior Data Engineer;Cape Town;BeBee;Full-time;FALSE;April;FALSE
809887;Machine Learning Engineer;Cape Town;BeBee;Full-time;FALSE;February;FALSE
1725578;Cloud Engineer;Cape Town;BeBee;Full-time;FALSE;May;FALSE
31243;Business Analyst;Cape Town;BeBee;Full-time;FALSE;June;FALSE
366719;Senior Data Engineer;Cape Town;BeBee;Full-time;FALSE;April;FALSE
1201049;Cloud Engineer;Cape Town;BeBee;Full-time;FALSE;January;FALSE
1389196;Machine Learning Engineer;Cape Town;BeBee;Full-time;FALSE;January;FALSE
297988;Senior Data Scientist;Cape Town;BeBee;Full-time;FALSE;May;FALSE
426804;Cloud Engineer;Cape Town;BeBee;Full-time;FALSE;February;TRUE
1468531;Business Analyst;Cape Town;BeBee;Full-time;FALSE;March;FALSE
1580628;Senior Data Analyst;Cape Town;BeBee;Full-time;FALSE;June;FALSE
971074;Senior Data Scientist;Cape Town;BeBee;Full-time;FALSE;June;FALSE
1073745;Senior Data Engineer;Cape Town;BeBee;Full-time;FALSE;May;FALSE
535846;Senior Data Engineer;Cape Town;BeBee;Full-time;FALSE;July;TRUE
82383;Senior Data Engineer;Cape Town;BeBee;Full-time;FALSE;May;FALSE
386234;Senior Data Analyst;Cape Town;BeBee;Full-time;FALSE;April;FALSE
439869;Cloud Engineer;Cape Town;BeBee;Full-time;FALSE;September;FALSE
448252;Cloud Engineer;Cape Town;BeBee;Full-time;FALSE;February;FALSE
480881;Senior Data Scientist;Cape Town;BeBee;Full-time;FALSE;March;FALSE
859201;Business Analyst;Cape Town;BeBee;Full-time;FALSE;May;TRUE
1491769;Senior Data Engineer;Cape Town;BeBee;Full-time;FALSE;May;TRUE
57968;Senior Data Engineer;Cape Town;BeBee;Full-time;FALSE;March;FALSE
147260;Business Analyst;Cape Town;BeBee;Full-time;FALSE;September;FALSE
210226;Senior Data Engineer;Cape Town;BeBee;Full-time;FALSE;May;TRUE
111882;Senior Data Scientist;Cape Town;BeBee;Full-time;FALSE;May;FALSE
199635;Machine Learning Engineer;Cape Town;BeBee;Full-time;FALSE;April;FALSE
320542;Business Analyst;Cape Town;BeBee;Full-time;FALSE;January;TRUE
527032;Cloud Engineer;Cape Town;BeBee;Full-time;FALSE;January;FALSE
639017;Senior Data Analyst;Cape Town;BeBee;Full-time;FALSE;May;FALSE
960049;Senior Data Engineer;Cape Town;BeBee;Full-time;FALSE;January;TRUE
936909;Senior Data Scientist;Cape Town;BeBee;Full-time;FALSE;January;FALSE
1387757;Senior Data Engineer;Cape Town;BeBee;Full-time;FALSE;June;FALSE
86853;Senior Data Scientist;Cape Town;BeBee;Full-time;FALSE;May;FALSE
125711;Senior Data Scientist;Cape Town;BeBee;Full-time;FALSE;August;FALSE
6566;Senior Data Engineer;Cape Town;BeBee;Full-time;FALSE;January;FALSE
491902;Senior Data Analyst;Cape Town;BeBee;Full-time;FALSE;July;FALSE
568348;Business Analyst;Cape Town;BeBee;Full-time;FALSE;August;FALSE
1050634;Senior Data Engineer;Cape Town;BeBee;Full-time;FALSE;January;TRUE
1065442;Senior Data Scientist;Cape Town;BeBee;Full-time;FALSE;July;FALSE
1186279;Senior Data Engineer;Cape Town;BeBee;Full-time;FALSE;February;FALSE
1442964;Senior Data Scientist;Cape Town;BeBee;Full-time;FALSE;August;FALSE
1453379;Senior Data Scientist;Cape Town;BeBee;Full-time;FALSE;June;FALSE
13831;Senior Data Engineer;Cape Town;BeBee;Full-time;FALSE;March;FALSE
141607;Senior Data Engineer;Cape Town;BeBee;Full-time;FALSE;March;FALSE
192058;Machine Learning Engineer;Cape Town;BeBee;Full-time;FALSE;March;FALSE
373562;Senior Data Scientist;Cape Town;BeBee;Full-time;FALSE;May;FALSE
477291;Cloud Engineer;Cape Town;BeBee;Full-time;FALSE;January;FALSE
1287346;Machine Learning Engineer;Cape Town;BeBee;Full-time;FALSE;February;FALSE
1775657;Senior Data Engineer;Cape Town;BeBee;Full-time;FALSE;September;FALSE
820944;Senior Data Scientist;Cape Town;BeBee;Full-time;FALSE;June;FALSE
889687;Senior Data Scientist;Cape Town;BeBee;Full-time;FALSE;January;FALSE
381175;Senior Data Engineer;Cape Town;BeBee;Full-time;FALSE;January;FALSE
162958;Senior Data Scientist;Cape Town;BeBee;Full-time;FALSE;August;FALSE
194898;Cloud Engineer;Cape Town;BeBee;Full-time;FALSE;September;TRUE
354474;Senior Data Scientist;Cape Town;BeBee;Full-time;FALSE;July;FALSE
1041680;Business Analyst;Cape Town;BeBee;Full-time;FALSE;April;TRUE
1663463;Senior Data Engineer;Cape Town;BeBee;Full-time;FALSE;August;TRUE
1384827;Cloud Engineer;Cape Town;BeBee;Full-time;FALSE;June;TRUE
41367;Cloud Engineer;Cape Town;BeBee;Full-time;FALSE;May;TRUE
1196215;Senior Data Engineer;Cape Town;BeBee;Full-time;FALSE;January;FALSE
1330212;Senior Data Engineer;Cape Town;BeBee;Full-time;FALSE;September;FALSE
102555;Senior Data Analyst;Cape Town;BeBee;Full-time;FALSE;July;TRUE
572409;Business Analyst;Cape Town;BeBee;Full-time;FALSE;August;FALSE
1538291;Cloud Engineer;Cape Town;BeBee;Full-time;FALSE;August;FALSE
84220;Senior Data Engineer;Cape Town;BeBee;Full-time;FALSE;January;FALSE
660791;Cloud Engineer;Cape Town;BeBee;Full-time;FALSE;January;TRUE
728741;Senior Data Scientist;Cape Town;BeBee;Full-time;FALSE;January;FALSE
770630;Senior Data Engineer;Cape Town;BeBee;Full-time;FALSE;February;FALSE
1805940;Senior Data Analyst;Cape Town;BeBee;Full-time;FALSE;September;FALSE
1808540;Cloud Engineer;Cape Town;BeBee;Full-time;FALSE;January;FALSE
889883;Cloud Engineer;Cape Town;BeBee;Full-time;FALSE;August;FALSE
1005303;Cloud Engineer;Cape Town;BeBee;Full-time;FALSE;September;FALSE
1022393;Cloud Engineer;Cape Town;BeBee;Full-time;FALSE;February;TRUE
1271433;Senior Data Scientist;Cape Town;BeBee;Full-time;FALSE;February;FALSE
1674523;Machine Learning Engineer;Cape Town;BeBee;Full-time;FALSE;February;FALSE
29828;Business Analyst;Cape Town;BeBee;Full-time;FALSE;March;FALSE
482494;Senior Data Scientist;Cape Town;BeBee;Full-time;FALSE;March;FALSE
1130897;Senior Data Analyst;Cape Town;BeBee;Full-time;FALSE;August;FALSE
688178;Business Analyst;Cape Town;BeBee;Full-time;FALSE;June;FALSE
1514504;Senior Data Engineer;Cape Town;BeBee;Full-time;FALSE;March;FALSE
62295;Senior Data Engineer;Cape Town;BeBee;Full-time;FALSE;January;TRUE
192725;Senior Data Engineer;Cape Town;BeBee;Full-time;FALSE;March;FALSE
331706;Senior Data Engineer;Cape Town;BeBee;Full-time;FALSE;March;FALSE
1608250;Senior Data Scientist;Cape Town;BeBee;Full-time;FALSE;January;FALSE
1202043;Data Engineer;Cape Town;BeBee;Full-time;FALSE;April;TRUE
402314;Data Engineer;Cape Town;BeBee;Full-time;FALSE;January;TRUE
691497;Data Engineer;Cape Town;BeBee;Full-time;FALSE;May;TRUE
1428230;Data Engineer;Cape Town;BeBee;Full-time;FALSE;February;TRUE
337934;Data Engineer;Cape Town;BeBee;Full-time;FALSE;April;TRUE
933663;Data Engineer;Cape Town;BeBee;Full-time;FALSE;August;TRUE
1623994;Data Engineer;Cape Town;BeBee;Full-time;FALSE;August;TRUE
708089;Data Engineer;Cape Town;BeBee;Full-time;FALSE;April;TRUE
346730;Data Engineer;Cape Town;BeBee;Full-time;FALSE;June;TRUE
562644;Data Engineer;Cape Town;BeBee;Full-time;FALSE;April;TRUE
693185;Data Engineer;Cape Town;BeBee;Full-time;FALSE;April;TRUE
107462;Data Engineer;Cape Town;BeBee;Full-time;FALSE;April;TRUE
108887;Data Engineer;Cape Town;BeBee;Full-time;FALSE;August;TRUE
389155;Data Engineer;Cape Town;BeBee;Full-time;FALSE;April;TRUE
720725;Data Engineer;Cape Town;BeBee;Full-time;FALSE;February;TRUE
813224;Data Engineer;Cape Town;BeBee;Full-time;FALSE;January;TRUE
867779;Data Engineer;Cape Town;BeBee;Full-time;FALSE;April;TRUE
924900;Data Engineer;Cape Town;BeBee;Full-time;FALSE;August;TRUE
1001429;Data Engineer;Cape Town;BeBee;Full-time;FALSE;July;TRUE
1096433;Data Engineer;Cape Town;BeBee;Full-time;FALSE;January;TRUE
1236366;Data Engineer;Cape Town;BeBee;Full-time;FALSE;January;TRUE
784201;Data Engineer;Cape Town;BeBee;Full-time;FALSE;February;TRUE
29590;Data Engineer;Cape Town;BeBee;Full-time;FALSE;January;TRUE
429727;Data Engineer;Cape Town;BeBee;Full-time;FALSE;August;TRUE
998393;Data Engineer;Cape Town;BeBee;Full-time;FALSE;January;TRUE
1640554;Data Engineer;Cape Town;BeBee;Full-time;FALSE;April;TRUE
237686;Data Engineer;Cape Town;BeBee;Full-time;FALSE;April;TRUE
330081;Data Engineer;Cape Town;BeBee;Full-time;FALSE;April;TRUE
448542;Data Engineer;Cape Town;BeBee;Full-time;FALSE;February;TRUE
744040;Data Engineer;Cape Town;BeBee;Full-time;FALSE;February;TRUE
1064455;Data Engineer;Cape Town;BeBee;Full-time;FALSE;February;TRUE
41392;Data Engineer;Cape Town;BeBee;Full-time;FALSE;February;TRUE
145329;Data Engineer;Cape Town;BeBee;Full-time;FALSE;March;TRUE
171270;Data Engineer;Cape Town;BeBee;Full-time;FALSE;September;TRUE
1657931;Data Engineer;Cape Town;BeBee;Full-time;FALSE;March;TRUE
414262;Data Engineer;Cape Town;BeBee;Full-time;FALSE;April;TRUE
1294095;Data Engineer;Cape Town;BeBee;Full-time;FALSE;May;TRUE
313625;Data Engineer;Cape Town;BeBee;Full-time;FALSE;May;TRUE
595189;Data Engineer;Cape Town;BeBee;Full-time;FALSE;September;TRUE
907515;Data Engineer;Cape Town;BeBee;Full-time;FALSE;May;TRUE
74921;Data Engineer;Cape Town;BeBee;Full-time;FALSE;June;TRUE
323003;Data Engineer;Cape Town;BeBee;Full-time;FALSE;March;TRUE
82780;Data Engineer;Cape Town;BeBee;Full-time;FALSE;June;TRUE
2525;Data Engineer;Cape Town;BeBee;Full-time;FALSE;January;TRUE
613069;Data Engineer;Cape Town;BeBee;Full-time;FALSE;January;TRUE
234825;Data Engineer;Cape Town;BeBee;Full-time;FALSE;March;TRUE
282007;Data Engineer;Cape Town;BeBee;Full-time;FALSE;May;TRUE
304123;Data Engineer;Cape Town;BeBee;Full-time;FALSE;March;TRUE
361245;Data Engineer;Cape Town;BeBee;Full-time;FALSE;May;TRUE
559804;Data Engineer;Cape Town;BeBee;Full-time;FALSE;March;TRUE
114481;Data Engineer;Cape Town;BeBee;Full-time;FALSE;March;TRUE
938985;Data Engineer;Cape Town;BeBee;Full-time;FALSE;June;TRUE
1496865;Data Engineer;Cape Town;BeBee;Full-time;FALSE;April;TRUE
728262;Data Engineer;Cape Town;BeBee;Full-time;FALSE;January;TRUE
1725364;Data Engineer;Cape Town;BeBee;Full-time;FALSE;April;TRUE
603980;Data Engineer;Cape Town;BeBee;Full-time;FALSE;January;TRUE
744212;Data Engineer;Cape Town;BeBee;Full-time;FALSE;February;TRUE
1349315;Data Engineer;Cape Town;BeBee;Full-time;FALSE;June;TRUE
1467850;Data Engineer;Cape Town;BeBee;Full-time;FALSE;February;TRUE
305616;Data Engineer;Cape Town;BeBee;Full-time;FALSE;March;FALSE
432322;Data Engineer;Cape Town;BeBee;Full-time;FALSE;June;FALSE
1615033;Data Engineer;Cape Town;BeBee;Full-time;FALSE;March;FALSE
35369;Data Engineer;Cape Town;BeBee;Full-time;FALSE;April;FALSE
206059;Data Engineer;Cape Town;BeBee;Full-time;FALSE;May;FALSE
249786;Data Engineer;Cape Town;BeBee;Full-time;FALSE;February;FALSE
741125;Data Engineer;Cape Town;BeBee;Full-time;FALSE;July;FALSE
875029;Data Engineer;Cape Town;BeBee;Full-time;FALSE;April;FALSE
906620;Data Engineer;Cape Town;BeBee;Full-time;FALSE;September;FALSE
1246668;Data Engineer;Cape Town;BeBee;Full-time;FALSE;August;FALSE
1322677;Data Engineer;Cape Town;BeBee;Full-time;FALSE;April;FALSE
1591072;Data Engineer;Cape Town;BeBee;Full-time;FALSE;August;FALSE
1608816;Data Engineer;Cape Town;BeBee;Full-time;FALSE;May;FALSE
11497;Data Engineer;Cape Town;BeBee;Full-time;FALSE;January;FALSE
389623;Data Engineer;Cape Town;BeBee;Full-time;FALSE;April;FALSE
457227;Data Engineer;Cape Town;BeBee;Full-time;FALSE;March;FALSE
867294;Data Engineer;Cape Town;BeBee;Full-time;FALSE;June;FALSE
1521;Data Engineer;Cape Town;BeBee;Full-time;FALSE;April;FALSE
12521;Data Engineer;Cape Town;BeBee;Full-time;FALSE;April;FALSE
235497;Data Engineer;Cape Town;BeBee;Full-time;FALSE;June;FALSE
268555;Data Engineer;Cape Town;BeBee;Full-time;FALSE;March;FALSE
349495;Data Engineer;Cape Town;BeBee;Full-time;FALSE;January;FALSE
674627;Data Engineer;Cape Town;BeBee;Full-time;FALSE;August;FALSE
714407;Data Engineer;Cape Town;BeBee;Full-time;FALSE;August;FALSE
852609;Data Engineer;Cape Town;BeBee;Full-time;FALSE;May;FALSE
884638;Data Engineer;Cape Town;BeBee;Full-time;FALSE;June;FALSE
1334506;Data Engineer;Cape Town;BeBee;Full-time;FALSE;March;FALSE
389497;Data Engineer;Cape Town;BeBee;Full-time;FALSE;February;FALSE
1282912;Data Engineer;Cape Town;BeBee;Full-time;FALSE;June;FALSE
1454653;Data Engineer;Cape Town;BeBee;Full-time;FALSE;September;FALSE
19914;Data Engineer;Cape Town;BeBee;Full-time;FALSE;January;FALSE
41440;Data Engineer;Cape Town;BeBee;Full-time;FALSE;February;FALSE
48589;Data Engineer;Cape Town;BeBee;Full-time;FALSE;January;FALSE
86430;Data Engineer;Cape Town;BeBee;Full-time;FALSE;August;FALSE
91429;Data Engineer;Cape Town;BeBee;Full-time;FALSE;January;FALSE
110938;Data Engineer;Cape Town;BeBee;Full-time;FALSE;March;FALSE
182724;Data Engineer;Cape Town;BeBee;Full-time;FALSE;April;FALSE
432102;Data Engineer;Cape Town;BeBee;Full-time;FALSE;January;FALSE
458723;Data Engineer;Cape Town;BeBee;Full-time;FALSE;April;FALSE
466052;Data Engineer;Cape Town;BeBee;Full-time;FALSE;August;FALSE
551622;Data Engineer;Cape Town;BeBee;Full-time;FALSE;July;FALSE
655248;Data Engineer;Cape Town;BeBee;Full-time;FALSE;January;FALSE
801303;Data Engineer;Cape Town;BeBee;Full-time;FALSE;June;FALSE
865191;Data Engineer;Cape Town;BeBee;Full-time;FALSE;June;FALSE
938762;Data Engineer;Cape Town;BeBee;Full-time;FALSE;May;FALSE
1057879;Data Engineer;Cape Town;BeBee;Full-time;FALSE;August;FALSE
1309724;Data Engineer;Cape Town;BeBee;Full-time;FALSE;June;FALSE
1503100;Data Engineer;Cape Town;BeBee;Full-time;FALSE;June;FALSE
1813779;Data Engineer;Cape Town;BeBee;Full-time;FALSE;August;FALSE
4098;Data Engineer;Cape Town;BeBee;Full-time;FALSE;March;FALSE
148259;Data Engineer;Cape Town;BeBee;Full-time;FALSE;March;FALSE
221093;Data Engineer;Cape Town;BeBee;Full-time;FALSE;March;FALSE
478340;Data Engineer;Cape Town;BeBee;Full-time;FALSE;April;FALSE
819787;Data Engineer;Cape Town;BeBee;Full-time;FALSE;March;FALSE
1674614;Data Engineer;Cape Town;BeBee;Full-time;FALSE;February;FALSE
317586;Data Engineer;Cape Town;BeBee;Full-time;FALSE;June;FALSE
694959;Data Engineer;Cape Town;BeBee;Full-time;FALSE;August;FALSE
1128549;Data Engineer;Cape Town;BeBee;Full-time;FALSE;July;FALSE
61579;Data Engineer;Cape Town;BeBee;Full-time;FALSE;June;FALSE
410503;Data Engineer;Cape Town;BeBee;Full-time;FALSE;April;FALSE
518291;Data Engineer;Cape Town;BeBee;Full-time;FALSE;March;FALSE
150818;Data Engineer;Cape Town;BeBee;Full-time;FALSE;February;FALSE
367722;Data Engineer;Cape Town;BeBee;Full-time;FALSE;May;FALSE
381906;Data Engineer;Cape Town;BeBee;Full-time;FALSE;January;FALSE
497712;Data Engineer;Cape Town;BeBee;Full-time;FALSE;February;FALSE
649976;Data Engineer;Cape Town;BeBee;Full-time;FALSE;February;FALSE
47910;Data Engineer;Cape Town;BeBee;Full-time;FALSE;May;FALSE
88176;Data Engineer;Cape Town;BeBee;Full-time;FALSE;April;FALSE
259756;Data Engineer;Cape Town;BeBee;Full-time;FALSE;April;FALSE
528825;Data Engineer;Cape Town;BeBee;Full-time;FALSE;April;FALSE
744988;Data Engineer;Cape Town;BeBee;Full-time;FALSE;April;FALSE
793090;Data Engineer;Cape Town;BeBee;Full-time;FALSE;April;FALSE
841928;Data Engineer;Cape Town;BeBee;Full-time;FALSE;March;FALSE
1228171;Data Engineer;Cape Town;BeBee;Full-time;FALSE;January;FALSE
1342268;Data Engineer;Cape Town;BeBee;Full-time;FALSE;January;FALSE
35228;Data Engineer;Cape Town;BeBee;Full-time;FALSE;March;FALSE
864663;Data Engineer;Cape Town;BeBee;Full-time;FALSE;March;FALSE
92158;Data Engineer;Cape Town;BeBee;Full-time;FALSE;April;FALSE
195079;Data Engineer;Cape Town;BeBee;Full-time;FALSE;May;FALSE
449150;Data Engineer;Cape Town;BeBee;Full-time;FALSE;July;FALSE
833969;Data Engineer;Cape Town;BeBee;Full-time;FALSE;June;FALSE
44843;Data Engineer;Cape Town;BeBee;Full-time;FALSE;May;FALSE
728692;Data Engineer;Cape Town;BeBee;Full-time;FALSE;May;FALSE
979379;Data Engineer;Cape Town;BeBee;Full-time;FALSE;May;FALSE
77057;Data Engineer;Cape Town;BeBee;Full-time;FALSE;September;FALSE
108937;Data Engineer;Cape Town;BeBee;Full-time;FALSE;June;FALSE
131511;Data Engineer;Cape Town;BeBee;Full-time;FALSE;June;FALSE
268879;Data Engineer;Cape Town;BeBee;Full-time;FALSE;January;FALSE
1114380;Data Engineer;Cape Town;BeBee;Full-time;FALSE;June;FALSE
1248571;Data Engineer;Cape Town;BeBee;Full-time;FALSE;June;FALSE
991982;Data Engineer;Cape Town;BeBee;Full-time;FALSE;March;FALSE
21124;Data Engineer;Cape Town;BeBee;Full-time;FALSE;June;FALSE
165533;Data Engineer;Cape Town;BeBee;Full-time;FALSE;January;FALSE
22633;Data Engineer;Cape Town;BeBee;Full-time;FALSE;January;FALSE
77665;Data Engineer;Cape Town;BeBee;Full-time;FALSE;January;FALSE
281234;Data Engineer;Cape Town;BeBee;Full-time;FALSE;July;FALSE
394848;Data Engineer;Cape Town;BeBee;Full-time;FALSE;March;FALSE
421302;Data Engineer;Cape Town;BeBee;Full-time;FALSE;March;FALSE
779531;Data Engineer;Cape Town;BeBee;Full-time;FALSE;August;FALSE
781873;Data Engineer;Cape Town;BeBee;Full-time;FALSE;June;FALSE
1178288;Data Engineer;Cape Town;BeBee;Full-time;FALSE;February;FALSE
1549951;Data Engineer;Cape Town;BeBee;Full-time;FALSE;June;FALSE
1711507;Data Engineer;Cape Town;BeBee;Full-time;FALSE;January;FALSE
1735300;Data Engineer;Cape Town;BeBee;Full-time;FALSE;July;FALSE
1787522;Data Engineer;Cape Town;BeBee;Full-time;FALSE;April;FALSE
65637;Data Engineer;Cape Town;BeBee;Full-time;FALSE;March;FALSE
125906;Data Engineer;Cape Town;BeBee;Full-time;FALSE;January;FALSE
1389273;Data Engineer;Cape Town;BeBee;Full-time;FALSE;March;FALSE
1315857;Data Engineer;Cape Town;BeBee;Full-time;FALSE;January;FALSE
380971;Data Engineer;Cape Town;BeBee;Full-time;FALSE;July;FALSE
967742;Data Engineer;Cape Town;BeBee;Full-time;FALSE;September;FALSE
541825;Data Engineer;Cape Town;BeBee;Full-time;FALSE;August;FALSE
358943;Data Engineer;Cape Town;BeBee;Full-time;FALSE;January;FALSE
456075;Data Engineer;Cape Town;BeBee;Full-time;FALSE;January;FALSE
313969;Data Engineer;Cape Town;BeBee;Full-time;FALSE;July;FALSE
398384;Data Engineer;Cape Town;BeBee;Full-time;FALSE;January;FALSE
397327;Data Engineer;Cape Town;BeBee;Full-time;FALSE;January;FALSE
564462;Data Engineer;Cape Town;BeBee;Full-time;FALSE;September;FALSE
828381;Data Engineer;Cape Town;BeBee;Full-time;FALSE;April;FALSE
1079879;Data Engineer;Cape Town;BeBee;Full-time;FALSE;January;FALSE
1516911;Data Engineer;Cape Town;BeBee;Full-time;FALSE;June;FALSE
122342;Data Engineer;Cape Town;BeBee;Full-time;FALSE;March;FALSE
267302;Data Engineer;Cape Town;BeBee;Full-time;FALSE;May;FALSE
374302;Data Engineer;Cape Town;BeBee;Full-time;FALSE;May;FALSE
486874;Data Engineer;Cape Town;BeBee;Full-time;FALSE;May;FALSE
1250178;Data Engineer;Cape Town;BeBee;Full-time;FALSE;March;FALSE
45383;Data Engineer;Cape Town;BeBee;Full-time;FALSE;January;FALSE
432277;Data Engineer;Cape Town;BeBee;Full-time;FALSE;February;FALSE
545732;Data Engineer;Cape Town;BeBee;Full-time;FALSE;June;FALSE
1487413;Data Engineer;Cape Town;BeBee;Full-time;FALSE;January;FALSE
1327868;Data Engineer;Cape Town;BeBee;Full-time;FALSE;May;FALSE
1657680;Data Engineer;Cape Town;BeBee;Full-time;FALSE;May;FALSE
20451;Data Engineer;Cape Town;BeBee;Full-time;FALSE;June;FALSE
172448;Data Engineer;Cape Town;BeBee;Full-time;FALSE;June;FALSE
335482;Data Engineer;Cape Town;BeBee;Full-time;FALSE;February;FALSE
729866;Data Engineer;Cape Town;BeBee;Full-time;FALSE;February;FALSE
46617;Data Engineer;Cape Town;BeBee;Full-time;FALSE;January;FALSE
76456;Data Engineer;Cape Town;BeBee;Full-time;FALSE;April;FALSE
753644;Data Engineer;Cape Town;BeBee;Full-time;FALSE;September;FALSE
1187769;Data Engineer;Cape Town;BeBee;Full-time;FALSE;February;FALSE
1230189;Data Engineer;Cape Town;BeBee;Full-time;FALSE;February;FALSE
834103;Cloud Engineer;Sandton;BeBee;Full-time;FALSE;March;FALSE
41496;Data Analyst;Sandton;BeBee;Full-time;FALSE;August;FALSE
195545;Software Engineer;Sandton;BeBee;Full-time;FALSE;August;FALSE
261373;Data Scientist;Sandton;BeBee;Full-time;FALSE;August;FALSE
337507;Cloud Engineer;Sandton;BeBee;Full-time;FALSE;September;FALSE
536537;Data Engineer;Sandton;BeBee;Full-time;FALSE;August;FALSE
564169;Data Scientist;Sandton;BeBee;Full-time;FALSE;August;FALSE
592485;Senior Data Scientist;Sandton;BeBee;Full-time;FALSE;August;FALSE
604052;Software Engineer;Sandton;BeBee;Full-time;FALSE;January;TRUE
1276454;Data Scientist;Sandton;BeBee;Full-time;FALSE;August;FALSE
1499327;Data Scientist;Sandton;BeBee;Full-time;FALSE;August;FALSE
1513584;Machine Learning Engineer;Sandton;BeBee;Full-time;FALSE;February;FALSE
1778042;Data Scientist;Sandton;BeBee;Full-time;FALSE;August;FALSE
5103;Data Scientist;Sandton;BeBee;Full-time;FALSE;January;FALSE
306683;Software Engineer;Sandton;BeBee;Full-time;FALSE;February;FALSE
613169;Data Engineer;Sandton;BeBee;Full-time;FALSE;February;TRUE
790998;Software Engineer;Sandton;BeBee;Full-time;FALSE;January;FALSE
1200645;Software Engineer;Sandton;BeBee;Full-time;FALSE;August;TRUE
1208351;Data Engineer;Sandton;BeBee;Full-time;FALSE;April;FALSE
1761150;Data Engineer;Sandton;BeBee;Full-time;FALSE;January;FALSE
73510;Software Engineer;Sandton;BeBee;Full-time;FALSE;July;TRUE
156784;Senior Data Engineer;Sandton;BeBee;Full-time;FALSE;May;TRUE
453565;Data Engineer;Sandton;BeBee;Full-time;FALSE;April;TRUE
808636;Senior Data Engineer;Sandton;BeBee;Full-time;FALSE;May;TRUE
47957;Software Engineer;Sandton;BeBee;Full-time;FALSE;June;TRUE
439948;Software Engineer;Sandton;BeBee;Full-time;FALSE;February;TRUE
540818;Data Scientist;Sandton;BeBee;Full-time;FALSE;January;FALSE
553658;Data Engineer;Sandton;BeBee;Full-time;FALSE;January;TRUE
647105;Data Engineer;Sandton;BeBee;Full-time;FALSE;January;TRUE
1587773;Data Analyst;Sandton;BeBee;Full-time;FALSE;January;TRUE
53503;Data Scientist;Sandton;BeBee;Full-time;FALSE;August;FALSE
161809;Data Engineer;Sandton;BeBee;Full-time;FALSE;January;TRUE
333370;Data Scientist;Sandton;BeBee;Full-time;FALSE;August;FALSE
364201;Data Analyst;Sandton;BeBee;Full-time;FALSE;August;FALSE
382841;Data Engineer;Sandton;BeBee;Full-time;FALSE;January;TRUE
420372;Data Scientist;Sandton;BeBee;Full-time;FALSE;June;FALSE
434610;Data Scientist;Sandton;BeBee;Full-time;FALSE;August;FALSE
442983;Data Engineer;Sandton;BeBee;Full-time;FALSE;March;TRUE
450924;Senior Data Engineer;Sandton;BeBee;Full-time;FALSE;June;FALSE
454484;Data Engineer;Sandton;BeBee;Full-time;FALSE;August;TRUE
498418;Data Engineer;Sandton;BeBee;Full-time;FALSE;September;FALSE
507612;Data Engineer;Sandton;BeBee;Full-time;FALSE;May;FALSE
554568;Data Scientist;Sandton;BeBee;Full-time;FALSE;February;FALSE
871073;Senior Data Scientist;Sandton;BeBee;Full-time;FALSE;May;FALSE
914266;Senior Data Scientist;Sandton;BeBee;Full-time;FALSE;August;FALSE
964550;Data Analyst;Sandton;BeBee;Full-time;FALSE;January;FALSE
968231;Data Analyst;Sandton;BeBee;Full-time;FALSE;August;FALSE
978398;Data Engineer;Sandton;BeBee;Full-time;FALSE;June;FALSE
998822;Software Engineer;Sandton;BeBee;Full-time;FALSE;February;FALSE
1013440;Data Scientist;Sandton;BeBee;Full-time;FALSE;August;FALSE
1088074;Software Engineer;Sandton;BeBee;Full-time;FALSE;August;TRUE
1112364;Senior Data Engineer;Sandton;BeBee;Full-time;FALSE;January;FALSE
1203076;Data Scientist;Sandton;BeBee;Full-time;FALSE;January;TRUE
1209413;Data Engineer;Sandton;BeBee;Full-time;FALSE;June;FALSE
1290976;Data Engineer;Sandton;BeBee;Full-time;FALSE;February;TRUE
1298112;Data Scientist;Sandton;BeBee;Full-time;FALSE;January;FALSE
1309615;Business Analyst;Sandton;BeBee;Full-time;FALSE;January;FALSE
1462041;Cloud Engineer;Sandton;BeBee;Full-time;FALSE;January;FALSE
1522137;Data Scientist;Sandton;BeBee;Full-time;FALSE;January;FALSE
1614918;Data Scientist;Sandton;BeBee;Full-time;FALSE;August;FALSE
1682628;Data Scientist;Sandton;BeBee;Full-time;FALSE;August;TRUE
1714097;Software Engineer;Sandton;BeBee;Full-time;FALSE;January;TRUE
1724200;Data Engineer;Sandton;BeBee;Full-time;FALSE;June;FALSE
1797253;Cloud Engineer;Sandton;BeBee;Full-time;FALSE;January;TRUE
1813012;Data Analyst;Sandton;BeBee;Full-time;FALSE;January;FALSE
1824298;Software Engineer;Sandton;BeBee;Full-time;FALSE;January;FALSE
220988;Data Engineer;Sandton;BeBee;Full-time;FALSE;July;FALSE
231102;Cloud Engineer;Sandton;BeBee;Full-time;FALSE;July;FALSE
297693;Software Engineer;Sandton;BeBee;Full-time;FALSE;February;TRUE
560420;Cloud Engineer;Sandton;BeBee;Full-time;FALSE;February;TRUE
884284;Cloud Engineer;Sandton;BeBee;Full-time;FALSE;July;FALSE
902339;Cloud Engineer;Sandton;BeBee;Full-time;FALSE;February;FALSE
1259089;Business Analyst;Sandton;BeBee;Full-time;FALSE;January;TRUE
1597182;Software Engineer;Sandton;BeBee;Full-time;FALSE;July;FALSE
1742866;Business Analyst;Sandton;BeBee;Full-time;FALSE;July;FALSE
610674;Data Engineer;Sandton;BeBee;Full-time;FALSE;January;TRUE
868289;Software Engineer;Sandton;BeBee;Full-time;FALSE;April;FALSE
74409;Software Engineer;Sandton;BeBee;Full-time;FALSE;February;TRUE
80125;Data Analyst;Sandton;BeBee;Full-time;FALSE;September;FALSE
425873;Cloud Engineer;Sandton;BeBee;Full-time;FALSE;March;TRUE
808888;Data Scientist;Sandton;BeBee;Full-time;FALSE;September;FALSE
846595;Cloud Engineer;Sandton;BeBee;Full-time;FALSE;January;FALSE
1231247;Cloud Engineer;Sandton;BeBee;Full-time;FALSE;February;TRUE
1297686;Data Scientist;Sandton;BeBee;Full-time;FALSE;January;FALSE
1658845;Software Engineer;Sandton;BeBee;Full-time;FALSE;February;TRUE
1816370;Senior Data Engineer;Sandton;BeBee;Full-time;FALSE;September;TRUE
209464;Senior Data Engineer;Sandton;BeBee;Full-time;FALSE;March;FALSE
256710;Data Analyst;Sandton;BeBee;Full-time;FALSE;January;FALSE
1738990;Software Engineer;Sandton;BeBee;Full-time;FALSE;September;FALSE
339659;Data Scientist;Sandton;BeBee;Full-time;FALSE;January;FALSE
899942;Data Engineer;Sandton;BeBee;Full-time;FALSE;February;FALSE
575224;Data Analyst;Sandton;BeBee;Full-time;FALSE;August;FALSE
601584;Senior Data Scientist;Sandton;BeBee;Full-time;FALSE;January;FALSE
48124;Software Engineer;Sandton;BeBee;Full-time;FALSE;February;FALSE
52301;Software Engineer;Sandton;BeBee;Full-time;FALSE;March;FALSE
410687;Data Engineer;Sandton;BeBee;Full-time;FALSE;February;TRUE
584675;Data Engineer;Sandton;BeBee;Full-time;FALSE;February;FALSE
730778;Data Engineer;Sandton;BeBee;Full-time;FALSE;July;FALSE
1096591;Cloud Engineer;Sandton;BeBee;Full-time;FALSE;July;FALSE
1226380;Software Engineer;Sandton;BeBee;Full-time;FALSE;July;TRUE
1325202;Cloud Engineer;Sandton;BeBee;Full-time;FALSE;January;FALSE
180321;Data Engineer;Sandton;BeBee;Full-time;FALSE;May;FALSE
997065;Data Analyst;Sandton;BeBee;Full-time;FALSE;March;TRUE
850016;Data Scientist;Sandton;BeBee;Full-time;FALSE;June;FALSE
1772987;Data Analyst;Sandton;BeBee;Full-time;FALSE;August;FALSE
371315;Data Engineer;Sandton;BeBee;Full-time;FALSE;August;FALSE
598591;Data Scientist;Sandton;BeBee;Full-time;FALSE;August;FALSE
1060599;Data Scientist;Sandton;BeBee;Full-time;FALSE;September;FALSE
1078153;Data Scientist;Sandton;BeBee;Full-time;FALSE;August;FALSE
1365947;Data Scientist;Sandton;BeBee;Full-time;FALSE;August;FALSE
1376898;Senior Data Scientist;Sandton;BeBee;Full-time;FALSE;August;FALSE
1444158;Senior Data Scientist;Sandton;BeBee;Full-time;FALSE;August;FALSE
1451012;Data Scientist;Sandton;BeBee;Full-time;FALSE;August;FALSE
1534776;Data Scientist;Sandton;BeBee;Full-time;FALSE;July;FALSE
391103;Data Scientist;Sandton;BeBee;Full-time;FALSE;January;FALSE
493738;Cloud Engineer;Sandton;BeBee;Full-time;FALSE;July;FALSE
840670;Software Engineer;Sandton;BeBee;Full-time;FALSE;March;FALSE
841198;Data Analyst;Sandton;BeBee;Full-time;FALSE;February;TRUE
1241504;Data Engineer;Sandton;BeBee;Full-time;FALSE;August;TRUE
641978;Data Analyst;Sandton;BeBee;Full-time;FALSE;January;TRUE
234993;Business Analyst;Sandton;BeBee;Full-time;FALSE;January;FALSE
813216;Data Engineer;Sandton;BeBee;Full-time;FALSE;January;TRUE
1672862;Software Engineer;Sandton;BeBee;Full-time;FALSE;August;FALSE
311376;Machine Learning Engineer;Sandton;BeBee;Full-time;FALSE;July;FALSE
553049;Cloud Engineer;Sandton;BeBee;Full-time;FALSE;January;FALSE
951564;Data Analyst;Sandton;BeBee;Full-time;FALSE;July;TRUE
1616974;Business Analyst;Sandton;BeBee;Full-time;FALSE;January;FALSE
1728646;Data Engineer;Sandton;BeBee;Full-time;FALSE;May;TRUE
526908;Cloud Engineer;Sandton;BeBee;Full-time;FALSE;February;TRUE
563584;Data Analyst;Sandton;BeBee;Full-time;FALSE;July;TRUE
838844;Cloud Engineer;Sandton;BeBee;Full-time;FALSE;January;TRUE
1015036;Machine Learning Engineer;Sandton;BeBee;Full-time;FALSE;January;FALSE
241895;Data Scientist;Sandton;BeBee;Full-time;FALSE;September;FALSE
1467918;Software Engineer;Sandton;BeBee;Full-time;FALSE;August;TRUE
443292;Data Scientist;Sandton;BeBee;Full-time;FALSE;August;FALSE
1221974;Data Scientist;Sandton;BeBee;Full-time;FALSE;January;FALSE
234474;Data Engineer;Sandton;BeBee;Full-time;FALSE;May;FALSE
24154;Data Scientist;Sandton;BeBee;Full-time;FALSE;September;FALSE
146073;Software Engineer;Sandton;BeBee;Full-time;FALSE;January;TRUE
398002;Software Engineer;Sandton;BeBee;Full-time;FALSE;March;FALSE
1086952;Data Scientist;Sandton;BeBee;Full-time;FALSE;May;FALSE
691420;Data Engineer;Sandton;BeBee;Full-time;FALSE;March;TRUE
860621;Data Engineer;Sandton;BeBee;Full-time;FALSE;January;FALSE
1004193;Software Engineer;Sandton;BeBee;Full-time;FALSE;August;TRUE
205751;Cloud Engineer;Sandton;BeBee;Full-time;FALSE;July;TRUE
1453519;Software Engineer;Sandton;BeBee;Full-time;FALSE;January;TRUE
40064;Cloud Engineer;Sandton;BeBee;Full-time;FALSE;August;TRUE
1018234;Data Engineer;Sandton;BeBee;Full-time;FALSE;September;FALSE
1607387;Software Engineer;Sandton;BeBee;Full-time;FALSE;February;FALSE
7542;Data Scientist;Sandton;BeBee;Full-time;FALSE;February;FALSE
89959;Cloud Engineer;Sandton;BeBee;Full-time;FALSE;July;TRUE
346471;Senior Data Engineer;Sandton;BeBee;Full-time;FALSE;February;FALSE
365639;Data Engineer;Sandton;BeBee;Full-time;FALSE;July;TRUE
809823;Software Engineer;Sandton;BeBee;Full-time;FALSE;February;TRUE
1666819;Software Engineer;Sandton;BeBee;Full-time;FALSE;January;TRUE
16484;Data Scientist;Sandton;BeBee;Full-time;FALSE;April;FALSE
1275652;Data Scientist;Sandton;BeBee;Full-time;FALSE;January;FALSE
1775920;Senior Data Analyst;Sandton;BeBee;Full-time;FALSE;January;FALSE
1388095;Data Analyst;Sandton;BeBee;Full-time;FALSE;February;TRUE
908137;Senior Data Scientist;Pretoria;BeBee;Full-time;FALSE;August;FALSE
1597689;Business Analyst;Pretoria;BeBee;Full-time;FALSE;August;FALSE
1652900;Data Scientist;Pretoria;BeBee;Full-time;FALSE;August;FALSE
1719069;Data Analyst;Pretoria;BeBee;Full-time;FALSE;August;FALSE
19371;Cloud Engineer;Pretoria;BeBee;Full-time;FALSE;March;FALSE
135998;Data Scientist;Pretoria;BeBee;Full-time;FALSE;April;FALSE
347534;Data Analyst;Pretoria;BeBee;Full-time;FALSE;January;FALSE
53756;Senior Data Analyst;Pretoria;BeBee;Full-time;FALSE;August;FALSE
234548;Data Scientist;Pretoria;BeBee;Full-time;FALSE;January;TRUE
780398;Data Scientist;Pretoria;BeBee;Full-time;FALSE;March;FALSE
869055;Senior Data Engineer;Pretoria;BeBee;Full-time;FALSE;March;FALSE
1244394;Machine Learning Engineer;Pretoria;BeBee;Full-time;FALSE;March;FALSE
35220;Senior Data Analyst;Pretoria;BeBee;Full-time;FALSE;February;FALSE
94628;Data Analyst;Pretoria;BeBee;Full-time;FALSE;August;FALSE
206116;Data Scientist;Pretoria;BeBee;Full-time;FALSE;April;FALSE
308955;Business Analyst;Pretoria;BeBee;Full-time;FALSE;August;TRUE
499495;Data Analyst;Pretoria;BeBee;Full-time;FALSE;August;FALSE
523144;Data Analyst;Pretoria;BeBee;Full-time;FALSE;January;FALSE
850555;Data Scientist;Pretoria;BeBee;Full-time;FALSE;January;FALSE
1023842;Data Scientist;Pretoria;BeBee;Full-time;FALSE;July;FALSE
1180355;Software Engineer;Pretoria;BeBee;Full-time;FALSE;July;FALSE
1205386;Data Scientist;Pretoria;BeBee;Full-time;FALSE;August;FALSE
1303745;Data Scientist;Pretoria;BeBee;Full-time;FALSE;August;FALSE
1327452;Data Analyst;Pretoria;BeBee;Full-time;FALSE;August;FALSE
1618558;Software Engineer;Pretoria;BeBee;Full-time;FALSE;August;FALSE
72705;Data Scientist;Pretoria;BeBee;Full-time;FALSE;February;FALSE
419718;Senior Data Engineer;Pretoria;BeBee;Full-time;FALSE;April;FALSE
587988;Senior Data Engineer;Pretoria;BeBee;Full-time;FALSE;April;TRUE
799867;Senior Data Engineer;Pretoria;BeBee;Full-time;FALSE;March;FALSE
975146;Data Scientist;Pretoria;BeBee;Full-time;FALSE;February;FALSE
1011009;Software Engineer;Pretoria;BeBee;Full-time;FALSE;April;FALSE
908844;Cloud Engineer;Pretoria;BeBee;Full-time;FALSE;July;TRUE
1715472;Data Analyst;Pretoria;BeBee;Full-time;FALSE;July;FALSE
247990;Data Analyst;Pretoria;BeBee;Full-time;FALSE;January;TRUE
303821;Data Analyst;Pretoria;BeBee;Full-time;FALSE;January;FALSE
646690;Data Analyst;Pretoria;BeBee;Full-time;FALSE;January;TRUE
171201;Senior Data Engineer;Pretoria;BeBee;Full-time;FALSE;April;TRUE
270524;Data Analyst;Pretoria;BeBee;Full-time;FALSE;February;FALSE
621058;Data Scientist;Pretoria;BeBee;Full-time;FALSE;February;FALSE
746215;Data Scientist;Pretoria;BeBee;Full-time;FALSE;April;FALSE
972217;Software Engineer;Pretoria;BeBee;Full-time;FALSE;March;FALSE
1244536;Cloud Engineer;Pretoria;BeBee;Full-time;FALSE;January;FALSE
1333524;Data Analyst;Pretoria;BeBee;Full-time;FALSE;January;FALSE
1522971;Senior Data Engineer;Pretoria;BeBee;Full-time;FALSE;April;FALSE
696689;Data Scientist;Pretoria;BeBee;Full-time;FALSE;March;FALSE
972599;Data Scientist;Pretoria;BeBee;Full-time;FALSE;April;FALSE
170850;Data Scientist;Pretoria;BeBee;Full-time;FALSE;March;FALSE
949047;Data Scientist;Pretoria;BeBee;Full-time;FALSE;March;FALSE
464677;Data Analyst;Pretoria;BeBee;Full-time;FALSE;April;FALSE
673971;Software Engineer;Pretoria;BeBee;Full-time;FALSE;June;FALSE
519765;Data Scientist;Pretoria;BeBee;Full-time;FALSE;July;FALSE
556017;Senior Data Scientist;Pretoria;BeBee;Full-time;FALSE;June;FALSE
255521;Data Scientist;Pretoria;BeBee;Full-time;FALSE;February;FALSE
332331;Data Scientist;Pretoria;BeBee;Full-time;FALSE;March;FALSE
420654;Data Scientist;Pretoria;BeBee;Full-time;FALSE;January;FALSE
431360;Data Scientist;Pretoria;BeBee;Full-time;FALSE;January;FALSE
491723;Senior Data Engineer;Pretoria;BeBee;Full-time;FALSE;March;TRUE
866369;Data Scientist;Pretoria;BeBee;Full-time;FALSE;August;FALSE
1524637;Senior Data Engineer;Pretoria;BeBee;Full-time;FALSE;May;FALSE
1588599;Software Engineer;Pretoria;BeBee;Full-time;FALSE;July;FALSE
1772222;Data Scientist;Pretoria;BeBee;Full-time;FALSE;August;FALSE
972176;Software Engineer;Pretoria;BeBee;Full-time;FALSE;August;FALSE
1331587;Cloud Engineer;Pretoria;BeBee;Full-time;FALSE;March;FALSE
357612;Software Engineer;Pretoria;BeBee;Full-time;FALSE;January;TRUE
473923;Senior Data Engineer;Pretoria;BeBee;Full-time;FALSE;January;FALSE
1374078;Cloud Engineer;Pretoria;BeBee;Full-time;FALSE;August;FALSE
1503173;Software Engineer;Pretoria;BeBee;Full-time;FALSE;September;TRUE
1655996;Data Analyst;Pretoria;BeBee;Full-time;FALSE;January;FALSE
46300;Software Engineer;Pretoria;BeBee;Full-time;FALSE;January;FALSE
1619725;Data Analyst;Pretoria;BeBee;Full-time;FALSE;August;FALSE
35571;Senior Data Scientist;Pretoria;BeBee;Full-time;FALSE;September;FALSE
1815354;Data Analyst;Pretoria;BeBee;Full-time;FALSE;August;FALSE
25061;Data Analyst;Pretoria;BeBee;Full-time;FALSE;February;FALSE
228145;Data Scientist;Pretoria;BeBee;Full-time;FALSE;February;FALSE
470155;Software Engineer;Pretoria;BeBee;Full-time;FALSE;January;TRUE
121527;Data Engineer;Pretoria;BeBee;Full-time;FALSE;August;TRUE
627729;Data Engineer;Pretoria;BeBee;Full-time;FALSE;February;FALSE
1308849;Data Engineer;Pretoria;BeBee;Full-time;FALSE;September;FALSE
1526790;Data Engineer;Pretoria;BeBee;Full-time;FALSE;September;TRUE
493067;Data Engineer;Pretoria;BeBee;Full-time;FALSE;April;TRUE
1005596;Data Engineer;Pretoria;BeBee;Full-time;FALSE;April;TRUE
1661101;Data Engineer;Pretoria;BeBee;Full-time;FALSE;March;TRUE
1791647;Data Engineer;Pretoria;BeBee;Full-time;FALSE;June;TRUE
26060;Data Engineer;Pretoria;BeBee;Full-time;FALSE;April;FALSE
1144289;Data Engineer;Pretoria;BeBee;Full-time;FALSE;August;FALSE
1631702;Data Engineer;Pretoria;BeBee;Full-time;FALSE;June;FALSE
59916;Data Engineer;Pretoria;BeBee;Full-time;FALSE;March;TRUE
71653;Data Engineer;Pretoria;BeBee;Full-time;FALSE;January;FALSE
485268;Data Engineer;Pretoria;BeBee;Full-time;FALSE;March;FALSE
688629;Data Engineer;Pretoria;BeBee;Full-time;FALSE;March;FALSE
635836;Data Engineer;Pretoria;BeBee;Full-time;FALSE;January;FALSE
116121;Data Engineer;Pretoria;BeBee;Full-time;FALSE;April;TRUE
160081;Data Engineer;Pretoria;BeBee;Full-time;FALSE;April;FALSE
194984;Data Engineer;Pretoria;BeBee;Full-time;FALSE;April;TRUE
290589;Data Engineer;Pretoria;BeBee;Full-time;FALSE;February;FALSE
997703;Data Engineer;Pretoria;BeBee;Full-time;FALSE;June;FALSE
1256223;Data Engineer;Pretoria;BeBee;Full-time;FALSE;March;FALSE
1759652;Data Engineer;Pretoria;BeBee;Full-time;FALSE;February;TRUE
14191;Data Engineer;Pretoria;BeBee;Full-time;FALSE;April;TRUE
473960;Data Engineer;Pretoria;BeBee;Full-time;FALSE;April;TRUE
740154;Data Engineer;Pretoria;BeBee;Full-time;FALSE;January;FALSE
63518;Data Engineer;Pretoria;BeBee;Full-time;FALSE;March;TRUE
758225;Data Engineer;Pretoria;BeBee;Full-time;FALSE;April;FALSE
383982;Data Engineer;Pretoria;BeBee;Full-time;FALSE;April;TRUE
403393;Data Engineer;Pretoria;BeBee;Full-time;FALSE;April;FALSE
595119;Data Engineer;Pretoria;BeBee;Full-time;FALSE;March;FALSE
1037100;Data Engineer;Pretoria;BeBee;Full-time;FALSE;April;TRUE
1079218;Data Engineer;Pretoria;BeBee;Full-time;FALSE;June;FALSE
1322796;Data Engineer;Pretoria;BeBee;Full-time;FALSE;March;TRUE
1185045;Data Engineer;Pretoria;BeBee;Full-time;FALSE;April;TRUE
738089;Data Engineer;Pretoria;BeBee;Full-time;FALSE;June;FALSE
511312;Data Engineer;Pretoria;BeBee;Full-time;FALSE;August;FALSE
1745404;Data Engineer;Pretoria;BeBee;Full-time;FALSE;June;FALSE
1933;Data Engineer;Pretoria;BeBee;Full-time;FALSE;June;FALSE
1330638;Data Engineer;Pretoria;BeBee;Full-time;FALSE;March;TRUE
191463;Data Engineer;Pretoria;BeBee;Full-time;FALSE;March;TRUE
24807;Data Engineer;Pretoria;BeBee;Full-time;FALSE;March;TRUE
146962;Data Engineer;Pretoria;BeBee;Full-time;FALSE;June;FALSE
892114;Data Engineer;Pretoria;BeBee;Full-time;FALSE;February;FALSE
1270247;Data Engineer;Pretoria;BeBee;Full-time;FALSE;February;TRUE
1289034;Data Engineer;Pretoria;BeBee;Full-time;FALSE;July;TRUE
1399923;Data Engineer;Pretoria;BeBee;Full-time;FALSE;March;TRUE
1561224;Data Engineer;Pretoria;BeBee;Full-time;FALSE;September;FALSE
1017100;Data Engineer;Pretoria;BeBee;Full-time;FALSE;September;TRUE
399403;Data Engineer;Pretoria;BeBee;Full-time;FALSE;July;FALSE
148241;Data Engineer;Pretoria;BeBee;Full-time;FALSE;January;FALSE
715169;Data Engineer;Pretoria;BeBee;Full-time;FALSE;August;TRUE
14698;Data Engineer;Pretoria;BeBee;Full-time;FALSE;January;FALSE
835601;Data Engineer;Pretoria;BeBee;Full-time;FALSE;July;TRUE
1512817;Data Engineer;Pretoria;BeBee;Full-time;FALSE;January;FALSE
79937;Data Engineer;Pretoria;BeBee;Full-time;FALSE;January;FALSE
368332;Data Engineer;Pretoria;BeBee;Full-time;FALSE;June;FALSE
521269;Data Engineer;Pretoria;BeBee;Full-time;FALSE;July;FALSE
911915;Data Engineer;Pretoria;BeBee;Full-time;FALSE;August;TRUE
22936;Data Engineer;Pretoria;BeBee;Full-time;FALSE;April;TRUE
967232;Data Engineer;Pretoria;BeBee;Full-time;FALSE;June;FALSE
89328;Data Engineer;Pretoria;BeBee;Full-time;FALSE;May;FALSE
217980;Data Engineer;Pretoria;BeBee;Full-time;FALSE;May;TRUE
1265778;Data Engineer;Pretoria;BeBee;Full-time;FALSE;May;FALSE
1245441;Cloud Engineer;Stellenbosch;BeBee;Full-time;FALSE;February;TRUE
224814;Senior Data Scientist;Durban;BeBee;Full-time;FALSE;August;FALSE
425895;Senior Data Scientist;Midrand;BeBee;Full-time;FALSE;August;FALSE
824744;Senior Data Analyst;Pietermaritzburg;BeBee;Full-time;FALSE;August;TRUE
1489091;Senior Data Analyst;Randburg;BeBee;Full-time;FALSE;August;FALSE
1516086;Software Engineer;Bloemfontein;BeBee;Full-time;FALSE;February;TRUE
1728548;Data Analyst;Midrand;BeBee;Full-time;FALSE;August;TRUE
1784662;Senior Data Analyst;Bloemfontein;BeBee;Full-time;FALSE;March;FALSE
389187;Cloud Engineer;Westville;BeBee;Full-time;FALSE;May;FALSE
560153;Cloud Engineer;Stellenbosch;BeBee;Full-time;FALSE;February;FALSE
1205120;Data Analyst;Bloemfontein;BeBee;Full-time;FALSE;April;TRUE
1348842;Senior Data Engineer;Centurion;BeBee;Full-time;FALSE;July;TRUE
775346;Senior Data Engineer;Centurion;BeBee;Full-time;FALSE;June;FALSE
804211;Business Analyst;Bloemfontein;BeBee;Full-time;FALSE;March;FALSE
34164;Data Analyst;Durban;BeBee;Full-time;FALSE;September;FALSE
80658;Senior Data Scientist;Pietermaritzburg;BeBee;Full-time;FALSE;August;FALSE
173481;Senior Data Engineer;Centurion;BeBee;Full-time;FALSE;January;FALSE
180553;Data Analyst;Durban;BeBee;Full-time;FALSE;August;TRUE
265152;Data Analyst;Centurion;BeBee;Full-time;FALSE;August;FALSE
318111;Data Analyst;Midrand;BeBee;Full-time;FALSE;August;FALSE
335007;Senior Data Engineer;Randburg;BeBee;Full-time;FALSE;May;FALSE
375567;Data Analyst;Midrand;BeBee;Full-time;FALSE;August;FALSE
400501;Data Analyst;Durban;BeBee;Full-time;FALSE;August;TRUE
702296;Data Analyst;Durban;BeBee;Full-time;FALSE;August;FALSE
703567;Data Analyst;Midrand;BeBee;Full-time;FALSE;August;FALSE
805716;Data Analyst;Durban;BeBee;Full-time;FALSE;August;TRUE
884055;Data Analyst;Stellenbosch;BeBee;Full-time;FALSE;August;FALSE
967112;Senior Data Analyst;Midrand;BeBee;Full-time;FALSE;August;FALSE
1393184;Senior Data Analyst;Stellenbosch;BeBee;Full-time;FALSE;June;FALSE
1401339;Senior Data Scientist;Randburg;BeBee;Full-time;FALSE;May;FALSE
1423849;Data Analyst;Durban;BeBee;Full-time;FALSE;August;TRUE
1497836;Data Analyst;Gqeberha;BeBee;Full-time;FALSE;June;FALSE
1581524;Senior Data Scientist;Midrand;BeBee;Full-time;FALSE;August;FALSE
325584;Senior Data Engineer;Midrand;BeBee;Full-time;FALSE;April;FALSE
431511;Senior Data Engineer;Bloemfontein;BeBee;Full-time;FALSE;March;FALSE
500224;Software Engineer;Gqeberha;BeBee;Full-time;FALSE;April;FALSE
647394;Senior Data Scientist;Benoni;BeBee;Full-time;FALSE;August;FALSE
868411;Software Engineer;Randburg;BeBee;Full-time;FALSE;June;FALSE
1401676;Data Analyst;Centurion;BeBee;Full-time;FALSE;June;FALSE
1649351;Software Engineer;Stellenbosch;BeBee;Full-time;FALSE;February;FALSE
1720373;Business Analyst;Bloemfontein;BeBee;Full-time;FALSE;February;FALSE
354419;Data Analyst;Stellenbosch;BeBee;Full-time;FALSE;January;TRUE
27622;Senior Data Engineer;Durban;BeBee;Full-time;FALSE;January;FALSE
1534598;Machine Learning Engineer;Stellenbosch;BeBee;Full-time;FALSE;January;FALSE
244912;Data Analyst;Durban;BeBee;Full-time;FALSE;June;FALSE
792607;Cloud Engineer;Durban;BeBee;Full-time;FALSE;May;FALSE
908881;Senior Data Engineer;Centurion;BeBee;Full-time;FALSE;February;FALSE
988754;Business Analyst;Durban;BeBee;Full-time;FALSE;April;FALSE
1042377;Senior Data Engineer;East London;BeBee;Full-time;FALSE;June;FALSE
1071521;Data Analyst;Centurion;BeBee;Full-time;FALSE;February;FALSE
1195085;Cloud Engineer;Centurion;BeBee;Full-time;FALSE;February;TRUE
1440531;Software Engineer;East London;BeBee;Full-time;FALSE;March;FALSE
806575;Software Engineer;Germiston;BeBee;Full-time;FALSE;March;FALSE
1727639;Senior Data Analyst;Centurion;BeBee;Full-time;FALSE;August;FALSE
1748960;Software Engineer;East London;BeBee;Full-time;FALSE;August;FALSE
9476;Cloud Engineer;Westville;BeBee;Full-time;FALSE;February;FALSE
565908;Data Analyst;uMhlanga;BeBee;Full-time;FALSE;June;FALSE
897355;Senior Data Analyst;Centurion;BeBee;Full-time;FALSE;August;FALSE
908757;Data Analyst;Randburg;BeBee;Full-time;FALSE;January;FALSE
96166;Data Analyst;Stellenbosch;BeBee;Full-time;FALSE;August;FALSE
244844;Data Analyst;Stellenbosch;BeBee;Full-time;FALSE;January;TRUE
285127;Cloud Engineer;Gqeberha;BeBee;Full-time;FALSE;January;FALSE
285248;Senior Data Engineer;East London;BeBee;Full-time;FALSE;September;TRUE
355421;Data Analyst;Bloemfontein;BeBee;Full-time;FALSE;January;FALSE
422192;Senior Data Engineer;Centurion;BeBee;Full-time;FALSE;July;FALSE
811575;Business Analyst;Midrand;BeBee;Full-time;FALSE;August;FALSE
1313963;Senior Data Scientist;Centurion;BeBee;Full-time;FALSE;July;FALSE
1327785;Data Analyst;Stellenbosch;BeBee;Full-time;FALSE;January;FALSE
1442905;Software Engineer;Midrand;BeBee;Full-time;FALSE;September;TRUE
1517429;Data Analyst;Midrand;BeBee;Full-time;FALSE;August;FALSE
1038241;Cloud Engineer;East London;BeBee;Full-time;FALSE;June;TRUE
1313028;Business Analyst;Stellenbosch;BeBee;Full-time;FALSE;January;FALSE
574214;Software Engineer;Randburg;BeBee;Full-time;FALSE;July;FALSE
139713;Software Engineer;Midrand;BeBee;Full-time;FALSE;June;TRUE
789889;Data Analyst;Gqeberha;BeBee;Full-time;FALSE;June;TRUE
922956;Senior Data Analyst;Stellenbosch;BeBee;Full-time;FALSE;September;FALSE
953182;Cloud Engineer;East London;BeBee;Full-time;FALSE;January;TRUE
99587;Senior Data Engineer;Durban;BeBee;Full-time;FALSE;January;TRUE
287295;Data Analyst;Durban;BeBee;Full-time;FALSE;March;FALSE
302696;Cloud Engineer;Randburg;BeBee;Full-time;FALSE;July;TRUE
353178;Data Analyst;Midrand;BeBee;Full-time;FALSE;July;FALSE
387367;Senior Data Engineer;Bloemfontein;BeBee;Full-time;FALSE;February;FALSE
250637;Senior Data Engineer;Durban;BeBee;Full-time;FALSE;February;TRUE
267041;Software Engineer;Durban;BeBee;Full-time;FALSE;March;FALSE
1224747;Cloud Engineer;Gqeberha;BeBee;Full-time;FALSE;May;FALSE
924476;Business Analyst;Stellenbosch;BeBee;Full-time;FALSE;January;FALSE
1055644;Software Engineer;Rustenburg;BeBee;Full-time;FALSE;March;FALSE
1175676;Senior Data Engineer;East London;BeBee;Full-time;FALSE;March;FALSE
103687;Senior Data Scientist;Midrand;BeBee;Full-time;FALSE;June;FALSE
575971;Cloud Engineer;Kempton Park;BeBee;Full-time;FALSE;February;FALSE
1476648;Senior Data Scientist;Bloemfontein;BeBee;Full-time;FALSE;June;FALSE
992282;Senior Data Analyst;Stellenbosch;BeBee;Full-time;FALSE;February;FALSE
231749;Machine Learning Engineer;Stellenbosch;BeBee;Full-time;FALSE;February;FALSE
440070;Cloud Engineer;Gqeberha;BeBee;Full-time;FALSE;June;FALSE
938613;Data Analyst;Midrand;BeBee;Full-time;FALSE;September;TRUE
1114359;Software Engineer;Stellenbosch;BeBee;Full-time;FALSE;January;FALSE
65232;Data Analyst;Stellenbosch;BeBee;Full-time;FALSE;January;FALSE
545168;Data Engineer;Centurion;BeBee;Full-time;FALSE;August;FALSE
746656;Data Engineer;Centurion;BeBee;Full-time;FALSE;August;TRUE
796826;Data Engineer;Stellenbosch;BeBee;Full-time;FALSE;May;FALSE
1246362;Data Engineer;East London;BeBee;Full-time;FALSE;May;TRUE
1296870;Data Engineer;Stellenbosch;BeBee;Full-time;FALSE;May;FALSE
1354408;Data Engineer;East London;BeBee;Full-time;FALSE;May;FALSE
1483543;Data Engineer;Randburg;BeBee;Full-time;FALSE;August;FALSE
52048;Data Engineer;Durban;BeBee;Full-time;FALSE;May;FALSE
442659;Data Engineer;East London;BeBee;Full-time;FALSE;April;FALSE
1045214;Data Engineer;Durban;BeBee;Full-time;FALSE;April;TRUE
1516;Data Engineer;Stellenbosch;BeBee;Full-time;FALSE;April;TRUE
616841;Data Engineer;Kempton Park;BeBee;Full-time;FALSE;March;FALSE
654130;Data Engineer;Stellenbosch;BeBee;Full-time;FALSE;April;FALSE
128790;Data Engineer;East London;BeBee;Full-time;FALSE;March;TRUE
294771;Data Engineer;Midrand;BeBee;Full-time;FALSE;June;FALSE
348648;Data Engineer;Randburg;BeBee;Full-time;FALSE;June;FALSE
102203;Data Engineer;uMhlanga;BeBee;Full-time;FALSE;April;FALSE
179483;Data Engineer;Randburg;BeBee;Full-time;FALSE;January;FALSE
188601;Data Engineer;Midrand;BeBee;Full-time;FALSE;April;TRUE
459839;Data Engineer;Pinetown;BeBee;Full-time;FALSE;January;FALSE
496188;Data Engineer;uMhlanga;BeBee;Full-time;FALSE;January;FALSE
517882;Data Engineer;Midrand;BeBee;Full-time;FALSE;June;TRUE
575115;Data Engineer;Stellenbosch;BeBee;Full-time;FALSE;March;TRUE
793694;Data Engineer;Midrand;BeBee;Full-time;FALSE;August;FALSE
1005321;Data Engineer;East London;BeBee;Full-time;FALSE;August;FALSE
1012949;Data Engineer;Durban;BeBee;Full-time;FALSE;July;FALSE
1031844;Data Engineer;Centurion;BeBee;Full-time;FALSE;May;TRUE
1307114;Data Engineer;Centurion;BeBee;Full-time;FALSE;May;FALSE
1664140;Data Engineer;Randburg;BeBee;Full-time;FALSE;March;TRUE
1765633;Data Engineer;East London;BeBee;Full-time;FALSE;March;FALSE
8115;Data Engineer;Durban;BeBee;Full-time;FALSE;June;FALSE
420181;Data Engineer;Camperdown;BeBee;Full-time;FALSE;July;TRUE
445831;Data Engineer;Pinetown;BeBee;Full-time;FALSE;February;FALSE
527362;Data Engineer;Randburg;BeBee;Full-time;FALSE;March;TRUE
784757;Data Engineer;Centurion;BeBee;Full-time;FALSE;February;FALSE
1083127;Data Engineer;George;BeBee;Full-time;FALSE;February;TRUE
1337722;Data Engineer;East London;BeBee;Full-time;FALSE;January;FALSE
1671987;Data Engineer;East London;BeBee;Full-time;FALSE;May;TRUE
62264;Data Engineer;Centurion;BeBee;Full-time;FALSE;June;FALSE
791655;Data Engineer;Midrand;BeBee;Full-time;FALSE;April;FALSE
736808;Data Engineer;Durban;BeBee;Full-time;FALSE;April;FALSE
81902;Data Engineer;Stellenbosch;BeBee;Full-time;FALSE;June;FALSE
1266468;Data Engineer;Durban North;BeBee;Full-time;FALSE;April;FALSE
475089;Data Engineer;Randburg;BeBee;Full-time;FALSE;February;TRUE
541918;Data Engineer;Stellenbosch;BeBee;Full-time;FALSE;June;FALSE
634251;Data Engineer;Stellenbosch;BeBee;Full-time;FALSE;April;FALSE
139077;Data Engineer;East London;BeBee;Full-time;FALSE;March;FALSE
430614;Data Engineer;East London;BeBee;Full-time;FALSE;April;FALSE
478360;Data Engineer;Stellenbosch;BeBee;Full-time;FALSE;July;FALSE
44486;Data Engineer;Gqeberha;BeBee;Full-time;FALSE;May;FALSE
1761771;Data Engineer;Kempton Park;BeBee;Full-time;FALSE;March;FALSE
542921;Data Engineer;East London;BeBee;Full-time;FALSE;January;FALSE
1240497;Data Engineer;Germiston;BeBee;Full-time;FALSE;February;FALSE
17555;Data Engineer;Durban;BeBee;Full-time;FALSE;May;FALSE
382278;Data Engineer;Centurion;BeBee;Full-time;FALSE;May;FALSE
1010143;Data Engineer;Westville;BeBee;Full-time;FALSE;January;FALSE
25881;Data Engineer;Midrand;BeBee;Full-time;FALSE;June;FALSE
27873;Data Engineer;Westville;BeBee;Full-time;FALSE;January;FALSE
119313;Data Engineer;Durban;BeBee;Full-time;FALSE;March;FALSE
159939;Data Engineer;Durban;BeBee;Full-time;FALSE;September;TRUE
272812;Data Engineer;Midrand;BeBee;Full-time;FALSE;April;FALSE
501716;Data Engineer;Midrand;BeBee;Full-time;FALSE;June;FALSE
18789;Data Engineer;Midrand;BeBee;Full-time;FALSE;June;FALSE
1042186;Data Engineer;Midrand;BeBee;Full-time;FALSE;March;TRUE
1274203;Data Engineer;Gqeberha;BeBee;Full-time;FALSE;August;TRUE
158572;Data Engineer;Stellenbosch;BeBee;Full-time;FALSE;July;FALSE
212489;Data Engineer;Randburg;BeBee;Full-time;FALSE;January;TRUE
76797;Data Engineer;Westville;BeBee;Full-time;FALSE;April;TRUE
288068;Data Engineer;Stellenbosch;BeBee;Full-time;FALSE;June;FALSE
474796;Data Engineer;Midrand;BeBee;Full-time;FALSE;July;TRUE
487644;Data Engineer;Westville;BeBee;Full-time;FALSE;January;FALSE
945961;Data Engineer;Centurion;BeBee;Full-time;FALSE;July;TRUE
1170549;Data Engineer;Randburg;BeBee;Full-time;FALSE;May;FALSE
1361102;Data Engineer;Randburg;BeBee;Full-time;FALSE;May;FALSE
1453048;Data Engineer;Centurion;BeBee;Full-time;FALSE;July;FALSE
41504;Data Engineer;Midrand;BeBee;Full-time;FALSE;August;TRUE
1314953;Data Engineer;Stellenbosch;BeBee;Full-time;FALSE;January;FALSE
1341959;Data Engineer;East London;BeBee;Full-time;FALSE;March;FALSE
1774943;Data Engineer;Midrand;BeBee;Full-time;FALSE;August;FALSE
697451;Data Engineer;Midrand;BeBee;Full-time;FALSE;July;FALSE
163380;Data Engineer;East London;BeBee;Full-time;FALSE;July;FALSE
189959;Data Engineer;Gqeberha;BeBee;Full-time;FALSE;July;FALSE
1349272;Data Engineer;Pietermaritzburg;BeBee;Full-time;FALSE;August;FALSE
490946;Data Engineer;Durban;BeBee;Full-time;FALSE;August;FALSE
1269001;Data Engineer;Centurion;BeBee;Full-time;FALSE;July;FALSE
83343;Data Engineer;Durban;BeBee;Full-time;FALSE;May;TRUE
1404387;Data Engineer;Stellenbosch;BeBee;Full-time;FALSE;March;TRUE
9511;Data Engineer;Gqeberha;BeBee;Full-time;FALSE;June;TRUE
195184;Data Engineer;Midrand;BeBee;Full-time;FALSE;June;FALSE
333574;Data Engineer;Stellenbosch;BeBee;Full-time;FALSE;January;TRUE
150689;Data Engineer;Midrand;BeBee;Full-time;FALSE;May;TRUE
159326;Data Engineer;Germiston;BeBee;Full-time;FALSE;March;FALSE
858342;Data Engineer;East London;BeBee;Full-time;FALSE;March;TRUE
1825148;Data Engineer;uMhlanga;BeBee;Full-time;FALSE;June;FALSE
144019;Data Engineer;Midrand;BeBee;Full-time;FALSE;April;FALSE
201256;Data Engineer;Roodepoort;BeBee;Full-time;FALSE;April;TRUE
638170;Data Scientist;Centurion;BeBee;Full-time;FALSE;August;FALSE
693571;Data Scientist;Tembisa;BeBee;Full-time;FALSE;August;FALSE
857362;Data Scientist;Durban;BeBee;Full-time;FALSE;August;FALSE
890306;Data Scientist;Pietermaritzburg;BeBee;Full-time;FALSE;September;TRUE
908276;Data Scientist;Durban;BeBee;Full-time;FALSE;August;FALSE
1046960;Data Scientist;Roodepoort;BeBee;Full-time;FALSE;August;FALSE
1131023;Data Scientist;Potchefstroom;BeBee;Full-time;FALSE;August;FALSE
1681563;Data Scientist;Gqeberha;BeBee;Full-time;FALSE;February;FALSE
1128444;Data Scientist;Gqeberha;BeBee;Full-time;FALSE;March;FALSE
17941;Data Scientist;Randburg;BeBee;Full-time;FALSE;June;FALSE
209557;Data Scientist;Durban;BeBee;Full-time;FALSE;July;FALSE
255632;Data Scientist;Stellenbosch;BeBee;Full-time;FALSE;August;FALSE
356726;Data Scientist;uMhlanga;BeBee;Full-time;FALSE;August;FALSE
378952;Data Scientist;Durban;BeBee;Full-time;FALSE;May;FALSE
395087;Data Scientist;East London;BeBee;Full-time;FALSE;August;FALSE
431709;Data Scientist;Centurion;BeBee;Full-time;FALSE;August;FALSE
477780;Data Scientist;Stellenbosch;BeBee;Full-time;FALSE;August;FALSE
488603;Data Scientist;Stellenbosch;BeBee;Full-time;FALSE;August;TRUE
530888;Data Scientist;Tembisa;BeBee;Full-time;FALSE;August;FALSE
551236;Data Scientist;Midrand;BeBee;Full-time;FALSE;May;FALSE
561370;Data Scientist;Durban;BeBee;Full-time;FALSE;August;FALSE
569069;Data Scientist;Centurion;BeBee;Full-time;FALSE;August;FALSE
612586;Data Scientist;Centurion;BeBee;Full-time;FALSE;June;FALSE
798407;Data Scientist;Centurion;BeBee;Full-time;FALSE;August;FALSE
864221;Data Scientist;Kempton Park;BeBee;Full-time;FALSE;August;FALSE
867813;Data Scientist;Stellenbosch;BeBee;Full-time;FALSE;April;FALSE
1014555;Data Scientist;Randburg;BeBee;Full-time;FALSE;March;FALSE
1045180;Data Scientist;Randburg;BeBee;Full-time;FALSE;March;FALSE
1051097;Data Scientist;Midrand;BeBee;Full-time;FALSE;July;FALSE
1074591;Data Scientist;Midrand;BeBee;Full-time;FALSE;August;FALSE
1174120;Data Scientist;uMhlanga;BeBee;Full-time;FALSE;August;FALSE
1201629;Data Scientist;Midrand;BeBee;Full-time;FALSE;August;FALSE
1339059;Data Scientist;Midrand;BeBee;Full-time;FALSE;August;FALSE
1378262;Data Scientist;Alberton;BeBee;Full-time;FALSE;August;FALSE
1485583;Data Scientist;Stellenbosch;BeBee;Full-time;FALSE;August;FALSE
1776975;Data Scientist;Centurion;BeBee;Full-time;FALSE;August;FALSE
1825181;Data Scientist;Midrand;BeBee;Full-time;FALSE;August;FALSE
98801;Data Scientist;Midrand;BeBee;Full-time;FALSE;June;FALSE
880580;Data Scientist;Durban;BeBee;Full-time;FALSE;February;FALSE
158952;Data Scientist;Gqeberha;BeBee;Full-time;FALSE;January;FALSE
340987;Data Scientist;Stellenbosch;BeBee;Full-time;FALSE;July;FALSE
640352;Data Scientist;Randburg;BeBee;Full-time;FALSE;March;FALSE
246446;Data Scientist;Stellenbosch;BeBee;Full-time;FALSE;April;FALSE
403751;Data Scientist;Centurion;BeBee;Full-time;FALSE;September;FALSE
516198;Data Scientist;Kriel;BeBee;Full-time;FALSE;August;FALSE
683859;Data Scientist;Centurion;BeBee;Full-time;FALSE;June;FALSE
1166882;Data Scientist;Dolphin Coast;BeBee;Full-time;FALSE;September;FALSE
1270641;Data Scientist;Kenton-on-Sea;BeBee;Full-time;FALSE;September;FALSE
512375;Data Scientist;Gqeberha;BeBee;Full-time;FALSE;June;FALSE
413961;Data Scientist;Gqeberha;BeBee;Full-time;FALSE;April;FALSE
891841;Data Scientist;Gqeberha;BeBee;Full-time;FALSE;January;FALSE
890625;Data Scientist;Centurion;BeBee;Full-time;FALSE;June;FALSE
695360;Data Scientist;Stellenbosch;BeBee;Full-time;FALSE;April;FALSE
1727859;Data Scientist;Durban;BeBee;Full-time;FALSE;February;FALSE
449490;Data Scientist;Mmabatho;BeBee;Full-time;FALSE;June;FALSE
494625;Data Scientist;Randburg;BeBee;Full-time;FALSE;September;FALSE
851545;Data Scientist;Germiston;BeBee;Full-time;FALSE;April;FALSE
1068259;Data Scientist;Centurion;BeBee;Full-time;FALSE;May;FALSE
438847;Data Scientist;Roodepoort;BeBee;Full-time;FALSE;August;FALSE
1676411;Data Scientist;Stellenbosch;BeBee;Full-time;FALSE;May;FALSE
66499;Data Scientist;Centurion;BeBee;Full-time;FALSE;March;FALSE
263084;Data Scientist;Randburg;BeBee;Full-time;FALSE;January;FALSE
1112623;Data Scientist;Roodepoort;BeBee;Full-time;FALSE;April;FALSE
556029;Data Scientist;Randburg;BeBee;Full-time;FALSE;January;FALSE
615908;Data Scientist;Delmas;BeBee;Full-time;FALSE;August;FALSE
60404;Data Scientist;Stellenbosch;BeBee;Full-time;FALSE;August;FALSE
244166;Data Scientist;Centurion;BeBee;Full-time;FALSE;August;FALSE
256278;Data Scientist;Stellenbosch;BeBee;Full-time;FALSE;January;FALSE
337154;Data Scientist;Randburg;BeBee;Full-time;FALSE;May;FALSE
401873;Data Scientist;Centurion;BeBee;Full-time;FALSE;September;FALSE
426997;Data Scientist;Randburg;BeBee;Full-time;FALSE;August;FALSE
444648;Data Scientist;Stellenbosch;BeBee;Full-time;FALSE;March;FALSE
511365;Data Scientist;Durban;BeBee;Full-time;FALSE;January;FALSE
513929;Data Scientist;Stellenbosch;BeBee;Full-time;FALSE;August;FALSE
528167;Data Scientist;Centurion;BeBee;Full-time;FALSE;August;FALSE
616443;Data Scientist;Centurion;BeBee;Full-time;FALSE;July;FALSE
993997;Data Scientist;Centurion;BeBee;Full-time;FALSE;August;FALSE
1036665;Data Scientist;Randburg;BeBee;Full-time;FALSE;August;FALSE
1090944;Data Scientist;Stellenbosch;BeBee;Full-time;FALSE;August;FALSE
1186242;Data Scientist;Midrand;BeBee;Full-time;FALSE;August;FALSE
1239768;Data Scientist;Kempton Park;BeBee;Full-time;FALSE;September;FALSE
1380929;Data Scientist;Midrand;BeBee;Full-time;FALSE;July;FALSE
1436684;Data Scientist;Centurion;BeBee;Full-time;FALSE;August;FALSE
1525067;Data Scientist;Stellenbosch;BeBee;Full-time;FALSE;September;FALSE
1541525;Data Scientist;Midrand;BeBee;Full-time;FALSE;January;FALSE
1709891;Data Scientist;Durban;BeBee;Full-time;FALSE;August;FALSE
1731991;Data Scientist;Centurion;BeBee;Full-time;FALSE;July;FALSE
1734444;Data Scientist;Midrand;BeBee;Full-time;FALSE;September;FALSE
377508;Data Scientist;Centurion;BeBee;Full-time;FALSE;July;FALSE
1626612;Data Scientist;Durban;BeBee;Full-time;FALSE;April;FALSE
9822;Data Scientist;Stellenbosch;BeBee;Full-time;FALSE;July;FALSE
1367849;Data Scientist;Stellenbosch;BeBee;Full-time;FALSE;June;FALSE
1515702;Data Scientist;Stellenbosch;BeBee;Full-time;FALSE;August;FALSE
280524;Data Scientist;Midrand;BeBee;Full-time;FALSE;September;FALSE
530653;Data Scientist;Centurion;BeBee;Full-time;FALSE;January;FALSE
94752;Data Scientist;Centurion;BeBee;Full-time;FALSE;September;FALSE
84427;Data Scientist;Durban;BeBee;Full-time;FALSE;March;FALSE
1030937;Data Scientist;uMhlanga;BeBee;Full-time;FALSE;September;FALSE
412261;Data Scientist;Durban;BeBee;Full-time;FALSE;January;FALSE
939892;Data Scientist;Bloemfontein;BeBee;Full-time;FALSE;March;FALSE
1241468;Data Scientist;Stellenbosch;BeBee;Full-time;FALSE;February;FALSE
1263145;Data Scientist;Stellenbosch;BeBee;Full-time;FALSE;June;FALSE
218998;Data Analyst;Midrand;Pnet;Full-time;FALSE;July;TRUE
261138;Data Engineer;Sandton;Pnet;Full-time;FALSE;February;TRUE
303137;Data Scientist;Midrand;Pnet;Full-time;FALSE;September;FALSE
333077;Senior Data Scientist;Midrand;Pnet;Full-time;FALSE;January;FALSE
496443;Data Engineer;Gqeberha;Pnet;Full-time;FALSE;March;FALSE
573367;Data Scientist;Rustenburg;Pnet;Full-time;FALSE;June;FALSE
811752;Data Engineer;Midrand;Pnet;Full-time;FALSE;April;FALSE
1326314;Software Engineer;Pretoria;Pnet;Full-time;FALSE;August;FALSE
1816087;Cloud Engineer;Stellenbosch;Pnet;Full-time;FALSE;October;TRUE
1028146;Data Engineer;Stellenbosch;Pnet;Full-time;FALSE;July;FALSE
1329891;Senior Data Engineer;Sandton;Pnet;Full-time;FALSE;November;TRUE
959113;Data Engineer;Pretoria;Pnet;Full-time;FALSE;January;FALSE
7173;Senior Data Engineer;Midrand;Pnet;Full-time;FALSE;July;FALSE
26502;Business Analyst;Durban;Pnet;Full-time;FALSE;April;FALSE
66266;Data Engineer;Sandton;Pnet;Full-time;FALSE;June;FALSE
116331;Data Analyst;Durban;Pnet;Full-time;FALSE;October;FALSE
144824;Data Engineer;Pretoria;Pnet;Full-time;FALSE;September;FALSE
208761;Data Engineer;Sandton;Pnet;Full-time;FALSE;October;TRUE
258658;Data Engineer;Stellenbosch;Pnet;Full-time;FALSE;September;FALSE
298937;Senior Data Engineer;Sandton;Pnet;Full-time;FALSE;February;TRUE
333107;Data Engineer;East London;Pnet;Full-time;FALSE;March;FALSE
549598;Data Engineer;Pretoria;Pnet;Full-time;FALSE;September;FALSE
576455;Data Analyst;South Africa  (+1 other);Pnet;Full-time;FALSE;April;FALSE
813327;Data Engineer;Sandton;Pnet;Full-time;FALSE;May;TRUE
814909;Cloud Engineer;Gqeberha;Pnet;Full-time;FALSE;December;FALSE
849662;Data Engineer;Midrand;Pnet;Full-time;FALSE;June;FALSE
881523;Data Engineer;Sandton;Pnet;Full-time;FALSE;July;FALSE
891310;Software Engineer;Pretoria;Pnet;Full-time;FALSE;February;TRUE
923976;Data Engineer;Stellenbosch;Pnet;Full-time;FALSE;October;FALSE
980201;Business Analyst;Pretoria;Pnet;Full-time;FALSE;December;FALSE
1014782;Cloud Engineer;Pretoria;Pnet;Full-time;FALSE;September;TRUE
1267395;Business Analyst;South Africa   (+2 others);Pnet;Full-time;FALSE;June;FALSE
1297067;Business Analyst;South Africa   (+2 others);Pnet;Full-time;FALSE;June;FALSE
1330089;Data Scientist;South Africa  (+1 other);Pnet;Full-time;FALSE;December;FALSE
1469708;Data Engineer;Kempton Park;Pnet;Full-time;FALSE;February;FALSE
1610466;Data Engineer;uMhlanga;Pnet;Full-time;FALSE;April;FALSE
1752122;Machine Learning Engineer;Sandton;Pnet;Full-time;FALSE;November;FALSE
19380;Data Engineer;Durban;Pnet;Full-time;FALSE;October;TRUE
37761;Data Engineer;Postmasburg;Pnet;Full-time;FALSE;January;FALSE
142399;Data Scientist;Mount Edgecombe;Pnet;Full-time;FALSE;August;FALSE
228276;Data Engineer;Pretoria;Pnet;Full-time;FALSE;July;FALSE
297848;Data Engineer;Sandton;Pnet;Full-time;FALSE;March;TRUE
332512;Data Analyst;South Africa  (+1 other);Pnet;Full-time;FALSE;September;FALSE
342589;Data Engineer;Stellenbosch;Pnet;Full-time;FALSE;October;FALSE
420490;Senior Data Engineer;Midrand;Pnet;Full-time;FALSE;November;TRUE
452563;Business Analyst;East London;Pnet;Full-time;FALSE;May;FALSE
515998;Software Engineer;Delmas;Pnet;Full-time;FALSE;March;TRUE
525554;Data Engineer;Citrusdal;Pnet;Full-time;FALSE;May;FALSE
540809;Senior Data Engineer;Randburg;Pnet;Full-time;FALSE;January;TRUE
623142;Senior Data Analyst;Sandton;Pnet;Full-time;FALSE;November;FALSE
631305;Data Scientist;Pretoria;Pnet;Full-time;FALSE;July;FALSE
637985;Data Engineer;Pretoria;Pnet;Full-time;FALSE;July;FALSE
702203;Data Engineer;Illovo South;Pnet;Full-time;FALSE;June;FALSE
795373;Data Engineer;Durban;Pnet;Full-time;FALSE;April;FALSE
795701;Data Engineer;Midrand;Pnet;Full-time;FALSE;June;TRUE
890226;Data Scientist;Sandton;Pnet;Full-time;FALSE;January;FALSE
901359;Senior Data Scientist;Pretoria;Pnet;Full-time;FALSE;February;FALSE
917160;Data Analyst;uMhlanga;Pnet;Full-time;FALSE;June;FALSE
931153;Business Analyst;South Africa  (+1 other);Pnet;Full-time;FALSE;October;FALSE
936379;Data Scientist;Pretoria;Pnet;Full-time;FALSE;November;FALSE
1133713;Data Analyst;Durban;Pnet;Full-time;FALSE;March;TRUE
1216302;Data Analyst;Pretoria;Pnet;Full-time;FALSE;August;FALSE
1222346;Cloud Engineer;Gqeberha;Pnet;Full-time;FALSE;June;FALSE
1491583;Software Engineer;Sandton;Pnet;Full-time;FALSE;November;FALSE
1505338;Data Analyst;Randburg;Pnet;Full-time;FALSE;October;FALSE
1711426;Data Analyst;Midrand;Pnet;Full-time;FALSE;December;FALSE
1724950;Data Analyst;Olifantsfontein;Pnet;Full-time;FALSE;March;TRUE
1745727;Data Analyst;South Africa  (+1 other);Pnet;Full-time;FALSE;October;FALSE
269028;Data Scientist;uMhlanga;Pnet;Full-time;FALSE;October;FALSE
759208;Data Engineer;Pietermaritzburg;Pnet;Full-time;FALSE;November;FALSE
1362596;Business Analyst;South Africa  (+1 other);Pnet;Full-time;FALSE;May;TRUE
67623;Senior Data Engineer;Randburg;Pnet;Full-time;FALSE;January;FALSE
594872;Software Engineer;Gqeberha;Pnet;Full-time;FALSE;August;TRUE
988439;Data Engineer;Midrand;Pnet;Full-time;FALSE;November;FALSE
1365079;Data Engineer;Midrand;Pnet;Full-time;FALSE;October;FALSE
1752651;Senior Data Engineer;Durban;Pnet;Full-time;FALSE;January;FALSE
36049;Data Engineer;Pretoria;Pnet;Full-time;FALSE;September;TRUE
85439;Software Engineer;Elandsfontein;Pnet;Full-time;FALSE;June;FALSE
109759;Data Engineer;Stellenbosch;Pnet;Full-time;FALSE;January;FALSE
118296;Data Analyst;Durban;Pnet;Full-time;FALSE;March;TRUE
144097;Data Scientist;Pretoria;Pnet;Full-time;FALSE;December;FALSE
292467;Data Engineer;Sandton;Pnet;Full-time;FALSE;September;TRUE
361527;Software Engineer;South Africa  (+1 other);Pnet;Full-time;FALSE;May;TRUE
369775;Data Engineer;Sandton;Pnet;Full-time;FALSE;June;FALSE
388798;Data Engineer;Sandton;Pnet;Full-time;FALSE;June;FALSE
406346;Data Engineer;South Africa  (+1 other);Pnet;Full-time;FALSE;December;FALSE
409721;Software Engineer;Durban;Pnet;Full-time;FALSE;June;TRUE
513685;Data Scientist;South Africa (+1 other);Pnet;Full-time;FALSE;January;FALSE
545254;Software Engineer;Sandton;Pnet;Full-time;FALSE;December;FALSE
573877;Data Scientist;Pretoria;Pnet;Full-time;FALSE;November;FALSE
643720;Data Engineer;Midrand;Pnet;Full-time;FALSE;July;TRUE
729475;Data Analyst;Johannesburg South;Pnet;Full-time;FALSE;November;TRUE
761280;Business Analyst;South Africa  (+1 other);Pnet;Full-time;FALSE;September;FALSE
800905;Data Engineer;Durban;Pnet;Full-time;FALSE;September;FALSE
839032;Data Analyst;Midrand;Pnet;Full-time;FALSE;February;TRUE
847416;Data Analyst;South Africa  (+1 other);Pnet;Full-time;FALSE;November;FALSE
868922;Data Engineer;Stellenbosch;Pnet;Full-time;FALSE;January;TRUE
924901;Data Engineer;Sandton;Pnet;Full-time;FALSE;August;FALSE
1041364;Data Engineer;South Africa   (+2 others);Pnet;Full-time;FALSE;April;FALSE
1061238;Data Engineer;Sandton;Pnet;Full-time;FALSE;November;FALSE
1193505;Machine Learning Engineer;Pretoria;Pnet;Full-time;FALSE;February;FALSE
1237284;Data Engineer;Midrand;Pnet;Full-time;FALSE;February;TRUE
1308939;Software Engineer;Randburg;Pnet;Full-time;FALSE;July;FALSE
1334293;Data Analyst;Mount Edgecombe;Pnet;Full-time;FALSE;January;TRUE
1338201;Senior Data Engineer;Pretoria;Pnet;Full-time;FALSE;June;FALSE
1369199;Data Scientist;Stellenbosch;Pnet;Full-time;FALSE;January;FALSE
1404835;Senior Data Engineer;Sandton;Pnet;Full-time;FALSE;June;TRUE
1658046;Cloud Engineer;South Africa   (+2 others);Pnet;Full-time;FALSE;August;FALSE
1752526;Senior Data Engineer;Stellenbosch;Pnet;Full-time;FALSE;October;TRUE
1770082;Senior Data Scientist;Mtubatuba;Pnet;Full-time;FALSE;December;FALSE
312942;Data Engineer;Pretoria;Pnet;Full-time;FALSE;February;FALSE
780459;Data Scientist;Midrand;Pnet;Full-time;FALSE;April;FALSE
70134;Data Engineer;Stellenbosch;Pnet;Full-time;FALSE;June;FALSE
73131;Data Engineer;Pretoria;Pnet;Full-time;FALSE;March;TRUE
164046;Senior Data Analyst;South Africa  (+1 other);Pnet;Full-time;FALSE;October;FALSE
504167;Data Engineer;Sandton;Pnet;Full-time;FALSE;July;TRUE
702496;Data Engineer;Pretoria;Pnet;Full-time;FALSE;May;TRUE
179842;Data Engineer;South Africa (+1 other);Pnet;Full-time;FALSE;March;FALSE
233375;Data Scientist;Stellenbosch;Pnet;Full-time;FALSE;August;FALSE
262400;Senior Data Scientist;Sandton;Pnet;Full-time;FALSE;August;FALSE
441271;Senior Data Engineer;Randburg;Pnet;Full-time;FALSE;November;FALSE
495339;Data Engineer;Sandton;Pnet;Full-time;FALSE;September;TRUE
500060;Data Scientist;Sandton;Pnet;Full-time;FALSE;September;FALSE
755400;Data Analyst;Sandton;Pnet;Full-time;FALSE;January;FALSE
808547;Data Scientist;South Africa  (+1 other);Pnet;Full-time;FALSE;November;TRUE
815175;Data Analyst;Sandton;Pnet;Full-time;FALSE;July;TRUE
937346;Data Scientist;Sandton;Pnet;Full-time;FALSE;October;FALSE
1046715;Data Analyst;Pretoria;Pnet;Full-time;FALSE;January;FALSE
728319;Data Scientist;South Africa  (+1 other);Pnet;Full-time;FALSE;November;TRUE
1000713;Data Engineer;Illovo South;Pnet;Full-time;FALSE;February;FALSE
1120870;Data Analyst;South Africa  (+1 other);Pnet;Full-time;FALSE;December;TRUE
1169779;Data Analyst;Durban;Pnet;Full-time;FALSE;September;FALSE
1180206;Data Scientist;South Africa (+1 other);Pnet;Full-time;FALSE;January;FALSE
1294340;Data Engineer;Midrand;Pnet;Full-time;FALSE;June;FALSE
1331044;Data Engineer;Stellenbosch;Pnet;Full-time;FALSE;June;FALSE
55803;Data Scientist;Durban;Pnet;Full-time;FALSE;April;FALSE
104165;Software Engineer;Sandton;Pnet;Full-time;FALSE;July;TRUE
105504;Data Engineer;Sandton;Pnet;Full-time;FALSE;December;FALSE
106139;Senior Data Analyst;Kempton Park;Pnet;Full-time;FALSE;May;FALSE
231634;Data Engineer;Midrand;Pnet;Full-time;FALSE;July;FALSE
583393;Data Engineer;Durban;Pnet;Full-time;FALSE;January;FALSE
87225;Data Engineer;Sandton;Pnet;Full-time;FALSE;October;FALSE
217685;Data Analyst;Pretoria;Pnet;Full-time;FALSE;August;FALSE
224625;Data Analyst;uMhlanga;Pnet;Full-time;FALSE;September;TRUE
225245;Data Engineer;Sandton;Pnet;Full-time;FALSE;June;FALSE
252970;Data Engineer;South Africa   (+2 others);Pnet;Full-time;FALSE;August;TRUE
289170;Data Scientist;Gqeberha;Pnet;Full-time;FALSE;March;FALSE
304805;Data Analyst;Sandton;Pnet;Full-time;FALSE;June;TRUE
323582;Data Analyst;Sandton;Pnet;Full-time;FALSE;December;FALSE
374035;Data Engineer;Sandton;Pnet;Full-time;FALSE;August;FALSE
420616;Data Scientist;Stellenbosch;Pnet;Full-time;FALSE;June;FALSE
434345;Software Engineer;Pretoria;Pnet;Full-time;FALSE;August;TRUE
443174;Data Analyst;South Africa  (+1 other);Pnet;Full-time;FALSE;December;FALSE
492232;Data Engineer;Midrand;Pnet;Full-time;FALSE;August;FALSE
544874;Data Engineer;Midrand;Pnet;Full-time;FALSE;March;FALSE
639216;Data Analyst;South Africa   (+4 others);Pnet;Full-time;FALSE;December;TRUE
682188;Data Analyst;South Africa  (+1 other);Pnet;Full-time;FALSE;September;FALSE
779472;Business Analyst;Sandton;Pnet;Full-time;FALSE;August;FALSE
802856;Data Engineer;Midrand;Pnet;Full-time;FALSE;May;FALSE
886952;Data Analyst;South Africa  (+1 other);Pnet;Full-time;FALSE;December;TRUE
922599;Data Engineer;Sandton;Pnet;Full-time;FALSE;August;TRUE
943391;Data Engineer;Sandton;Pnet;Full-time;FALSE;March;FALSE
945156;Data Scientist;Pretoria;Pnet;Full-time;FALSE;January;FALSE
947733;Data Analyst;South Africa  (+1 other);Pnet;Full-time;FALSE;December;TRUE
1063591;Senior Data Engineer;Durban;Pnet;Full-time;FALSE;June;FALSE
1066510;Data Engineer;Sandton;Pnet;Full-time;FALSE;August;FALSE
1184712;Data Analyst;Sandton;Pnet;Full-time;FALSE;June;FALSE
1187174;Data Scientist;Pretoria;Pnet;Full-time;FALSE;January;FALSE
1192993;Data Scientist;Midrand;Pnet;Full-time;FALSE;August;FALSE
1205771;Data Engineer;Pretoria;Pnet;Full-time;FALSE;July;FALSE
1209690;Data Engineer;South Africa (+1 other);Pnet;Full-time;FALSE;March;FALSE
1273083;Data Engineer;Pretoria;Pnet;Full-time;FALSE;November;TRUE
1413688;Senior Data Engineer;Sandton;Pnet;Full-time;FALSE;November;TRUE
1441926;Senior Data Engineer;Pretoria;Pnet;Full-time;FALSE;February;TRUE
1783874;Business Analyst;Sandton;Pnet;Full-time;FALSE;December;FALSE
218323;Senior Data Scientist;Pretoria;Pnet;Full-time;FALSE;November;FALSE
373555;Business Analyst;South Africa  (+1 other);Pnet;Full-time;FALSE;December;FALSE
421918;Data Scientist;South Africa  (+1 other);Pnet;Full-time;FALSE;June;FALSE
447510;Data Engineer;Sandton;Pnet;Full-time;FALSE;July;TRUE
509603;Data Scientist;Pietermaritzburg;Pnet;Full-time;FALSE;September;FALSE
511642;Data Engineer;South Africa  (+1 other);Pnet;Full-time;FALSE;June;FALSE
1542132;Data Engineer;South Africa  (+1 other);Pnet;Full-time;FALSE;December;TRUE
1600976;Data Analyst;Gqeberha;Pnet;Full-time;FALSE;June;FALSE
93928;Senior Data Scientist;Sandton;Pnet;Full-time;FALSE;January;FALSE
196218;Senior Data Engineer;South Africa   (+2 others);Pnet;Full-time;FALSE;August;FALSE
203759;Business Analyst;Randburg;Pnet;Full-time;FALSE;November;FALSE
634942;Senior Data Engineer;Durban;Pnet;Full-time;FALSE;August;FALSE
711263;Data Scientist;Durban;Pnet;Full-time;FALSE;May;FALSE
733225;Senior Data Engineer;Sandton;Pnet;Full-time;FALSE;November;TRUE
998799;Data Analyst;Sandton;Pnet;Full-time;FALSE;January;TRUE
1013610;Data Scientist;Stellenbosch;Pnet;Full-time;FALSE;April;FALSE
1397055;Data Scientist;Stellenbosch;Pnet;Full-time;FALSE;November;FALSE
1405751;Software Engineer;Pretoria;Pnet;Full-time;FALSE;November;FALSE
754320;Data Scientist;Sandton;Pnet;Full-time;FALSE;January;FALSE
787469;Data Scientist;Somerset East;Pnet;Full-time;FALSE;May;FALSE
809216;Data Engineer;Durban;Pnet;Full-time;FALSE;September;FALSE
835770;Software Engineer;Randburg;Pnet;Full-time;FALSE;November;FALSE
1033774;Data Engineer;Midrand;Pnet;Full-time;FALSE;November;FALSE
1098300;Data Engineer;Midrand;Pnet;Full-time;FALSE;March;FALSE
1258327;Data Engineer;Stellenbosch;Pnet;Full-time;FALSE;January;TRUE
1302794;Data Scientist;South Africa  (+1 other);Pnet;Full-time;FALSE;April;FALSE
1358894;Data Engineer;Sandton;Pnet;Full-time;FALSE;February;TRUE
1367173;Machine Learning Engineer;Pretoria;Pnet;Full-time;FALSE;August;FALSE
1386182;Data Analyst;Stellenbosch;Pnet;Full-time;FALSE;October;FALSE
1422666;Data Analyst;Durban;Pnet;Full-time;FALSE;January;TRUE
1432664;Senior Data Engineer;Sandton;Pnet;Full-time;FALSE;October;TRUE
1490426;Data Scientist;Midrand;Pnet;Full-time;FALSE;August;FALSE
1555833;Data Analyst;Somerset East;Pnet;Full-time;FALSE;May;TRUE
1655900;Data Engineer;Sandton;Pnet;Full-time;FALSE;October;TRUE
35767;Data Engineer;Pretoria;Pnet;Full-time;FALSE;February;FALSE
71491;Data Engineer;Durban;Pnet;Full-time;FALSE;July;FALSE
1677910;Data Analyst;Midrand;Pnet;Full-time;FALSE;August;FALSE
1697819;Software Engineer;Pretoria;Pnet;Full-time;FALSE;April;TRUE
4138;Data Engineer;Sandton;Pnet;Full-time;FALSE;June;FALSE
80565;Data Analyst;South Africa   (+2 others);Pnet;Full-time;FALSE;December;FALSE
131093;Data Engineer;East London;Pnet;Full-time;FALSE;February;FALSE
206917;Data Analyst;Gqeberha;Pnet;Full-time;FALSE;June;TRUE
346892;Data Analyst;Randburg;Pnet;Full-time;FALSE;September;FALSE
347334;Data Engineer;Sandton;Pnet;Full-time;FALSE;October;TRUE
364264;Data Analyst;Grabouw;Pnet;Full-time;FALSE;July;FALSE
423466;Data Scientist;Edenvale;Pnet;Full-time;FALSE;November;TRUE
430462;Data Engineer;Sandton;Pnet;Full-time;FALSE;August;TRUE
753947;Software Engineer;Sandton;Pnet;Full-time;FALSE;April;FALSE
769572;Data Analyst;Midrand;Pnet;Full-time;FALSE;June;FALSE
856577;Data Engineer;Midrand;Pnet;Full-time;FALSE;May;TRUE
872767;Data Engineer;Midrand;Pnet;Full-time;FALSE;January;TRUE
979790;Data Engineer;East London;Pnet;Full-time;FALSE;February;FALSE
1024802;Data Engineer;Durban;Pnet;Full-time;FALSE;July;FALSE
1039931;Data Analyst;Durban;Pnet;Full-time;FALSE;June;TRUE
1065067;Data Scientist;Midrand;Pnet;Full-time;FALSE;June;FALSE
1096419;Data Analyst;Midrand;Pnet;Full-time;FALSE;January;TRUE
1317290;Data Engineer;Pretoria;Pnet;Full-time;FALSE;February;TRUE
1342975;Data Engineer;Midrand;Pnet;Full-time;FALSE;September;FALSE
1367608;Data Engineer;Sandton;Pnet;Full-time;FALSE;August;TRUE
1407322;Data Engineer;Gqeberha;Pnet;Full-time;FALSE;February;TRUE
1446947;Data Engineer;Mpumalanga;Pnet;Full-time;FALSE;September;FALSE
1635467;Business Analyst;Stellenbosch;Pnet;Full-time;FALSE;September;FALSE
1643486;Business Analyst;Stellenbosch;Pnet;Full-time;FALSE;August;FALSE
1768474;Data Scientist;Durban;Pnet;Full-time;FALSE;September;FALSE
1794620;Data Engineer;Sandton;Pnet;Full-time;FALSE;May;FALSE
1799698;Data Engineer;Pretoria;Pnet;Full-time;FALSE;February;FALSE
432409;Data Engineer;Midrand;Pnet;Full-time;FALSE;July;TRUE
493875;Data Engineer;Midrand;Pnet;Full-time;FALSE;June;FALSE
447696;Data Scientist;Stellenbosch;Pnet;Full-time;FALSE;June;FALSE
1003702;Data Scientist;Midrand;Pnet;Full-time;FALSE;July;FALSE
1627874;Data Analyst;Randburg;Pnet;Full-time;FALSE;October;FALSE
59168;Business Analyst;South Africa  (+1 other);Pnet;Full-time;FALSE;April;FALSE
380037;Cloud Engineer;Gqeberha;Pnet;Full-time;FALSE;June;FALSE
427143;Data Engineer;East London;Pnet;Full-time;FALSE;May;TRUE
482525;Data Engineer;Randburg;Pnet;Full-time;FALSE;March;FALSE
540236;Data Scientist;South Africa (+1 other);Pnet;Full-time;FALSE;March;FALSE
1073967;Data Engineer;Randburg;Pnet;Full-time;FALSE;October;FALSE
1302359;Data Engineer;Sandton;Pnet;Full-time;FALSE;July;FALSE
23836;Data Engineer;Randburg;Pnet;Full-time;FALSE;August;FALSE
147978;Data Engineer;Midrand;Pnet;Full-time;FALSE;June;FALSE
309873;Data Analyst;Sandton;Pnet;Full-time;FALSE;August;FALSE
353545;Data Analyst;Durban;Pnet;Full-time;FALSE;June;FALSE
363160;Senior Data Engineer;Durban;Pnet;Full-time;FALSE;August;FALSE
446111;Data Analyst;Stellenbosch;Pnet;Full-time;FALSE;June;FALSE
466850;Data Scientist;Mount Edgecombe;Pnet;Full-time;FALSE;November;FALSE
467248;Data Engineer;Stellenbosch;Pnet;Full-time;FALSE;September;FALSE
479322;Software Engineer;Pretoria;Pnet;Full-time;FALSE;July;FALSE
501048;Data Analyst;South Africa  (+1 other);Pnet;Full-time;FALSE;July;TRUE
524024;Data Engineer;Stellenbosch;Pnet;Full-time;FALSE;July;FALSE
534861;Data Scientist;South Africa  (+1 other);Pnet;Full-time;FALSE;December;TRUE
536866;Data Engineer;Sandton;Pnet;Full-time;FALSE;August;FALSE
557400;Data Analyst;Pretoria;Pnet;Full-time;FALSE;August;TRUE
587781;Data Engineer;South Africa  (+1 other);Pnet;Full-time;FALSE;November;TRUE
597702;Senior Data Scientist;Lephalale;Pnet;Full-time;FALSE;October;FALSE
622842;Data Engineer;Durban;Pnet;Full-time;FALSE;March;FALSE
730166;Data Engineer;Durban;Pnet;Full-time;FALSE;August;FALSE
850164;Data Analyst;Kariega;Pnet;Full-time;FALSE;July;FALSE
860794;Data Engineer;Sandton;Pnet;Full-time;FALSE;June;FALSE
861083;Senior Data Analyst;Sandton;Pnet;Full-time;FALSE;October;FALSE
998583;Data Engineer;Midrand;Pnet;Full-time;FALSE;March;FALSE
1019600;Data Analyst;Midrand;Pnet;Full-time;FALSE;January;TRUE
1120816;Data Analyst;Durban;Pnet;Full-time;FALSE;March;TRUE
1144606;Data Scientist;Pietermaritzburg;Pnet;Full-time;FALSE;July;TRUE
1755219;Software Engineer;Pretoria;Pnet;Full-time;FALSE;August;FALSE
1825253;Data Engineer;South Africa  (+1 other);Pnet;Full-time;FALSE;April;FALSE
751725;Data Engineer;Sandton;Pnet;Full-time;FALSE;August;TRUE
841044;Cloud Engineer;Pretoria;Pnet;Full-time;FALSE;March;FALSE
872857;Data Engineer;Sandton;Pnet;Full-time;FALSE;February;FALSE
910998;Data Scientist;Letsitele;Pnet;Full-time;FALSE;July;TRUE
1300117;Data Analyst;South Africa (+1 other);Pnet;Full-time;FALSE;March;FALSE
1704304;Data Engineer;Sandton;Pnet;Full-time;FALSE;June;FALSE
1744722;Machine Learning Engineer;South Africa (+1 other);Pnet;Full-time;FALSE;January;TRUE
1823549;Data Scientist;South Africa  (+1 other);Pnet;Full-time;FALSE;July;FALSE
1345981;Business Analyst;South Africa  (+1 other);Pnet;Full-time;FALSE;July;FALSE
1370174;Data Analyst;Pretoria;Pnet;Full-time;FALSE;November;FALSE
1380747;Data Engineer;Midrand;Pnet;Full-time;FALSE;September;FALSE
1387741;Software Engineer;Sandton;Pnet;Full-time;FALSE;August;FALSE
1440216;Data Engineer;Pinetown;Pnet;Full-time;FALSE;January;FALSE
1608682;Senior Data Engineer;Pretoria;Pnet;Full-time;FALSE;September;TRUE
1619137;Data Engineer;Midrand;Pnet;Full-time;FALSE;February;FALSE
1625560;Software Engineer;Midrand;Pnet;Full-time;FALSE;August;FALSE
78288;Data Engineer;Centurion;Pnet;Full-time;FALSE;March;FALSE
1341048;Data Scientist;Centurion;Pnet;Full-time;FALSE;May;FALSE
1584317;Data Engineer;Centurion;Pnet;Full-time;FALSE;June;TRUE
160353;Data Analyst;Centurion;Pnet;Full-time;FALSE;April;FALSE
1205490;Cloud Engineer;Centurion;Pnet;Full-time;FALSE;December;TRUE
906901;Cloud Engineer;Centurion;Pnet;Full-time;FALSE;July;FALSE
61946;Data Engineer;Centurion;Pnet;Full-time;FALSE;November;TRUE
155523;Data Engineer;Centurion;Pnet;Full-time;FALSE;March;FALSE
348689;Senior Data Scientist;Centurion;Pnet;Full-time;FALSE;June;FALSE
411702;Data Scientist;Centurion;Pnet;Full-time;FALSE;June;FALSE
1148841;Data Scientist;Centurion;Pnet;Full-time;FALSE;July;FALSE
1223838;Data Engineer;Centurion;Pnet;Full-time;FALSE;March;TRUE
1329418;Data Engineer;Centurion;Pnet;Full-time;FALSE;June;FALSE
1423991;Senior Data Analyst;Centurion;Pnet;Full-time;FALSE;July;FALSE
1584598;Data Analyst;Centurion;Pnet;Full-time;FALSE;November;FALSE
1748959;Data Engineer;Centurion;Pnet;Full-time;FALSE;December;FALSE
18775;Senior Data Engineer;Centurion;Pnet;Full-time;FALSE;December;FALSE
194152;Machine Learning Engineer;Centurion;Pnet;Full-time;FALSE;June;FALSE
287902;Data Engineer;Centurion;Pnet;Full-time;FALSE;June;FALSE
447490;Data Scientist;Centurion;Pnet;Full-time;FALSE;June;FALSE
514048;Data Engineer;Centurion;Pnet;Full-time;FALSE;May;FALSE
673717;Data Scientist;Centurion;Pnet;Full-time;FALSE;July;FALSE
708167;Data Engineer;Centurion;Pnet;Full-time;FALSE;July;FALSE
738996;Machine Learning Engineer;Centurion;Pnet;Full-time;FALSE;July;FALSE
763015;Data Engineer;Centurion;Pnet;Full-time;FALSE;May;FALSE
892338;Senior Data Engineer;Centurion;Pnet;Full-time;FALSE;January;FALSE
897456;Data Scientist;Centurion;Pnet;Full-time;FALSE;January;FALSE
1120967;Data Analyst;Centurion;Pnet;Full-time;FALSE;February;FALSE
1280279;Data Engineer;Centurion;Pnet;Full-time;FALSE;March;FALSE
1293915;Senior Data Engineer;Centurion;Pnet;Full-time;FALSE;January;FALSE
1391728;Software Engineer;Centurion;Pnet;Full-time;FALSE;March;FALSE
1001659;Data Engineer;Centurion;Pnet;Full-time;FALSE;May;FALSE
1691023;Data Analyst;Centurion;Pnet;Full-time;FALSE;February;FALSE
400351;Senior Data Scientist;Centurion;Pnet;Full-time;FALSE;November;FALSE
468831;Data Scientist;Centurion;Pnet;Full-time;FALSE;July;FALSE
640536;Data Engineer;Centurion;Pnet;Full-time;FALSE;April;TRUE
1484726;Data Engineer;Centurion;Pnet;Full-time;FALSE;June;FALSE
1585942;Data Engineer;Centurion;Pnet;Full-time;FALSE;June;FALSE
1643200;Data Engineer;Centurion;Pnet;Full-time;FALSE;January;TRUE
18700;Senior Data Engineer;Centurion;Pnet;Full-time;FALSE;January;TRUE
881400;Data Analyst;Centurion;Pnet;Full-time;FALSE;September;TRUE
725016;Machine Learning Engineer;Centurion;Pnet;Full-time;FALSE;October;FALSE
1209709;Machine Learning Engineer;Centurion;Pnet;Full-time;FALSE;September;FALSE
36920;Data Scientist;Centurion;Pnet;Full-time;FALSE;May;FALSE
100594;Data Engineer;Centurion;Pnet;Full-time;FALSE;December;TRUE
236567;Software Engineer;Centurion;Pnet;Full-time;FALSE;June;FALSE
276750;Machine Learning Engineer;Centurion;Pnet;Full-time;FALSE;August;FALSE
390855;Data Scientist;Centurion;Pnet;Full-time;FALSE;May;FALSE
506727;Data Scientist;Centurion;Pnet;Full-time;FALSE;May;FALSE
828709;Data Scientist;Centurion;Pnet;Full-time;FALSE;May;FALSE
1235979;Senior Data Engineer;Centurion;Pnet;Full-time;FALSE;June;FALSE
1292687;Data Analyst;Centurion;Pnet;Full-time;FALSE;September;FALSE
1007224;Data Engineer;Centurion;Pnet;Full-time;FALSE;February;TRUE
1136829;Data Engineer;Centurion;Pnet;Full-time;FALSE;June;FALSE
1459054;Senior Data Analyst;Centurion;Pnet;Full-time;FALSE;August;FALSE
384339;Senior Data Engineer;Centurion;Pnet;Full-time;FALSE;March;TRUE
402950;Data Analyst;Centurion;Pnet;Full-time;FALSE;June;FALSE
507453;Data Scientist;Centurion;Pnet;Full-time;FALSE;October;FALSE
631061;Data Engineer;Centurion;Pnet;Full-time;FALSE;April;FALSE
922970;Data Scientist;Centurion;Pnet;Full-time;FALSE;January;FALSE
1119564;Data Engineer;Centurion;Pnet;Full-time;FALSE;May;FALSE
529259;Machine Learning Engineer;Centurion;Pnet;Full-time;FALSE;September;FALSE
1500502;Senior Data Scientist;Centurion;Pnet;Full-time;FALSE;July;FALSE
58223;Data Scientist;Centurion;Pnet;Full-time;FALSE;March;FALSE
373287;Data Engineer;Centurion;Pnet;Full-time;FALSE;June;FALSE
394014;Machine Learning Engineer;Centurion;Pnet;Full-time;FALSE;November;FALSE
436085;Data Engineer;Centurion;Pnet;Full-time;FALSE;July;TRUE
474522;Software Engineer;Centurion;Pnet;Full-time;FALSE;June;FALSE
517398;Data Analyst;Centurion;Pnet;Full-time;FALSE;December;FALSE
518242;Data Scientist;Centurion;Pnet;Full-time;FALSE;August;FALSE
1015754;Data Analyst;Centurion;Pnet;Full-time;FALSE;August;FALSE
1696412;Data Analyst;Centurion;Pnet;Full-time;FALSE;May;FALSE
356556;Senior Data Engineer;Centurion;Pnet;Full-time;FALSE;January;FALSE
1138251;Senior Data Engineer;Centurion;Pnet;Full-time;FALSE;June;TRUE
211869;Machine Learning Engineer;Centurion;Pnet;Full-time;FALSE;November;FALSE
630333;Data Engineer;Centurion;Pnet;Full-time;FALSE;May;FALSE
1729414;Data Engineer;Centurion;Pnet;Full-time;FALSE;June;FALSE
1800181;Machine Learning Engineer;Centurion;Pnet;Full-time;FALSE;April;FALSE
1824900;Machine Learning Engineer;Centurion;Pnet;Full-time;FALSE;September;FALSE
1286868;Data Engineer;Centurion;Pnet;Full-time;FALSE;January;TRUE
425074;Data Analyst;Western Cape;Indeed;Full-time;FALSE;March;FALSE
83830;Machine Learning Engineer;Western Cape;Indeed;Full-time;FALSE;July;FALSE
583625;Business Analyst;Western Cape;Indeed;Full-time;FALSE;June;FALSE
835921;Machine Learning Engineer;Western Cape;Indeed;Full-time;FALSE;October;FALSE
1103993;Data Analyst;Western Cape;Indeed;Full-time;FALSE;May;TRUE
1299721;Business Analyst;Western Cape;Indeed;Full-time;FALSE;April;FALSE
1488800;Business Analyst;Western Cape;Indeed;Full-time;FALSE;April;FALSE
812723;Data Scientist;Western Cape;Indeed;Full-time;FALSE;June;FALSE
873231;Data Scientist;Western Cape;Indeed;Full-time;FALSE;June;FALSE
322569;Data Analyst;Western Cape;Indeed;Full-time;FALSE;October;TRUE
391647;Machine Learning Engineer;Western Cape;Indeed;Full-time;FALSE;June;FALSE
456554;Data Engineer;Western Cape;Indeed;Full-time;FALSE;April;FALSE
595480;Data Engineer;Western Cape;Indeed;Full-time;FALSE;March;TRUE
754912;Data Analyst;Western Cape;Indeed;Full-time;FALSE;June;FALSE
829848;Data Analyst;Western Cape;Indeed;Full-time;FALSE;December;FALSE
1204057;Machine Learning Engineer;Western Cape;Indeed;Full-time;FALSE;April;FALSE
1297570;Data Engineer;Western Cape;Indeed;Full-time;FALSE;November;FALSE
1421322;Data Engineer;Western Cape;Indeed;Full-time;FALSE;April;FALSE
1429281;Data Engineer;Western Cape;Indeed;Full-time;FALSE;June;FALSE
161264;Business Analyst;Western Cape;Indeed;Full-time;FALSE;July;TRUE
551665;Data Analyst;Western Cape;Indeed;Full-time;FALSE;June;TRUE
1233251;Data Analyst;Western Cape;Indeed;Full-time;FALSE;October;FALSE
1804115;Business Analyst;Western Cape;Indeed;Full-time;FALSE;March;TRUE
25571;Senior Data Scientist;Western Cape;Indeed;Full-time;FALSE;November;FALSE
268422;Data Analyst;Western Cape;Indeed;Full-time;FALSE;July;TRUE
348105;Data Analyst;Western Cape;Indeed;Full-time;FALSE;May;FALSE
488744;Data Analyst;Western Cape;Indeed;Full-time;FALSE;July;FALSE
568431;Software Engineer;Western Cape;Indeed;Full-time;FALSE;July;TRUE
789104;Senior Data Scientist;Western Cape;Indeed;Full-time;FALSE;November;FALSE
935501;Data Analyst;Western Cape;Indeed;Full-time;FALSE;July;FALSE
942753;Data Analyst;Western Cape;Indeed;Full-time;FALSE;October;FALSE
1051866;Data Engineer;Western Cape;Indeed;Full-time;FALSE;October;TRUE
1274174;Data Analyst;Western Cape;Indeed;Full-time;FALSE;April;FALSE
1394449;Business Analyst;Western Cape;Indeed;Full-time;FALSE;June;FALSE
1433052;Data Analyst;Western Cape;Indeed;Full-time;FALSE;May;FALSE
1652139;Senior Data Scientist;Western Cape;Indeed;Full-time;FALSE;October;FALSE
1667610;Data Analyst;Western Cape;Indeed;Full-time;FALSE;November;FALSE
122743;Data Scientist;Western Cape;Indeed;Full-time;FALSE;October;FALSE
155182;Data Analyst;Western Cape;Indeed;Full-time;FALSE;October;FALSE
235680;Data Scientist;Western Cape;Indeed;Full-time;FALSE;April;FALSE
356054;Business Analyst;Western Cape;Indeed;Full-time;FALSE;June;FALSE
505603;Data Analyst;Western Cape;Indeed;Full-time;FALSE;April;TRUE
618395;Data Analyst;Western Cape;Indeed;Full-time;FALSE;December;FALSE
757824;Senior Data Engineer;Western Cape;Indeed;Full-time;FALSE;June;FALSE
829051;Data Analyst;Western Cape;Indeed;Full-time;FALSE;June;FALSE
855415;Data Analyst;Western Cape;Indeed;Full-time;FALSE;November;FALSE
940302;Data Scientist;Western Cape;Indeed;Full-time;FALSE;December;FALSE
1229798;Data Analyst;Western Cape;Indeed;Full-time;FALSE;June;TRUE
1346390;Business Analyst;Western Cape;Indeed;Full-time;FALSE;October;TRUE
1423525;Data Scientist;Western Cape;Indeed;Full-time;FALSE;March;FALSE
1519595;Data Scientist;Western Cape;Indeed;Full-time;FALSE;May;FALSE
865432;Business Analyst;Western Cape;Indeed;Full-time;FALSE;November;FALSE
1446719;Senior Data Scientist;Western Cape;Indeed;Full-time;FALSE;March;FALSE
603347;Business Analyst;Western Cape;Indeed;Full-time;FALSE;April;FALSE
1341446;Data Analyst;Western Cape;Indeed;Full-time;FALSE;July;TRUE
1341944;Machine Learning Engineer;Western Cape;Indeed;Full-time;FALSE;November;FALSE
1369108;Data Analyst;Western Cape;Indeed;Full-time;FALSE;July;FALSE
30954;Data Analyst;Western Cape;Indeed;Full-time;FALSE;July;TRUE
354258;Data Analyst;Western Cape;Indeed;Full-time;FALSE;June;FALSE
784408;Data Analyst;Western Cape;Indeed;Full-time;FALSE;December;FALSE
980258;Data Analyst;Western Cape;Indeed;Full-time;FALSE;May;FALSE
1672665;Data Analyst;Western Cape;Indeed;Full-time;FALSE;November;TRUE
1680780;Senior Data Scientist;Western Cape;Indeed;Full-time;FALSE;May;FALSE
1188412;Data Analyst;Western Cape;Indeed;Full-time;FALSE;April;FALSE
1709987;Data Scientist;Western Cape;Indeed;Full-time;FALSE;April;FALSE
1712955;Data Analyst;Western Cape;Indeed;Full-time;FALSE;April;TRUE
897186;Data Analyst;Western Cape;Indeed;Full-time;FALSE;November;FALSE
1300569;Business Analyst;Western Cape;Indeed;Full-time;FALSE;November;TRUE
777592;Data Scientist;Western Cape;Indeed;Full-time;FALSE;May;TRUE
1270688;Data Analyst;Western Cape;Indeed;Full-time;FALSE;November;FALSE
1309285;Data Analyst;Western Cape;Indeed;Full-time;FALSE;November;FALSE
1316573;Data Analyst;Western Cape;Indeed;Full-time;FALSE;October;FALSE
218658;Business Analyst;Western Cape;Indeed;Full-time;FALSE;March;FALSE
221819;Senior Data Analyst;Western Cape;Indeed;Full-time;FALSE;July;FALSE
777892;Business Analyst;Western Cape;Indeed;Full-time;FALSE;April;FALSE
875774;Business Analyst;Western Cape;Indeed;Full-time;FALSE;May;TRUE
74970;Data Analyst;Western Cape;Indeed;Full-time;FALSE;October;FALSE
393561;Data Analyst;Western Cape;Indeed;Full-time;FALSE;May;TRUE
766760;Data Analyst;Western Cape;Indeed;Full-time;FALSE;April;FALSE
823217;Business Analyst;Western Cape;Indeed;Full-time;FALSE;October;FALSE
855825;Data Engineer;Western Cape;Indeed;Full-time;FALSE;March;TRUE
899060;Data Engineer;Western Cape;Indeed;Full-time;FALSE;May;FALSE
1424675;Data Analyst;Western Cape;Indeed;Full-time;FALSE;May;FALSE
1712201;Data Analyst;Western Cape;Indeed;Full-time;FALSE;June;FALSE
185141;Business Analyst;Western Cape;Indeed;Full-time;FALSE;October;TRUE
431318;Data Engineer;Western Cape;Indeed;Full-time;FALSE;October;TRUE
546142;Data Engineer;Western Cape;Indeed;Full-time;FALSE;April;TRUE
1128270;Data Engineer;Western Cape;Indeed;Full-time;FALSE;June;FALSE
1512806;Business Analyst;Western Cape;Indeed;Full-time;FALSE;October;FALSE
1151792;Data Analyst;Western Cape;Indeed;Full-time;FALSE;December;FALSE
708930;Data Analyst;Western Cape;Indeed;Full-time;FALSE;June;TRUE
895335;Data Analyst;Western Cape;Indeed;Full-time;FALSE;May;TRUE
84414;Data Analyst;Western Cape;Indeed;Full-time;FALSE;October;FALSE
1462099;Data Engineer;Western Cape;Indeed;Full-time;FALSE;December;FALSE
1242667;Data Analyst;Western Cape;Indeed;Full-time;FALSE;June;TRUE
891889;Data Engineer;Western Cape;Indeed;Full-time;FALSE;July;FALSE
1318453;Data Analyst;Western Cape;Indeed;Full-time;FALSE;April;TRUE
1573764;Data Engineer;Western Cape;Indeed;Full-time;FALSE;July;FALSE
545381;Data Analyst;Anywhere;Indeed;Full-time;TRUE;April;FALSE
1772070;Data Engineer;Anywhere;Indeed;Full-time;TRUE;February;FALSE
1644503;Data Scientist;Anywhere;Indeed;Full-time;TRUE;May;FALSE
1808468;Cloud Engineer;Anywhere;Indeed;Full-time;TRUE;March;FALSE
374248;Data Analyst;Anywhere;Indeed;Full-time;TRUE;March;FALSE
945910;Data Engineer;Anywhere;Indeed;Full-time;TRUE;October;FALSE
1231770;Business Analyst;Anywhere;Indeed;Full-time;TRUE;June;FALSE
1566148;Data Analyst;Anywhere;Indeed;Full-time;TRUE;July;TRUE
1474688;Data Engineer;Anywhere;Indeed;Full-time;TRUE;January;TRUE
573009;Data Scientist;Anywhere;Indeed;Full-time;TRUE;July;FALSE
982390;Data Analyst;Anywhere;Indeed;Full-time;TRUE;January;TRUE
1305574;Business Analyst;Anywhere;Indeed;Full-time;TRUE;July;FALSE
1678168;Senior Data Engineer;Anywhere;Indeed;Full-time;TRUE;October;TRUE
1753331;Data Analyst;Anywhere;Indeed;Full-time;TRUE;March;TRUE
174904;Data Engineer;Anywhere;Indeed;Full-time;TRUE;May;FALSE
1006192;Senior Data Engineer;Anywhere;Indeed;Full-time;TRUE;September;TRUE
1640846;Data Engineer;Anywhere;Indeed;Full-time;TRUE;October;TRUE
1740574;Senior Data Engineer;Anywhere;Indeed;Full-time;TRUE;May;TRUE
1745464;Data Analyst;Anywhere;Indeed;Full-time;TRUE;January;FALSE
528074;Software Engineer;Anywhere;Indeed;Full-time;TRUE;October;FALSE
580827;Data Engineer;Anywhere;Indeed;Full-time;TRUE;March;FALSE
729344;Senior Data Engineer;Anywhere;Indeed;Full-time;TRUE;March;TRUE
754276;Data Analyst;Anywhere;Indeed;Full-time;TRUE;February;TRUE
1192357;Senior Data Engineer;Anywhere;Indeed;Full-time;TRUE;January;TRUE
52536;Data Analyst;Anywhere;Indeed;Full-time;TRUE;May;TRUE
100870;Senior Data Engineer;Anywhere;Indeed;Full-time;TRUE;March;TRUE
1025625;Machine Learning Engineer;Anywhere;Indeed;Full-time;TRUE;March;FALSE
1128764;Data Engineer;Anywhere;Indeed;Full-time;TRUE;June;TRUE
1574648;Data Engineer;Anywhere;Indeed;Full-time;TRUE;September;FALSE
387621;Data Scientist;Anywhere;Indeed;Full-time;TRUE;January;FALSE
544546;Senior Data Analyst;Anywhere;Indeed;Full-time;TRUE;March;FALSE
765352;Business Analyst;Anywhere;Indeed;Full-time;TRUE;July;TRUE
504378;Data Analyst;Anywhere;Indeed;Full-time;TRUE;September;TRUE
272852;Data Engineer;Anywhere;Indeed;Full-time;TRUE;October;FALSE
412493;Data Engineer;Anywhere;Indeed;Full-time;TRUE;August;FALSE
792381;Senior Data Engineer;Anywhere;Indeed;Full-time;TRUE;January;FALSE
851965;Data Engineer;Anywhere;Indeed;Full-time;TRUE;May;FALSE
590014;Data Analyst;Anywhere;Indeed;Full-time;TRUE;April;TRUE
373575;Senior Data Scientist;Anywhere;Indeed;Full-time;TRUE;February;FALSE
449620;Machine Learning Engineer;Anywhere;Indeed;Full-time;TRUE;October;FALSE
917998;Data Analyst;Anywhere;Indeed;Full-time;TRUE;February;FALSE
271504;Data Engineer;Anywhere;Indeed;Full-time;TRUE;February;FALSE
353020;Data Scientist;Anywhere;Indeed;Full-time;TRUE;January;FALSE
1742768;Business Analyst;Anywhere;Indeed;Full-time;TRUE;January;FALSE
460101;Business Analyst;Anywhere;Indeed;Full-time;TRUE;August;TRUE
769685;Data Scientist;Anywhere;Indeed;Full-time;TRUE;May;FALSE
1401646;Data Analyst;Anywhere;Indeed;Full-time;TRUE;May;FALSE
1034683;Data Analyst;Anywhere;Indeed;Full-time;TRUE;March;TRUE
1302737;Data Engineer;Anywhere;Indeed;Full-time;TRUE;May;FALSE
1307665;Data Engineer;Anywhere;Indeed;Full-time;TRUE;October;FALSE
1316736;Business Analyst;Anywhere;Indeed;Full-time;TRUE;March;FALSE
280651;Data Analyst;Anywhere;Indeed;Full-time;TRUE;February;TRUE
348140;Senior Data Engineer;Anywhere;Indeed;Full-time;TRUE;August;FALSE
638855;Business Analyst;Anywhere;Indeed;Full-time;TRUE;June;FALSE
722447;Data Analyst;Anywhere;Indeed;Full-time;TRUE;August;TRUE
904233;Machine Learning Engineer;Anywhere;Indeed;Full-time;TRUE;September;FALSE
1173076;Data Engineer;Anywhere;Indeed;Full-time;TRUE;August;TRUE
214554;Machine Learning Engineer;Anywhere;Indeed;Full-time;TRUE;February;FALSE
361321;Data Engineer;Anywhere;Indeed;Full-time;TRUE;September;TRUE
389271;Business Analyst;Anywhere;Indeed;Full-time;TRUE;April;FALSE
176380;Data Analyst;Anywhere;Indeed;Full-time;TRUE;January;TRUE
649094;Data Scientist;Anywhere;Indeed;Full-time;TRUE;November;FALSE
34555;Data Engineer;Anywhere;Indeed;Full-time;TRUE;January;TRUE
1819811;Data Scientist;Anywhere;Indeed;Full-time;TRUE;September;FALSE
108455;Machine Learning Engineer;Anywhere;Indeed;Full-time;TRUE;May;FALSE
1512308;Data Engineer;Anywhere;Indeed;Full-time;TRUE;September;TRUE
776733;Software Engineer;Anywhere;Indeed;Full-time;TRUE;June;FALSE
825943;Data Engineer;Anywhere;Indeed;Full-time;TRUE;August;FALSE
1432544;Data Scientist;Anywhere;Indeed;Full-time;TRUE;October;FALSE
1631096;Data Engineer;Anywhere;Indeed;Full-time;TRUE;February;FALSE
1480367;Business Analyst;Anywhere;Indeed;Full-time;TRUE;September;FALSE
40034;Data Scientist;Anywhere;Indeed;Full-time;TRUE;August;FALSE
1220871;Data Analyst;Anywhere;Indeed;Full-time;TRUE;August;TRUE
145877;Senior Data Engineer;Centurion;Indeed;Full-time;FALSE;June;FALSE
587658;Data Engineer;Midrand;Indeed;Full-time;FALSE;February;TRUE
688575;Data Engineer;Centurion;Indeed;Full-time;FALSE;May;TRUE
744557;Data Scientist;Pretoria;Indeed;Full-time;FALSE;October;FALSE
850529;Data Engineer;Pietermaritzburg;Indeed;Full-time;FALSE;July;FALSE
900292;Data Scientist;Stellenbosch;Indeed;Full-time;FALSE;June;FALSE
934991;Data Engineer;Sandton;Indeed;Full-time;FALSE;June;FALSE
1155699;Data Engineer;Reitz;Indeed;Full-time;FALSE;May;FALSE
1239519;Data Engineer;East London;Indeed;Full-time;FALSE;May;FALSE
1289405;Data Scientist;Pretoria;Indeed;Full-time;FALSE;June;FALSE
1681088;Data Engineer;Pretoria;Indeed;Full-time;FALSE;May;FALSE
1751606;Data Engineer;Pretoria;Indeed;Full-time;FALSE;May;FALSE
121101;Data Analyst;Bloemfontein;Indeed;Full-time;FALSE;September;TRUE
171328;Data Analyst;Sandton;Indeed;Full-time;FALSE;November;FALSE
287137;Data Engineer;Midrand;Indeed;Full-time;FALSE;July;FALSE
329704;Data Engineer;East London;Indeed;Full-time;FALSE;February;FALSE
410289;Data Engineer;Sandton;Indeed;Full-time;FALSE;January;FALSE
480814;Data Engineer;Midrand;Indeed;Full-time;FALSE;April;FALSE
486622;Data Engineer;Sandton;Indeed;Full-time;FALSE;June;FALSE
529712;Data Scientist;Stellenbosch;Indeed;Full-time;FALSE;August;FALSE
783595;Senior Data Scientist;Midrand;Indeed;Full-time;FALSE;July;FALSE
846966;Data Engineer;Pretoria;Indeed;Full-time;FALSE;March;FALSE
1015977;Data Engineer;Edenvale;Indeed;Full-time;FALSE;July;TRUE
1117492;Data Scientist;Sandton;Indeed;Full-time;FALSE;February;FALSE
1304797;Data Scientist;Sandton;Indeed;Full-time;FALSE;April;FALSE
1431282;Data Engineer;Gauteng;Indeed;Full-time;FALSE;May;FALSE
1732320;Data Scientist;Centurion;Indeed;Full-time;FALSE;November;FALSE
675712;Data Analyst;Gqeberha;Indeed;Full-time;FALSE;May;FALSE
318245;Machine Learning Engineer;Sandton;Indeed;Full-time;FALSE;April;FALSE
378582;Data Engineer;Sandton;Indeed;Full-time;FALSE;March;TRUE
499235;Data Engineer;Sandton;Indeed;Full-time;FALSE;October;TRUE
797277;Data Analyst;uMhlanga;Indeed;Full-time;FALSE;December;FALSE
888279;Data Scientist;uMhlanga;Indeed;Full-time;FALSE;March;FALSE
951782;Data Engineer;Pretoria;Indeed;Full-time;FALSE;July;FALSE
1375982;Data Analyst;Midrand;Indeed;Full-time;FALSE;July;FALSE
242709;Data Engineer;Pretoria;Indeed;Full-time;FALSE;June;FALSE
282223;Data Analyst;Centurion;Indeed;Full-time;FALSE;November;FALSE
378776;Data Analyst;Somerset East;Indeed;Full-time;FALSE;May;FALSE
411969;Data Scientist;Sandton;Indeed;Full-time;FALSE;August;FALSE
430437;Data Scientist;Sandton;Indeed;Full-time;FALSE;March;FALSE
778610;Senior Data Engineer;Centurion;Indeed;Full-time;FALSE;February;FALSE
1038765;Data Engineer;Pretoria;Indeed;Full-time;FALSE;October;FALSE
1163163;Data Engineer;Pretoria;Indeed;Full-time;FALSE;June;FALSE
1195074;Data Engineer;Pretoria;Indeed;Full-time;FALSE;April;FALSE
1346615;Senior Data Engineer;Centurion;Indeed;Full-time;FALSE;October;FALSE
1389121;Data Engineer;Sandton;Indeed;Full-time;FALSE;August;FALSE
1618648;Data Engineer;Sandton;Indeed;Full-time;FALSE;March;FALSE
1723129;Software Engineer;Pretoria;Indeed;Full-time;FALSE;April;FALSE
353978;Senior Data Engineer;Sandton;Indeed;Full-time;FALSE;May;FALSE
380449;Data Engineer;Gauteng;Indeed;Full-time;FALSE;May;TRUE
571391;Data Scientist;Sandton;Indeed;Full-time;FALSE;January;FALSE
661235;Data Scientist;Durban;Indeed;Full-time;FALSE;February;FALSE
756464;Data Engineer;Gauteng;Indeed;Full-time;FALSE;October;FALSE
838958;Senior Data Scientist;Midrand;Indeed;Full-time;FALSE;March;FALSE
1125590;Senior Data Scientist;Pretoria;Indeed;Full-time;FALSE;June;FALSE
1266680;Senior Data Engineer;Sandton;Indeed;Full-time;FALSE;March;FALSE
1353047;Data Scientist;Gauteng;Indeed;Full-time;FALSE;May;FALSE
1385839;Data Scientist;Gauteng;Indeed;Full-time;FALSE;April;FALSE
1436333;Data Scientist;Centurion;Indeed;Full-time;FALSE;May;FALSE
1743217;Data Engineer;Pretoria;Indeed;Full-time;FALSE;April;TRUE
224011;Data Scientist;Sandton;Indeed;Full-time;FALSE;March;FALSE
270059;Data Engineer;Pretoria;Indeed;Full-time;FALSE;October;FALSE
333472;Software Engineer;Pretoria;Indeed;Full-time;FALSE;March;FALSE
374523;Data Engineer;Centurion;Indeed;Full-time;FALSE;March;FALSE
563156;Data Engineer;Pretoria;Indeed;Full-time;FALSE;March;FALSE
755253;Data Engineer;Sandton;Indeed;Full-time;FALSE;July;FALSE
870581;Data Engineer;Gauteng;Indeed;Full-time;FALSE;April;FALSE
1086543;Data Scientist;Sandton;Indeed;Full-time;FALSE;July;FALSE
1308350;Data Analyst;Sandton;Indeed;Full-time;FALSE;September;FALSE
1332157;Data Scientist;Pretoria;Indeed;Full-time;FALSE;September;FALSE
1342568;Data Scientist;Pretoria;Indeed;Full-time;FALSE;July;FALSE
1439887;Data Engineer;Pretoria;Indeed;Full-time;FALSE;June;TRUE
1707344;Data Scientist;Sandton;Indeed;Full-time;FALSE;October;FALSE
222005;Data Engineer;Centurion;Indeed;Full-time;FALSE;June;FALSE
377885;Data Engineer;Centurion;Indeed;Full-time;FALSE;May;FALSE
393762;Data Engineer;Centurion;Indeed;Full-time;FALSE;May;TRUE
522290;Data Scientist;Durban;Indeed;Full-time;FALSE;May;FALSE
753141;Data Engineer;Sandton;Indeed;Full-time;FALSE;June;FALSE
1616846;Data Scientist;Midrand;Indeed;Full-time;FALSE;July;FALSE
24292;Data Engineer;Pretoria;Indeed;Full-time;FALSE;June;FALSE
281707;Data Engineer;Pretoria;Indeed;Full-time;FALSE;July;FALSE
401627;Data Engineer;Sandton;Indeed;Full-time;FALSE;June;TRUE
773294;Senior Data Scientist;Pretoria;Indeed;Full-time;FALSE;January;FALSE
800307;Data Engineer;Centurion;Indeed;Full-time;FALSE;March;TRUE
892638;Data Scientist;Pretoria;Indeed;Full-time;FALSE;May;FALSE
68679;Data Scientist;Gauteng;Indeed;Full-time;FALSE;March;FALSE
91308;Data Engineer;Centurion;Indeed;Full-time;FALSE;April;FALSE
304047;Data Analyst;Paarl;Indeed;Full-time;FALSE;September;FALSE
1325460;Data Engineer;Germiston;Indeed;Full-time;FALSE;January;TRUE
1498799;Data Scientist;Centurion;Indeed;Full-time;FALSE;March;FALSE
454287;Data Analyst;Midrand;Indeed;Full-time;FALSE;October;FALSE
768376;Senior Data Engineer;Stellenbosch;Indeed;Full-time;FALSE;August;TRUE
777102;Data Scientist;Randburg;Indeed;Full-time;FALSE;January;FALSE
927731;Data Analyst;Pretoria;Indeed;Full-time;FALSE;October;TRUE
1682106;Data Scientist;Dolphin Coast;Indeed;Full-time;FALSE;March;FALSE
911686;Data Analyst;Gauteng;Indeed;Full-time;FALSE;October;FALSE
1095587;Data Engineer;Sandton;Indeed;Full-time;FALSE;October;TRUE
1197153;Data Analyst;Centurion;Indeed;Full-time;FALSE;December;FALSE
1532065;Data Analyst;Sandton;Indeed;Full-time;FALSE;August;FALSE
1692942;Data Scientist;Kenton-on-Sea;Indeed;Full-time;FALSE;January;FALSE
1806972;Data Scientist;Durban;Indeed;Full-time;FALSE;November;FALSE
111314;Data Engineer;Randburg;Indeed;Full-time;FALSE;September;TRUE
284416;Data Analyst;uMhlanga;Indeed;Full-time;FALSE;September;TRUE
446679;Data Engineer;Centurion;Indeed;Full-time;FALSE;May;FALSE
636739;Data Engineer;Sandton;Indeed;Full-time;FALSE;January;FALSE
848456;Data Scientist;Sandton;Indeed;Full-time;FALSE;June;FALSE
933657;Data Engineer;Centurion;Indeed;Full-time;FALSE;December;FALSE
986149;Data Scientist;Gauteng;Indeed;Full-time;FALSE;October;FALSE
1067046;Data Engineer;Sandton;Indeed;Full-time;FALSE;February;FALSE
1449038;Data Engineer;Centurion;Indeed;Full-time;FALSE;May;FALSE
9286;Data Analyst;Durban;Indeed;Full-time;FALSE;April;FALSE
241660;Data Engineer;Stellenbosch;Indeed;Full-time;FALSE;January;TRUE
277146;Data Analyst;Eastern Cape;Indeed;Full-time;FALSE;April;TRUE
1531336;Data Engineer;Sandton;Indeed;Full-time;FALSE;March;FALSE
1629222;Data Analyst;Bloemfontein;Indeed;Full-time;FALSE;January;FALSE
4247;Data Engineer;Pretoria;Indeed;Full-time;FALSE;May;FALSE
96563;Data Engineer;Randburg;Indeed;Full-time;FALSE;February;TRUE
289328;Senior Data Engineer;Sandton;Indeed;Full-time;FALSE;April;TRUE
349391;Data Engineer;Sandton;Indeed;Full-time;FALSE;October;TRUE
452660;Data Engineer;Randburg;Indeed;Full-time;FALSE;October;FALSE
768830;Data Engineer;Stellenbosch;Indeed;Full-time;FALSE;January;FALSE
888241;Data Scientist;Kempton Park;Indeed;Full-time;FALSE;September;FALSE
1201595;Data Engineer;Randburg;Indeed;Full-time;FALSE;September;FALSE
1250286;Data Engineer;Gauteng;Indeed;Full-time;FALSE;April;FALSE
1479353;Senior Data Engineer;Gauteng;Indeed;Full-time;FALSE;May;TRUE
619691;Data Scientist;Randburg;Indeed;Full-time;FALSE;August;FALSE
829348;Data Scientist;Sandton;Indeed;Full-time;FALSE;January;FALSE
855007;Data Analyst;Durban;Indeed;Full-time;FALSE;August;FALSE
982944;Data Scientist;Stellenbosch;Indeed;Full-time;FALSE;September;FALSE
71360;Data Analyst;Pietermaritzburg;Indeed;Full-time;FALSE;September;FALSE
1664469;Data Scientist;Midrand;Indeed;Full-time;FALSE;September;FALSE
1819447;Data Engineer;Pretoria;Indeed;Full-time;FALSE;June;TRUE
453107;Business Analyst;Bloemfontein;Indeed;Full-time;FALSE;February;FALSE
1258892;Data Engineer;Gauteng;Indeed;Full-time;FALSE;April;TRUE
1281664;Business Analyst;Bloemfontein;Indeed;Full-time;FALSE;July;TRUE
1371700;Data Engineer;Stellenbosch;Indeed;Full-time;FALSE;March;TRUE
77355;Data Engineer;Sandton;Indeed;Full-time;FALSE;November;FALSE
150191;Senior Data Engineer;Durban;Indeed;Full-time;FALSE;August;FALSE
174595;Data Engineer;Camperdown;Indeed;Full-time;FALSE;July;TRUE
259751;Data Engineer;Pretoria;Indeed;Full-time;FALSE;February;TRUE
295362;Data Engineer;Gauteng;Indeed;Full-time;FALSE;June;FALSE
319867;Data Engineer;Midrand;Indeed;Full-time;FALSE;April;FALSE
376262;Data Engineer;Sandton;Indeed;Full-time;FALSE;January;FALSE
713246;Data Engineer;Pretoria;Indeed;Full-time;FALSE;June;TRUE
743540;Data Engineer;Sandton;Indeed;Full-time;FALSE;February;FALSE
1177844;Data Engineer;Sandton;Indeed;Full-time;FALSE;June;FALSE
1816429;Data Scientist;Stellenbosch;Indeed;Full-time;FALSE;June;FALSE
639844;Data Engineer;Midrand;Indeed;Full-time;FALSE;June;FALSE
1285405;Data Engineer;Pretoria;Indeed;Full-time;FALSE;January;FALSE
1769605;Data Analyst;Sandton;Indeed;Full-time;FALSE;October;FALSE
363438;Data Analyst;Sandton;Indeed;Full-time;FALSE;November;TRUE
218248;Data Scientist;Pretoria;Indeed;Full-time;FALSE;June;FALSE
458124;Data Analyst;Durban;Indeed;Full-time;FALSE;September;FALSE
969233;Data Engineer;Sandton;Indeed;Full-time;FALSE;March;TRUE
691634;Data Engineer;Sandton;Indeed;Full-time;FALSE;June;FALSE
807635;Data Scientist;Delmas;Indeed;Full-time;FALSE;February;FALSE
854587;Data Engineer;Midrand;Indeed;Full-time;FALSE;June;TRUE
1353155;Data Analyst;Pretoria;Indeed;Full-time;FALSE;September;FALSE
1526541;Data Scientist;Pietermaritzburg;Indeed;Full-time;FALSE;September;FALSE
1586572;Data Engineer;East London;Indeed;Full-time;FALSE;April;FALSE
69124;Data Scientist;Pretoria;Indeed;Full-time;FALSE;August;FALSE
192299;Data Engineer;Sandton;Indeed;Full-time;FALSE;August;TRUE
368044;Senior Data Scientist;Johannesburg South;Indeed;Full-time;FALSE;October;FALSE
585418;Data Scientist;Gauteng;Indeed;Full-time;FALSE;May;FALSE
899737;Data Analyst;Sandton;Indeed;Full-time;FALSE;October;FALSE
1735793;Data Engineer;East London;Indeed;Full-time;FALSE;February;FALSE
874141;Data Engineer;Pretoria;Indeed;Full-time;FALSE;June;FALSE
1189750;Data Scientist;Gauteng;Indeed;Full-time;FALSE;June;FALSE
1273686;Data Analyst;Roodepoort;Indeed;Full-time;FALSE;September;FALSE
1628;Senior Data Scientist;Sandton;SimplyHired,;Full-time;FALSE;October;FALSE
263617;Senior Data Engineer;Pretoria;SimplyHired;Full-time;FALSE;December;FALSE
807226;Data Analyst;Durban;CareerJunction;Full-time;FALSE;October;FALSE
976312;Data Analyst;Midrand;CareerJunction;Full-time;FALSE;August;FALSE
1020008;Senior Data Engineer;Edenburg;CareerJunction;Full-time;FALSE;November;TRUE
1224140;Software Engineer;Anywhere;Pangian.com;Full-time;TRUE;August;FALSE
1307628;Business Analyst;Western Cape;SimplyHired;Full-time;FALSE;December;TRUE
451714;Business Analyst;Western Cape;SimplyHired,;Full-time;FALSE;February;TRUE
457653;Senior Data Engineer;Randburg;Melga;Full-time;FALSE;March;FALSE
902908;Data Analyst;Midrand;Ai-Jobs.net;Full-time;FALSE;April;TRUE
1351053;Software Engineer;Centurion;CareerJunction;Full-time;FALSE;October;FALSE
24101;Software Engineer;Centurion;SimplyHired,;Full-time;FALSE;February;FALSE
113598;Machine Learning Engineer;Western Cape;SimplyHired,;Full-time;FALSE;July;TRUE
305549;Data Analyst;Western Cape;SimplyHired,;Full-time;FALSE;July;TRUE
595227;Software Engineer;Pretoria;CompuJobs;Full-time;FALSE;July;FALSE
908907;Data Analyst;Sandton;Talentify;Full-time;FALSE;June;FALSE
933655;Senior Data Scientist;South Africa  (+1 other);Jobs;Full-time;FALSE;October;FALSE
973243;Senior Data Analyst;Paarl;Adzuna;Full-time;FALSE;July;FALSE
1156536;Senior Data Engineer;Durban;MyJobMag;Full-time;FALSE;December;FALSE
1765428;Data Analyst;Centurion;Ai-Jobs.net;Full-time;FALSE;June;FALSE
65715;Data Analyst;Sandton;CareerJunction;Full-time;FALSE;September;FALSE
229544;Senior Data Engineer;Centurion;CareerJunction;Full-time;FALSE;October;TRUE
287810;Data Analyst;Western Cape;SimplyHired,;Full-time;FALSE;July;TRUE
298814;Data Analyst;Randburg;CareerJunction;Full-time;FALSE;April;FALSE
359102;Senior Data Scientist;Pretoria;CareerJunction;Full-time;FALSE;February;FALSE
368146;Data Analyst;Sandton;CareerJunction;Full-time;FALSE;November;FALSE
424792;Data Analyst;Centurion;CareerJunction;Full-time;FALSE;November;FALSE
751580;Data Analyst;Mount Edgecombe;Career;Full-time;FALSE;April;FALSE
821150;Data Analyst;Stellenbosch;CareerJunction;Full-time;FALSE;December;TRUE
875598;Data Analyst;Sandton;CareerJunction;Full-time;FALSE;September;FALSE
1048171;Business Analyst;Western Cape;SimplyHired,;Full-time;FALSE;July;FALSE
1691338;Data Analyst;Western Cape;SimplyHired;Full-time;FALSE;November;FALSE
82003;Data Analyst;Western Cape;SimplyHired,;Full-time;FALSE;October;FALSE
216679;Senior Data Engineer;Sandton;Job;Full-time;FALSE;October;TRUE
426728;Senior Data Scientist;Midrand;Vodafone;Full-time;FALSE;June;FALSE
813529;Software Engineer;Anywhere;Jobgether;Full-time;TRUE;October;FALSE
1099315;Senior Data Engineer;Randburg;CareerJunction;Full-time;FALSE;October;FALSE
1120308;Senior Data Analyst;Midrand;Ai-Jobs.net;Full-time;FALSE;April;FALSE
1403072;Software Engineer;Western Cape;Jobs;Full-time;FALSE;October;TRUE
1521092;Data Analyst;Gauteng;Jobsrican;Full-time;FALSE;November;TRUE
32107;Data Analyst;Western Cape;Recruit.net;Full-time;FALSE;August;FALSE
42914;Software Engineer;Western Cape;Recruit.net;Full-time;FALSE;May;TRUE
81878;Cloud Engineer;Anywhere;Emprego.pt;Full-time;TRUE;May;TRUE
135620;Data Analyst;Anywhere;Emprego;Full-time;TRUE;September;TRUE
155181;Software Engineer;Durban;Recruit.net;Full-time;FALSE;September;TRUE
386873;Software Engineer;Bloemfontein;Recruit.net;Full-time;FALSE;February;TRUE
494832;Business Analyst;Midrand;Jobtome;Full-time;FALSE;December;TRUE
528165;Data Analyst;Western Cape;Recruit.net;Full-time;FALSE;August;TRUE
578259;Data Analyst;Bloemfontein;Jobtome;Full-time;FALSE;December;TRUE
925479;Senior Data Engineer;Western Cape;WhatJobs;Full-time;FALSE;October;TRUE
1091253;Software Engineer;Pretoria;Recruit.net;Full-time;FALSE;March;TRUE
1165324;Data Analyst;Bloemfontein;Jobtome;Full-time;FALSE;December;TRUE
1267024;Senior Data Scientist;Pretoria;Learn4Good.com;Full-time;FALSE;August;TRUE
1716791;Data Analyst;Western Cape;Recruit.net;Full-time;FALSE;June;FALSE
320289;Senior Data Engineer;Bloemfontein;SimplyHired,;Full-time;FALSE;February;TRUE
392343;Senior Data Scientist;Bloemfontein;Recruit.net;Full-time;FALSE;June;FALSE
397823;Business Analyst;Western Cape;Recruit.net;Full-time;FALSE;June;FALSE
436301;Data Analyst;Sandton;Learn4Good;Full-time;FALSE;June;FALSE
478404;Software Engineer;Potchefstroom;Recruit.net;Full-time;FALSE;March;TRUE
547432;Business Analyst;Anywhere;Emprego.pt;Full-time;TRUE;February;FALSE
557478;Senior Data Scientist;Randburg;Recruit.net;Full-time;FALSE;June;FALSE
721169;Software Engineer;Midrand;Recruit.net;Full-time;FALSE;February;TRUE
848812;Machine Learning Engineer;Western Cape;Recruit.net;Full-time;FALSE;June;TRUE
1078289;Senior Data Engineer;Sandton;Recruit.net;Full-time;FALSE;June;TRUE
1111078;Business Analyst;Western Cape;Recruit.net;Full-time;FALSE;March;FALSE
1462474;Data Analyst;Gqeberha;Recruit.net;Full-time;FALSE;June;TRUE
1463102;Data Analyst;Bloemfontein;JobLeads;Full-time;FALSE;April;TRUE
1529065;Senior Data Engineer;Sandton;Recruit.net;Full-time;FALSE;June;FALSE
1590966;Machine Learning Engineer;Gauteng;Recruit.net;Full-time;FALSE;November;FALSE
1627966;Senior Data Scientist;Western Cape;WhatJobs;Full-time;FALSE;October;FALSE
1759380;Senior Data Analyst;Midrand;Emprego;Full-time;FALSE;March;TRUE
1785563;Business Analyst;Eastern Cape;Recruit.net;Full-time;FALSE;March;TRUE
1808640;Senior Data Scientist;Midrand;Emprego.pt;Full-time;FALSE;August;FALSE
1819934;Senior Data Engineer;Western Cape;Recruit.net;Full-time;FALSE;June;TRUE
30251;Senior Data Engineer;Boksburg;Adzuna;Full-time;FALSE;November;FALSE
1004867;Data Analyst;Midrand;Ai-Jobs.net;Full-time;FALSE;February;FALSE
1008448;Senior Data Scientist;Pretoria;Adzuna;Full-time;FALSE;November;FALSE
1128834;Machine Learning Engineer;Midrand;Ai-Jobs.net;Full-time;FALSE;August;FALSE
1339862;Business Analyst;Western Cape;MyRecruit;Full-time;FALSE;September;FALSE
1731236;Data Analyst;Roodepoort;Ai-Jobs.net;Full-time;FALSE;April;FALSE
763344;Data Analyst;Stellenbosch;Go;Full-time;FALSE;November;TRUE
100974;Senior Data Scientist;Pretoria;Jooble;Full-time;FALSE;February;FALSE
80944;Business Analyst;Western Cape;SimplyHired,;Full-time;FALSE;June;FALSE
392691;Software Engineer;Anywhere;VentureLoop;Full-time;TRUE;May;TRUE
1027025;Data Analyst;Eastern Cape;JobZilla24;Full-time;FALSE;September;TRUE
1192765;Senior Data Scientist;Newcastle;Adzuna;Full-time;FALSE;October;FALSE
1218346;Machine Learning Engineer;Roodepoort;Adzuna;Full-time;FALSE;July;FALSE
1223988;Data Analyst;Western Cape;SimplyHired,;Full-time;FALSE;February;TRUE
1743961;Cloud Engineer;Botshabelo;Adzuna;Full-time;FALSE;July;FALSE
818651;Data Analyst;Bloemfontein;Adzuna;Full-time;FALSE;November;TRUE
1214541;Software Engineer;Centurion;Job;Full-time;FALSE;March;FALSE
1172718;Data Analyst;Anywhere;Www.jobshiringnearme.cloud;Full-time;TRUE;June;FALSE
1198021;Senior Data Engineer;Sandton;Talentify;Full-time;FALSE;May;FALSE
535224;Data Analyst;Western Cape;SimplyHired,;Full-time;FALSE;July;TRUE
71325;Senior Data Engineer;Anywhere;Jobgether;Full-time;TRUE;June;FALSE
313514;Machine Learning Engineer;Bloemfontein;Adzuna;Full-time;FALSE;November;FALSE
588791;Senior Data Scientist;Welkom;Adzuna;Full-time;FALSE;November;FALSE
140469;Data Analyst;Pretoria;CareerJunction;Full-time;FALSE;November;TRUE
1735433;Data Analyst;Western Cape;SimplyHired,;Full-time;FALSE;September;TRUE
59315;Data Analyst;Western Cape;SimplyHired,;Full-time;FALSE;February;FALSE
570463;Data Analyst;Midrand;Adzuna;Full-time;FALSE;November;TRUE
864136;Senior Data Engineer;Randburg;CareerJunction;Full-time;FALSE;July;TRUE
1245956;Data Analyst;Centurion;SmartRecruiters;Full-time;FALSE;June;FALSE
1679245;Data Analyst;Roodepoort;SmartRecruiters;Full-time;FALSE;April;FALSE
1723005;Senior Data Engineer;Midrand;Smart;Full-time;FALSE;December;FALSE
1758006;Senior Data Engineer;Midrand;SmartRecruiters;Full-time;FALSE;November;FALSE
103007;Business Analyst;Western Cape;SimplyHired,;Full-time;FALSE;February;FALSE
457616;Cloud Engineer;Gqeberha;Protect;Full-time;FALSE;February;TRUE
932110;Business Analyst;Western Cape;SimplyHired,;Full-time;FALSE;July;FALSE
1231935;Senior Data Scientist;Anywhere;Jobs;Full-time;TRUE;August;FALSE
388668;Data Analyst;Eastern Cape;SimplyHired,;Full-time;FALSE;February;FALSE
1199478;Data Analyst;Eastern Cape;SimplyHired,;Full-time;FALSE;September;FALSE
1197;Business Analyst;Stellenbosch;Www.247jobsafricia.com;Full-time;FALSE;October;FALSE
98356;Senior Data Analyst;Stellenbosch;Www.247jobsafricia.com;Full-time;FALSE;October;FALSE
513066;Software Engineer;Wellington;Adzuna;Full-time;FALSE;December;FALSE
253481;Senior Data Engineer;Anywhere;Startup;Full-time;TRUE;February;TRUE
294442;Senior Data Analyst;Centurion;Job;Full-time;FALSE;August;FALSE
332436;Data Analyst;Gauteng;Jobs;Full-time;FALSE;August;FALSE
387108;Senior Data Analyst;Stellenbosch;Adzuna;Full-time;FALSE;December;TRUE
735215;Senior Data Scientist;Anywhere;Adzuna;Full-time;TRUE;February;FALSE
833269;Senior Data Scientist;Gauteng;Moyo;Full-time;FALSE;February;FALSE
954775;Senior Data Scientist;Midrand;Ai-Jobs.net;Full-time;FALSE;February;FALSE
981667;Senior Data Engineer;Durban;Adzuna;Full-time;FALSE;December;FALSE
104332;Senior Data Scientist;Sandton;SimplyHired;Full-time;FALSE;December;FALSE
1232205;Cloud Engineer;Pretoria;Tech;Full-time;FALSE;August;TRUE
56696;Data Analyst;Sandton;Talentify;Full-time;FALSE;June;FALSE
1334022;Data Analyst;Benoni;Adzuna;Full-time;FALSE;December;FALSE
1585293;Data Analyst;Western Cape;Energy;Full-time;FALSE;May;FALSE
1585296;Senior Data Analyst;Western Cape;At;Full-time;FALSE;May;FALSE
1589855;Cloud Engineer;Gauteng;Recruitment;Full-time;FALSE;June;FALSE
1592056;Senior Data Engineer;Mbombela;Mail;Full-time;FALSE;June;FALSE
1592773;Cloud Engineer;Western Cape;Recruitment;Full-time;FALSE;June;FALSE
1592937;Software Engineer;Gauteng;Job;Full-time;FALSE;June;FALSE
1595653;Senior Data Analyst;South Africa (+11 others);Venture;Full-time;FALSE;June;FALSE
1596261;Business Analyst;Midrand;Jobs;Full-time;FALSE;June;FALSE
1607402;Data Analyst;Bloemfontein;Fly;Full-time;FALSE;June;TRUE
1615046;Senior Data Scientist;South Africa (+3 others);-;Full-time;FALSE;June;FALSE
1344568;Software Engineer;uMhlanga;South;Full-time;FALSE;February;TRUE
1345151;Cloud Engineer;Stellenbosch;South;Full-time;FALSE;February;TRUE
1345968;Cloud Engineer;Centurion;South;Full-time;FALSE;February;FALSE
1353289;Cloud Engineer;Gqeberha;South;Full-time;FALSE;February;TRUE
1353416;Software Engineer;Stellenbosch;South;Full-time;FALSE;February;TRUE
1359499;Software Engineer;Stellenbosch;South;Full-time;FALSE;February;FALSE
1360475;Data Analyst;Bloemfontein;Careers;Full-time;FALSE;February;FALSE
1420927;Software Engineer;uMhlanga;South;Full-time;FALSE;February;TRUE
1432670;Senior Data Engineer;Free State;In;Full-time;FALSE;March;FALSE
1434459;Senior Data Engineer;Sandton;|;Full-time;FALSE;March;TRUE
1437300;Software Engineer;Durban;AI;Full-time;FALSE;March;TRUE
1440217;Software Engineer;Pretoria;South;Full-time;FALSE;March;FALSE
1440404;Software Engineer;Pretoria;South;Full-time;FALSE;March;TRUE
1441966;Software Engineer;Centurion;South;Full-time;FALSE;March;FALSE
1490288;Data Analyst;Anywhere;Recruitment;Full-time;TRUE;March;FALSE
1502750;Cloud Engineer;Centurion;Page;Full-time;FALSE;April;FALSE
1553342;Data Analyst;Bloemfontein;Fly;Full-time;FALSE;May;TRUE
1560364;Software Engineer;Durban;Resolve;Full-time;FALSE;May;FALSE
1560475;Data Analyst;Centurion;Resolve;Full-time;FALSE;May;FALSE
1560476;Senior Data Analyst;Centurion;Resolve;Full-time;FALSE;May;FALSE
1566702;Data Analyst;Anywhere;Jobs;Full-time;TRUE;May;TRUE
1569466;Data Analyst;Northern Cape;Solutions;Full-time;FALSE;May;FALSE
1051296;Data Analyst;Pretoria;CareerJunction;Full-time;FALSE;January;FALSE
1757949;Data Analyst;Durban;SmartRecruiters;Full-time;FALSE;January;TRUE
1771017;Data Analyst;Western Cape;SimplyHired,;Full-time;FALSE;January;TRUE
1699906;Senior Data Engineer;Durban;Www.jobzafricia.online;Full-time;FALSE;January;FALSE
32778;Senior Data Scientist;Sandton;Emprego.pt;Full-time;FALSE;January;FALSE
43952;Software Engineer;Potchefstroom;Recruit.net;Full-time;FALSE;January;TRUE
158177;Software Engineer;Bloemfontein;Recruit.net;Full-time;FALSE;January;TRUE
176800;Data Analyst;Bloemfontein;Gumtree;Full-time;FALSE;January;TRUE
643318;Data Analyst;George;Recruit.net;Full-time;FALSE;January;FALSE
701688;Software Engineer;Pretoria;Recruit.net;Full-time;FALSE;January;TRUE
822447;Software Engineer;Pretoria;Recruit.net;Full-time;FALSE;January;FALSE
940963;Software Engineer;Pretoria;Recruit.net;Full-time;FALSE;January;TRUE
1588732;Software Engineer;Bloemfontein;Recruit.net;Full-time;FALSE;January;TRUE
128517;Data Analyst;Anywhere;Emprego.pt;Full-time;TRUE;January;TRUE
225869;Software Engineer;Potchefstroom;Recruit.net;Full-time;FALSE;January;TRUE
254242;Software Engineer;Potchefstroom;Recruit.net;Full-time;FALSE;January;TRUE
464240;Software Engineer;Potchefstroom;Recruit.net;Full-time;FALSE;January;TRUE
509952;Senior Data Engineer;Anywhere;Laimoon.com;Full-time;TRUE;January;FALSE
567497;Senior Data Scientist;Pietermaritzburg;Emprego.pt;Full-time;FALSE;January;FALSE
735499;Data Analyst;Anywhere;Emprego.pt;Full-time;TRUE;January;FALSE
795557;Software Engineer;East London;Sercanto;Full-time;FALSE;January;FALSE
838566;Senior Data Engineer;Anywhere;Emprego.pt;Full-time;TRUE;January;FALSE
926284;Software Engineer;Potchefstroom;Recruit.net;Full-time;FALSE;January;TRUE
1162896;Software Engineer;Mpumalanga;Emprego.pt;Full-time;FALSE;January;TRUE
1213556;Senior Data Engineer;Mpumalanga;Emprego;Full-time;FALSE;January;TRUE
1239240;Software Engineer;Pretoria;Recruit.net;Full-time;FALSE;January;TRUE
1277483;Software Engineer;Bloemfontein;Recruit.net;Full-time;FALSE;January;TRUE
1344532;Software Engineer;Bloemfontein;Recruit.net;Full-time;FALSE;January;TRUE
1559812;Software Engineer;Potchefstroom;Recruit.net;Full-time;FALSE;January;TRUE
1821276;Software Engineer;Potchefstroom;Recruit.net;Full-time;FALSE;January;TRUE
549041;Senior Data Engineer;Midrand;Jooble;Full-time;FALSE;January;TRUE
552085;Business Analyst;Western Cape;UWC;Full-time;FALSE;January;FALSE
1328566;Business Analyst;Western Cape;SimplyHired,;Full-time;FALSE;January;FALSE
170920;Data Analyst;Centurion;Ai-Jobs.net;Full-time;FALSE;January;FALSE
1654258;Data Analyst;Sandton;Anzijobs;Full-time;FALSE;January;FALSE
92244;Data Analyst;Western Cape;SimplyHired,;Full-time;FALSE;January;FALSE
74737;Senior Data Scientist;Western Cape;Jobsrican;Full-time;FALSE;January;FALSE
83736;Data Analyst;Westville;VacanciesHut;Full-time;FALSE;January;FALSE
361949;Senior Data Scientist;Amanzimtoti;Jobiors;Full-time;FALSE;January;FALSE
410089;Senior Data Scientist;Midrand;VacanciesHut;Full-time;FALSE;January;FALSE
677129;Senior Data Scientist;Midrand;Jobsafricia.online;Full-time;FALSE;January;FALSE
1488614;Senior Data Engineer;Sandton;Jobsrican;Full-time;FALSE;January;FALSE
1344276;Data Analyst;Bloemfontein;Jobsafricia.online;Full-time;FALSE;January;FALSE
1523754;Data Analyst;Kathu;VacanciesHut;Full-time;FALSE;January;FALSE
1640061;Senior Data Engineer;Midrand;VacanciesHut;Full-time;FALSE;January;FALSE
498927;Data Analyst;Sandton;SimplyHired,;Full-time;FALSE;January;FALSE
930722;Business Analyst;Western Cape;South;Full-time;FALSE;January;FALSE
1751730;Data Analyst;Centurion;SmartRecruiters;Full-time;FALSE;January;FALSE
13443;Senior Data Analyst;Midrand;SmartRecruiters;Full-time;FALSE;January;FALSE
299581;Senior Data Engineer;Gauteng;SimplyHired,;Full-time;FALSE;January;TRUE
1343376;Data Analyst;Stellenbosch;South;Full-time;FALSE;January;FALSE
1276255;Senior Data Engineer;Sandton;Frank;Full-time;FALSE;January;FALSE
1276256;Senior Data Engineer;Sandton;Frank;Full-time;FALSE;January;FALSE
1282005;Software Engineer;Kempton Park;South;Full-time;FALSE;January;FALSE
1291582;Data Analyst;Northern Cape;Jobs;Full-time;FALSE;January;TRUE
1309578;Senior Data Engineer;Sandton;Job;Full-time;FALSE;January;FALSE
1315070;Cloud Engineer;uMhlanga;South;Full-time;FALSE;January;FALSE
1315435;Software Engineer;Durban;South;Full-time;FALSE;January;FALSE
1315752;Data Analyst;Centurion;South;Full-time;FALSE;January;TRUE
1316238;Senior Data Analyst;Stellenbosch;South;Full-time;FALSE;January;TRUE
1316245;Senior Data Scientist;Akasia;South;Full-time;FALSE;January;FALSE
1316248;Cloud Engineer;Centurion;South;Full-time;FALSE;January;TRUE
1316355;Software Engineer;Yzerfontein;South;Full-time;FALSE;January;TRUE
1317200;Software Engineer;Pretoria;South;Full-time;FALSE;January;FALSE
1329758;Senior Data Analyst;Western Cape;At;Full-time;FALSE;January;FALSE
1332601;Software Engineer;Randburg;South;Full-time;FALSE;January;FALSE
1334674;Data Analyst;Stellenbosch;South;Full-time;FALSE;January;FALSE
1337169;Cloud Engineer;Pretoria;South;Full-time;FALSE;January;FALSE
1339533;Cloud Engineer;uMhlanga;South;Full-time;FALSE;January;FALSE
1339732;Senior Data Engineer;Centurion;South;Full-time;FALSE;January;FALSE
1339735;Software Engineer;Pretoria;South;Full-time;FALSE;January;FALSE
1339736;Cloud Engineer;Midrand;South;Full-time;FALSE;January;FALSE
1339737;Data Analyst;Pretoria;South;Full-time;FALSE;January;FALSE
1339738;Software Engineer;Pretoria;South;Full-time;FALSE;January;FALSE
1339936;Business Analyst;Vereeniging;South;Full-time;FALSE;January;FALSE
1340092;Cloud Engineer;Pretoria;South;Full-time;FALSE;January;FALSE
1340517;Business Analyst;uMhlanga;South;Full-time;FALSE;January;FALSE
1020657;Data Scientist;Gauteng;SimplyHired,;Full-time;FALSE;February;FALSE
1371424;Data Scientist;Sandton;SimplyHired,;Full-time;FALSE;July;FALSE
194438;Data Scientist;Midrand;ProActuary;Full-time;FALSE;July;FALSE
505151;Data Scientist;Centurion;CareerJunction;Full-time;FALSE;August;FALSE
757416;Data Scientist;Eastern Cape;SimplyHired;Full-time;FALSE;December;FALSE
1537934;Data Scientist;Sandton;CareerJunction;Full-time;FALSE;January;FALSE
64433;Data Scientist;Gauteng;JobZilla24;Full-time;FALSE;September;FALSE
514177;Data Scientist;Sandton;SimplyHired,;Full-time;FALSE;June;FALSE
518442;Data Scientist;Midrand;SimplyHired,;Full-time;FALSE;July;FALSE
1150466;Data Scientist;Soweto;SimplyHired,;Full-time;FALSE;June;FALSE
341725;Data Scientist;Anywhere;AngelList;Full-time;TRUE;January;FALSE
796815;Data Scientist;Durban;The;Full-time;FALSE;May;FALSE
909013;Data Scientist;Pretoria;MyJobMag;Full-time;FALSE;November;FALSE
1547374;Data Scientist;Anywhere;Jobgether;Full-time;TRUE;October;FALSE
391;Data Scientist;Randburg;CareerJunction;Full-time;FALSE;March;FALSE
24789;Data Scientist;Pretoria;Jooble;Full-time;FALSE;November;FALSE
152486;Data Scientist;Centurion;Ai-Jobs.net;Full-time;FALSE;February;FALSE
303078;Data Scientist;Stellenbosch;CareerJunction;Full-time;FALSE;January;FALSE
360676;Data Scientist;Pretoria;CareerJunction;Full-time;FALSE;November;FALSE
463678;Data Scientist;Durban;Jooble;Full-time;FALSE;December;FALSE
662199;Data Scientist;Pretoria;CareerJunction;Full-time;FALSE;November;FALSE
1268655;Data Scientist;Stellenbosch;Sign;Full-time;FALSE;September;FALSE
1290897;Data Scientist;Pretoria;MyJobMag;Full-time;FALSE;December;FALSE
1702975;Data Scientist;Stellenbosch;SimplyHired,;Full-time;FALSE;July;FALSE
179516;Data Scientist;Pretoria;Www.247jobsafricia.com;Full-time;FALSE;November;FALSE
365258;Data Scientist;Gauteng;Jobsrican;Full-time;FALSE;November;FALSE
833567;Data Scientist;Pretoria;SimplyHired,;Full-time;FALSE;July;FALSE
1393774;Data Scientist;Stellenbosch;Adzuna;Full-time;FALSE;May;FALSE
15681;Data Scientist;uMhlanga;Jobtome;Full-time;FALSE;December;FALSE
35627;Data Scientist;Pretoria;Jobtome;Full-time;FALSE;December;FALSE
48680;Data Scientist;Sandton;Emprego.pt;Full-time;FALSE;May;FALSE
144962;Data Scientist;Western Cape;Recruit.net;Full-time;FALSE;March;FALSE
152647;Data Scientist;Pretoria;Jobtome;Full-time;FALSE;December;FALSE
196153;Data Scientist;Centurion;Jobtome;Full-time;FALSE;December;TRUE
245726;Data Scientist;Sandton;Emprego.pt;Full-time;FALSE;February;FALSE
384120;Data Scientist;Western Cape;Recruit.net;Full-time;FALSE;August;FALSE
473767;Data Scientist;Western Cape;Jobs;Full-time;FALSE;January;FALSE
545428;Data Scientist;Anywhere;Emprego.pt;Full-time;TRUE;January;TRUE
581807;Data Scientist;Sandton;Anzijobs;Full-time;FALSE;January;FALSE
591421;Data Scientist;Sandton;Recruit.net;Full-time;FALSE;January;TRUE
720060;Data Scientist;Centurion;Emprego.pt;Full-time;FALSE;August;FALSE
781823;Data Scientist;George;Recruit.net;Full-time;FALSE;January;FALSE
1025610;Data Scientist;Pietermaritzburg;Emprego.pt;Full-time;FALSE;January;FALSE
1084609;Data Scientist;Western Cape;Recruit.net;Full-time;FALSE;March;TRUE
1176222;Data Scientist;Centurion;Jobtome;Full-time;FALSE;December;FALSE
1716056;Data Scientist;Pretoria;Jobtome;Full-time;FALSE;December;FALSE
1762755;Data Scientist;Randburg;Recruit.net;Full-time;FALSE;March;FALSE
39975;Data Scientist;Midrand;Emprego;Full-time;FALSE;March;FALSE
95852;Data Scientist;Gauteng;Recruit.net;Full-time;FALSE;May;FALSE
126971;Data Scientist;Durban;Emprego.pt;Full-time;FALSE;January;FALSE
132139;Data Scientist;Pretoria;Sercanto;Full-time;FALSE;January;FALSE
257796;Data Scientist;Mpumalanga;Learn4Good;Full-time;FALSE;July;FALSE
296107;Data Scientist;Pretoria;Emprego;Full-time;FALSE;January;FALSE
306179;Data Scientist;Anywhere;Recruit.net;Full-time;TRUE;August;FALSE
328172;Data Scientist;Western Cape;Recruit.net;Full-time;FALSE;February;FALSE
413884;Data Scientist;Sandton;Recruit.net;Full-time;FALSE;June;TRUE
492699;Data Scientist;Sandton;Emprego;Full-time;FALSE;February;FALSE
495323;Data Scientist;Centurion;Recruit.net;Full-time;FALSE;June;FALSE
780500;Data Scientist;Pretoria;Energy;Full-time;FALSE;January;FALSE
783822;Data Scientist;Frankfort;Learn4Good;Full-time;FALSE;April;FALSE
803128;Data Scientist;Centurion;Jobtome;Full-time;FALSE;December;FALSE
906911;Data Scientist;George;Recruit.net;Full-time;FALSE;April;FALSE
948180;Data Scientist;Stellenbosch;Learn4Good;Full-time;FALSE;April;FALSE
952292;Data Scientist;Anywhere;Emprego.pt;Full-time;TRUE;August;FALSE
1075347;Data Scientist;Gauteng;WhatJobs;Full-time;FALSE;November;FALSE
1206732;Data Scientist;Anywhere;Learn4Good;Full-time;TRUE;October;FALSE
1259663;Data Scientist;Anywhere;Emprego;Full-time;TRUE;January;FALSE
1271745;Data Scientist;Pretoria;Jobtome;Full-time;FALSE;December;FALSE
1481226;Data Scientist;Anywhere;Learn4Good;Full-time;TRUE;October;FALSE
1588529;Data Scientist;Sandton;Learn4Good;Full-time;FALSE;August;FALSE
1623706;Data Scientist;Sandton;Emprego.pt;Full-time;FALSE;February;FALSE
1721260;Data Scientist;Centurion;Emprego.pt;Full-time;FALSE;August;FALSE
1772132;Data Scientist;Pretoria;Emprego.pt;Full-time;FALSE;February;FALSE
992905;Data Scientist;Pretoria;Startup;Full-time;FALSE;February;FALSE
1006857;Data Scientist;Stellenbosch;MyJobMag;Full-time;FALSE;February;FALSE
1134700;Data Scientist;Midrand;SimplyHired,;Full-time;FALSE;August;FALSE
1224406;Data Scientist;Pretoria;SimplyHired,;Full-time;FALSE;July;FALSE
1716658;Data Scientist;Durban;SimplyHired,;Full-time;FALSE;February;FALSE
15466;Data Scientist;Anywhere;Jobs;Full-time;TRUE;July;FALSE
155672;Data Scientist;Anywhere;Jobs;Full-time;TRUE;July;FALSE
593533;Data Scientist;Boksburg;Adzuna;Full-time;FALSE;October;FALSE
1739520;Data Scientist;Sandton;Bizcommunity;Full-time;FALSE;January;FALSE
40854;Data Scientist;Randburg;Career;Full-time;FALSE;March;FALSE
235678;Data Scientist;Sandton;Jobsrican;Full-time;FALSE;January;FALSE
122187;Data Scientist;Gqeberha;Jobsafricia.online;Full-time;FALSE;January;FALSE
413392;Data Scientist;Durban;Jobsrican;Full-time;FALSE;January;FALSE
418785;Data Scientist;Gauteng;MyJobMag;Full-time;FALSE;November;FALSE
422114;Data Scientist;Sandton;VacanciesHut;Full-time;FALSE;January;FALSE
777955;Data Scientist;Sandton;VacanciesHut;Full-time;FALSE;January;FALSE
793402;Data Scientist;uMhlanga;SmartRecruiters;Full-time;FALSE;November;FALSE
1094242;Data Scientist;Vereeniging;Jobsafricia.online;Full-time;FALSE;January;FALSE
1235127;Data Scientist;Randburg;VacanciesHut;Full-time;FALSE;January;FALSE
723967;Data Scientist;Durban;Jobiors;Full-time;FALSE;January;FALSE
1000345;Data Scientist;Sandton;VacanciesHut;Full-time;FALSE;January;FALSE
1133042;Data Scientist;Benoni;Jobsafricia.online;Full-time;FALSE;January;TRUE
1260526;Data Scientist;Welkom;Adzuna;Full-time;FALSE;December;FALSE
1360839;Data Scientist;Anywhere;AKQA;Full-time;TRUE;September;FALSE
439890;Data Scientist;Rustenburg;Jooble;Full-time;FALSE;January;FALSE
840966;Data Scientist;Western Cape;SimplyHired,;Full-time;FALSE;January;FALSE
93881;Data Scientist;Midrand;SmartRecruiters;Full-time;FALSE;November;FALSE
806320;Data Scientist;Sandton;Engineering;Full-time;FALSE;February;FALSE
1726890;Data Scientist;Western Cape;SimplyHired,;Full-time;FALSE;February;FALSE
388382;Data Scientist;Pretoria;SimplyHired,;Full-time;FALSE;July;FALSE
478350;Data Scientist;Centurion;SimplyHired,;Full-time;FALSE;June;FALSE
558359;Data Scientist;Roodepoort;SmartRecruiters;Full-time;FALSE;May;FALSE
1223538;Data Scientist;Midrand;SimplyHired,;Full-time;FALSE;July;FALSE
1651447;Data Scientist;Delmas;Classitize;Full-time;FALSE;December;FALSE
1048599;Data Scientist;Roodepoort;Ai-Jobs.net;Full-time;FALSE;January;FALSE
1227866;Data Scientist;Stellenbosch;Capitec;Full-time;FALSE;January;FALSE
312474;Data Scientist;Pretoria;SimplyHired,;Full-time;FALSE;June;FALSE
1207727;Data Scientist;Western Cape;SimplyHired,;Full-time;FALSE;August;FALSE
482837;Data Scientist;Anywhere;Adzuna;Full-time;TRUE;February;FALSE
508731;Data Scientist;Gauteng;Jobs;Full-time;FALSE;August;FALSE
1635624;Data Scientist;Gauteng;SimplyHired,;Full-time;FALSE;January;FALSE
706096;Data Scientist;City of Johannesburg Metropolitan Municipality;Classitize.co.za;Full-time;FALSE;December;FALSE
1039487;Data Scientist;Western Cape;SimplyHired,;Full-time;FALSE;February;FALSE
872915;Data Scientist;Western Cape;Jobs;Full-time;FALSE;February;FALSE
1590503;Data Scientist;Sandton;Your;Full-time;FALSE;June;FALSE
1360763;Data Scientist;Johannesburg South;South;Full-time;FALSE;February;TRUE
1440564;Data Scientist;Pretoria;South;Full-time;FALSE;March;FALSE
1290512;Data Scientist;Pretoria;South;Full-time;FALSE;January;FALSE
1315314;Data Scientist;Centurion;South;Full-time;FALSE;January;FALSE
1316237;Data Scientist;Centurion;South;Full-time;FALSE;January;TRUE
1321785;Data Scientist;Durban;South;Full-time;FALSE;January;TRUE
1324224;Data Scientist;Pretoria;South;Full-time;FALSE;January;TRUE
1326610;Data Scientist;Johannesburg South;South;Full-time;FALSE;January;TRUE
1327111;Data Scientist;Johannesburg South;South;Full-time;FALSE;January;TRUE
1336261;Data Scientist;Pretoria;South;Full-time;FALSE;January;FALSE
1336839;Data Scientist;Pretoria;South;Full-time;FALSE;January;FALSE
1339860;Data Scientist;Pretoria;South;Full-time;FALSE;January;FALSE
1340383;Data Scientist;Nigel;South;Full-time;FALSE;January;FALSE
1340518;Data Scientist;Midrand;South;Full-time;FALSE;January;TRUE
197791;Data Engineer;Sandton;CareerJunction;Full-time;FALSE;October;TRUE
287747;Data Engineer;Western Cape;SimplyHired,;Full-time;FALSE;October;FALSE
337870;Data Engineer;Centurion;CareerJunction;Full-time;FALSE;May;TRUE
414136;Data Engineer;Pinetown;CareerJunction;Full-time;FALSE;January;FALSE
612305;Data Engineer;Pretoria;Jooble;Full-time;FALSE;September;TRUE
650606;Data Engineer;Stellenbosch;CareerJunction;Full-time;FALSE;January;TRUE
698301;Data Engineer;Centurion;SimplyHired,;Full-time;FALSE;January;FALSE
784089;Data Engineer;Pretoria;CareerJunction;Full-time;FALSE;February;TRUE
1130450;Data Engineer;Paarl;Adzuna;Full-time;FALSE;October;FALSE
1499883;Data Engineer;Pretoria;SimplyHired;Full-time;FALSE;October;FALSE
1538610;Data Engineer;Pretoria;MyJobMag;Full-time;FALSE;November;FALSE
79597;Data Engineer;Pretoria;Jooble;Full-time;FALSE;February;FALSE
1605927;Data Engineer;Anywhere;Token;Full-time;TRUE;April;FALSE
673452;Data Engineer;Stellenbosch;Jooble;Full-time;FALSE;January;FALSE
693567;Data Engineer;Western Cape;SimplyHired,;Full-time;FALSE;June;FALSE
1126629;Data Engineer;Sandton;Jooble;Full-time;FALSE;January;TRUE
16892;Data Engineer;Midrand;SmartRecruiters;Full-time;FALSE;July;FALSE
24320;Data Engineer;Midrand;Jooble;Full-time;FALSE;February;TRUE
97758;Data Engineer;Western Cape;SimplyHired;Full-time;FALSE;November;FALSE
433035;Data Engineer;George;CareerJunction;Full-time;FALSE;March;TRUE
800875;Data Engineer;Pretoria;CareerJunction;Full-time;FALSE;July;TRUE
884429;Data Engineer;Anywhere;Jobgether;Full-time;TRUE;August;FALSE
1025546;Data Engineer;Gqeberha;Adzuna;Full-time;FALSE;August;TRUE
1325021;Data Engineer;Pietermaritzburg;Jooble;Full-time;FALSE;October;FALSE
1524683;Data Engineer;Sandton;Career;Full-time;FALSE;January;FALSE
1542603;Data Engineer;Durban North;SmartRecruiters;Full-time;FALSE;April;FALSE
1633773;Data Engineer;Emalahleni;Adzuna;Full-time;FALSE;September;FALSE
1686480;Data Engineer;Hermanus;Adzuna;Full-time;FALSE;December;FALSE
1717132;Data Engineer;Midrand;SimplyHired,;Full-time;FALSE;February;TRUE
70835;Data Engineer;Pretoria;CareerJunction;Full-time;FALSE;July;FALSE
179500;Data Engineer;Pretoria;CareerJunction;Full-time;FALSE;December;FALSE
235646;Data Engineer;Gauteng;MyJobMag;Full-time;FALSE;December;FALSE
244457;Data Engineer;Centurion;CareerJunction;Full-time;FALSE;April;FALSE
334848;Data Engineer;East London;CareerJunction;Full-time;FALSE;December;FALSE
450994;Data Engineer;Western Cape;Jobs;Full-time;FALSE;January;FALSE
459671;Data Engineer;Randburg;CareerJunction;Full-time;FALSE;April;FALSE
826059;Data Engineer;Sandton;CareerJunction;Full-time;FALSE;June;TRUE
886716;Data Engineer;Centurion;Jooble;Full-time;FALSE;November;TRUE
1432281;Data Engineer;Centurion;SimplyHired,;Full-time;FALSE;July;FALSE
1517183;Data Engineer;Midrand;CareerJunction;Full-time;FALSE;February;FALSE
1742755;Data Engineer;Mpumalanga;CareerJunction;Full-time;FALSE;November;TRUE
1760916;Data Engineer;uMhlanga;CareerJunction;Full-time;FALSE;October;FALSE
287090;Data Engineer;Gauteng;Careers24;Full-time;FALSE;February;TRUE
364971;Data Engineer;Boksburg;Adzuna;Full-time;FALSE;October;FALSE
416539;Data Engineer;Western Cape;SimplyHired,;Full-time;FALSE;July;FALSE
766525;Data Engineer;Edenvale;CareerJunction;Full-time;FALSE;November;TRUE
1278599;Data Engineer;Edenvale;Adzuna;Full-time;FALSE;October;TRUE
1631847;Data Engineer;Midrand;SimplyHired,;Full-time;FALSE;June;FALSE
1709084;Data Engineer;Boksburg;Adzuna;Full-time;FALSE;July;FALSE
14276;Data Engineer;East London;Recruit.net;Full-time;FALSE;August;TRUE
79551;Data Engineer;Bethlehem;Recruit.net;Full-time;FALSE;December;FALSE
129472;Data Engineer;Citrusdal;Recruit.net;Full-time;FALSE;May;FALSE
136397;Data Engineer;Anywhere;Recruit.net;Full-time;TRUE;May;FALSE
255329;Data Engineer;Durban;Jobtome;Full-time;FALSE;December;TRUE
323364;Data Engineer;Stellenbosch;Learn4Good.com;Full-time;FALSE;July;FALSE
371227;Data Engineer;Anywhere;Emprego;Full-time;TRUE;April;FALSE
381098;Data Engineer;Gauteng;Melga;Full-time;FALSE;February;FALSE
402327;Data Engineer;Sandton;Recruit.net;Full-time;FALSE;June;TRUE
423603;Data Engineer;Sandton;Investec;Full-time;FALSE;September;TRUE
618584;Data Engineer;Gauteng;Recruit.net;Full-time;FALSE;March;FALSE
662246;Data Engineer;Anywhere;Jobgether;Full-time;TRUE;December;FALSE
690696;Data Engineer;Randburg;Jobtome;Full-time;FALSE;December;TRUE
894751;Data Engineer;Pretoria;Recruit.net;Full-time;FALSE;May;FALSE
909241;Data Engineer;Anywhere;Jobgether;Full-time;TRUE;October;FALSE
1034526;Data Engineer;Gauteng;Recruit.net;Full-time;FALSE;May;TRUE
1082260;Data Engineer;Midrand;Jobtome;Full-time;FALSE;December;TRUE
1133107;Data Engineer;Pretoria;Recruit.net;Full-time;FALSE;June;TRUE
1761899;Data Engineer;Centurion;Recruit.net;Full-time;FALSE;July;FALSE
1821368;Data Engineer;Pretoria;Learn4Good;Full-time;FALSE;July;TRUE
24437;Data Engineer;Western Cape;Recruit.net;Full-time;FALSE;June;FALSE
46739;Data Engineer;Centurion;Recruit.net;Full-time;FALSE;March;TRUE
172384;Data Engineer;Pretoria;Learn4Good.com;Full-time;FALSE;August;TRUE
211644;Data Engineer;Pretoria;Sercanto;Full-time;FALSE;January;FALSE
303203;Data Engineer;Kempton Park;Jooble;Full-time;FALSE;March;FALSE
415671;Data Engineer;Sandton;Investec;Full-time;FALSE;October;FALSE
424214;Data Engineer;Western Cape;Recruit.net;Full-time;FALSE;June;FALSE
432001;Data Engineer;Gqeberha;Learn4Good;Full-time;FALSE;August;TRUE
588870;Data Engineer;Midrand;Jobtome;Full-time;FALSE;December;TRUE
624361;Data Engineer;Pretoria;Learn4Good.com;Full-time;FALSE;August;TRUE
740739;Data Engineer;Anywhere;Emprego;Full-time;TRUE;February;TRUE
775542;Data Engineer;Sandton;Learn4Good;Full-time;FALSE;July;FALSE
817587;Data Engineer;Stellenbosch;Recruit.net;Full-time;FALSE;June;FALSE
888563;Data Engineer;Durban;Learn4Good.com;Full-time;FALSE;April;FALSE
960960;Data Engineer;Western Cape;Energy;Full-time;FALSE;March;FALSE
1071557;Data Engineer;Gqeberha;Learn4Good.com;Full-time;FALSE;August;FALSE
1190308;Data Engineer;Pretoria;Learn4Good.com;Full-time;FALSE;August;TRUE
1319136;Data Engineer;Anywhere;Emprego.pt;Full-time;TRUE;January;FALSE
1575202;Data Engineer;Sandton;Sercanto;Full-time;FALSE;January;TRUE
1576241;Data Engineer;East London;Jobtome;Full-time;FALSE;December;TRUE
1649822;Data Engineer;Gauteng;MyRecruit;Full-time;FALSE;January;FALSE
1723369;Data Engineer;Midrand;Jobtome;Full-time;FALSE;December;TRUE
1754336;Data Engineer;Kempton Park;Jooble;Full-time;FALSE;January;FALSE
103438;Data Engineer;uMhlanga;SmartRecruiters;Full-time;FALSE;April;FALSE
174210;Data Engineer;East London;Jobs;Full-time;FALSE;April;FALSE
413427;Data Engineer;Johannesburg South;CareerJunction;Full-time;FALSE;September;TRUE
535910;Data Engineer;Midrand;CareerJunction;Full-time;FALSE;November;TRUE
645711;Data Engineer;Sandton;HR;Full-time;FALSE;July;FALSE
1207238;Data Engineer;Western Cape;Recruit.net;Full-time;FALSE;June;FALSE
1227454;Data Engineer;Mpumalanga;Emprego.pt;Full-time;FALSE;February;TRUE
1301051;Data Engineer;East London;Learn4Good.com;Full-time;FALSE;September;TRUE
1303738;Data Engineer;Sandton;Learn4Good;Full-time;FALSE;July;TRUE
1454682;Data Engineer;Edenvale;SimplyHired,;Full-time;FALSE;June;TRUE
1696223;Data Engineer;Utrecht;Za.jobative.com;Full-time;FALSE;August;TRUE
4101;Data Engineer;Anywhere;Www.jobsnearmehiring.online;Full-time;TRUE;July;TRUE
193799;Data Engineer;Anywhere;Www.jobsnearmehiring.online;Full-time;TRUE;July;TRUE
32120;Data Engineer;Pretoria;SimplyHired,;Full-time;FALSE;July;TRUE
212326;Data Engineer;Sandton;SimplyHired,;Full-time;FALSE;July;FALSE
445909;Data Engineer;Midrand;CareerJunction;Full-time;FALSE;September;FALSE
924530;Data Engineer;Pretoria;SimplyHired,;Full-time;FALSE;July;FALSE
22243;Data Engineer;Sandton;Career;Full-time;FALSE;December;TRUE
110409;Data Engineer;Midrand;Ai-Jobs.net;Full-time;FALSE;April;FALSE
380659;Data Engineer;Boksburg;Adzuna;Full-time;FALSE;November;FALSE
1732386;Data Engineer;Pretoria;SimplyHired,;Full-time;FALSE;January;TRUE
30403;Data Engineer;Midrand;SmartRecruiters;Full-time;FALSE;March;FALSE
405308;Data Engineer;Orange Farm;Adzuna;Full-time;FALSE;November;FALSE
475965;Data Engineer;Centurion;Job;Full-time;FALSE;July;TRUE
811976;Data Engineer;Pretoria;Job;Full-time;FALSE;July;FALSE
1522332;Data Engineer;Randburg;Career;Full-time;FALSE;June;FALSE
956644;Data Engineer;Pretoria;Job;Full-time;FALSE;July;TRUE
1004198;Data Engineer;East London;Jooble;Full-time;FALSE;February;FALSE
1730431;Data Engineer;Pretoria;Job;Full-time;FALSE;July;TRUE
1743065;Data Engineer;Durban;Adzuna;Full-time;FALSE;July;FALSE
39014;Data Engineer;Kimberley;Jobiors;Full-time;FALSE;January;FALSE
8007;Data Engineer;Sandton;Jobafrican.xyz;Full-time;FALSE;January;FALSE
610516;Data Engineer;Centurion;SmartRecruiters;Full-time;FALSE;May;FALSE
142621;Data Engineer;Kroonstad;Jobsafricia.online;Full-time;FALSE;January;TRUE
194490;Data Engineer;Centurion;Job;Full-time;FALSE;July;FALSE
200644;Data Engineer;Nigel;Jobsrican;Full-time;FALSE;January;FALSE
367672;Data Engineer;Emalahleni;Adzuna;Full-time;FALSE;October;FALSE
403982;Data Engineer;Hermanus;Adzuna;Full-time;FALSE;November;FALSE
489633;Data Engineer;Bloemfontein;Jobsafricia.online;Full-time;FALSE;January;TRUE
755932;Data Engineer;Durban;Job;Full-time;FALSE;August;FALSE
1233811;Data Engineer;Port Shepstone;Jobiors;Full-time;FALSE;January;FALSE
761896;Data Engineer;Randburg;Jobsrican;Full-time;FALSE;January;FALSE
921851;Data Engineer;Pretoria;VacanciesHut;Full-time;FALSE;January;FALSE
940677;Data Engineer;Randburg;Career;Full-time;FALSE;March;FALSE
1067296;Data Engineer;Stellenbosch;VacanciesHut;Full-time;FALSE;January;FALSE
1121996;Data Engineer;Sandton;Jobsrican;Full-time;FALSE;January;FALSE
1373902;Data Engineer;Sandton;CareerJunction;Full-time;FALSE;July;TRUE
1698545;Data Engineer;Sandton;Jobafrican.xyz;Full-time;FALSE;January;FALSE
82264;Data Engineer;Stellenbosch;CompuJobs;Full-time;FALSE;June;TRUE
548134;Data Engineer;Gauteng;Jobsrican;Full-time;FALSE;November;TRUE
887432;Data Engineer;Krugersdorp;Adzuna;Full-time;FALSE;December;TRUE
975267;Data Engineer;Anywhere;Jobgether;Full-time;TRUE;October;FALSE
1186951;Data Engineer;Stellenbosch;SimplyHired,;Full-time;FALSE;July;TRUE
824640;Data Engineer;Western Cape;MyJobMag;Full-time;FALSE;November;FALSE
1390427;Data Engineer;Stellenbosch;CareerJunction;Full-time;FALSE;September;FALSE
1825313;Data Engineer;Western Cape;SimplyHired,;Full-time;FALSE;February;FALSE
77889;Data Engineer;Centurion;Ai-Jobs.net;Full-time;FALSE;March;FALSE
229167;Data Engineer;Western Cape;MyJobMag;Full-time;FALSE;October;FALSE
298249;Data Engineer;Western Cape;MyJobMag;Full-time;FALSE;October;TRUE
488397;Data Engineer;Centurion;Jooble;Full-time;FALSE;October;TRUE
1059193;Data Engineer;Pretoria;Jooble;Full-time;FALSE;September;FALSE
37510;Data Engineer;Camperdown;SimplyHired,;Full-time;FALSE;July;TRUE
46751;Data Engineer;Centurion;SimplyHired,;Full-time;FALSE;June;FALSE
230381;Data Engineer;Gauteng;SimplyHired,;Full-time;FALSE;June;FALSE
243456;Data Engineer;Centurion;SimplyHired,;Full-time;FALSE;June;FALSE
847841;Data Engineer;Midrand;SimplyHired,;Full-time;FALSE;July;TRUE
1551321;Data Engineer;Sandton;SimplyHired,;Full-time;FALSE;June;FALSE
1230831;Data Engineer;Western Cape;SimplyHired,;Full-time;FALSE;February;FALSE
1017929;Data Engineer;Stellenbosch;Bank;Full-time;FALSE;October;FALSE
638392;Data Engineer;Western Cape;SimplyHired,;Full-time;FALSE;January;FALSE
174889;Data Engineer;Western Cape;SimplyHired,;Full-time;FALSE;January;FALSE
628705;Data Engineer;Sandton;CareerJunction;Full-time;FALSE;July;TRUE
1708082;Data Engineer;Pretoria;Job;Full-time;FALSE;February;TRUE
672887;Data Engineer;Sandton;CareerJunction;Full-time;FALSE;November;FALSE
1622695;Data Engineer;Anywhere;Www.hiringnearmejobs.cloud;Full-time;TRUE;July;FALSE
875595;Data Engineer;Reitz;Realjobs;Full-time;FALSE;March;FALSE
1050771;Data Engineer;Pretoria;CareerJunction;Full-time;FALSE;July;TRUE
290301;Data Engineer;Anywhere;Jobgether;Full-time;TRUE;June;FALSE
1375088;Data Engineer;Anywhere;Www.hiringnearmejobs.cloud;Full-time;TRUE;July;TRUE
177836;Data Engineer;Midrand;Career;Full-time;FALSE;September;FALSE
303201;Data Engineer;uMhlanga;SmartRecruiters;Full-time;FALSE;June;FALSE
1737970;Data Engineer;Stellenbosch;Ai-Jobs.net;Full-time;FALSE;March;FALSE
671329;Data Engineer;Midrand;CareerJunction;Full-time;FALSE;September;FALSE
1589708;Data Engineer;Anywhere;In;Full-time;TRUE;June;TRUE
1594304;Data Engineer;Midrand;Mail;Full-time;FALSE;June;FALSE
1594806;Data Engineer;Western Cape;Recruitment;Full-time;FALSE;June;TRUE
1597777;Data Engineer;Sandton;Career;Full-time;FALSE;June;TRUE
1599292;Data Engineer;Stellenbosch;Career;Full-time;FALSE;June;FALSE
1599737;Data Engineer;Roodepoort;Recruiters;Full-time;FALSE;June;TRUE
1616126;Data Engineer;Randburg;In;Full-time;FALSE;June;FALSE
1616424;Data Engineer;Sandton;Careers;Full-time;FALSE;June;FALSE
1618771;Data Engineer;Kathu;Recruiters;Full-time;FALSE;June;FALSE
1343978;Data Engineer;Durban;In;Full-time;FALSE;February;FALSE
1346413;Data Engineer;Stellenbosch;South;Full-time;FALSE;February;TRUE
1354360;Data Engineer;Durban;South;Full-time;FALSE;February;FALSE
1360764;Data Engineer;Centurion;South;Full-time;FALSE;February;FALSE
1361945;Data Engineer;Johannesburg South;South;Full-time;FALSE;February;TRUE
1422613;Data Engineer;Midrand;Jobs;Full-time;FALSE;February;FALSE
1425886;Data Engineer;Midrand;In;Full-time;FALSE;February;FALSE
1430860;Data Engineer;Anywhere;Jobs;Full-time;TRUE;March;FALSE
1436245;Data Engineer;Roodepoort;Recruiters;Full-time;FALSE;March;TRUE
1438247;Data Engineer;Stellenbosch;Career;Full-time;FALSE;March;FALSE
1443445;Data Engineer;Soshanguve;South;Full-time;FALSE;March;FALSE
1445899;Data Engineer;Johannesburg South;South;Full-time;FALSE;March;TRUE
1446167;Data Engineer;Pretoria;South;Full-time;FALSE;March;FALSE
1448051;Data Engineer;Johannesburg South;South;Full-time;FALSE;March;TRUE
1448346;Data Engineer;Pretoria;South;Full-time;FALSE;March;FALSE
1450454;Data Engineer;Johannesburg South;South;Full-time;FALSE;March;TRUE
1450755;Data Engineer;Pretoria;South;Full-time;FALSE;March;FALSE
1276261;Data Engineer;uMhlanga;Recruiters;Full-time;FALSE;January;FALSE
1284494;Data Engineer;Sandton;Software;Full-time;FALSE;January;TRUE
1289751;Data Engineer;Stellenbosch;Careers;Full-time;FALSE;January;FALSE
1290511;Data Engineer;Pretoria;South;Full-time;FALSE;January;TRUE
1291589;Data Engineer;Centurion;Frank;Full-time;FALSE;January;TRUE
1295652;Data Engineer;Western Cape;Org;Full-time;FALSE;January;FALSE
1316982;Data Engineer;Johannesburg South;South;Full-time;FALSE;January;TRUE
1320338;Data Engineer;Centurion;Resolve;Full-time;FALSE;January;FALSE
1322797;Data Engineer;Pretoria;South;Full-time;FALSE;January;FALSE
1332441;Data Engineer;Midrand;Jobs;Full-time;FALSE;January;FALSE
1333470;Data Engineer;Centurion;South;Full-time;FALSE;January;TRUE
1339205;Data Engineer;Johannesburg South;South;Full-time;FALSE;January;TRUE
1341144;Data Engineer;Sandton;Page;Full-time;FALSE;January;FALSE
1452973;Data Engineer;Johannesburg South;South;Full-time;FALSE;March;TRUE
1453293;Data Engineer;Pretoria;South;Full-time;FALSE;March;FALSE
1455671;Data Engineer;Johannesburg South;South;Full-time;FALSE;March;TRUE
1456042;Data Engineer;Pretoria;South;Full-time;FALSE;March;FALSE
1456204;Data Engineer;Midrand;Jobs;Full-time;FALSE;March;FALSE
1458725;Data Engineer;Johannesburg South;South;Full-time;FALSE;March;TRUE
1459003;Data Engineer;Pretoria;South;Full-time;FALSE;March;FALSE
1461035;Data Engineer;Johannesburg South;South;Full-time;FALSE;March;TRUE
1461301;Data Engineer;Pretoria;South;Full-time;FALSE;March;FALSE
1463159;Data Engineer;Johannesburg South;South;Full-time;FALSE;March;TRUE
1463417;Data Engineer;Pretoria;South;Full-time;FALSE;March;FALSE
1465215;Data Engineer;Johannesburg South;South;Full-time;FALSE;March;TRUE
1465488;Data Engineer;Pretoria;South;Full-time;FALSE;March;FALSE
1467415;Data Engineer;Johannesburg South;South;Full-time;FALSE;March;TRUE
1467691;Data Engineer;Pretoria;South;Full-time;FALSE;March;FALSE
1469725;Data Engineer;Johannesburg South;South;Full-time;FALSE;March;TRUE
1470033;Data Engineer;Pretoria;South;Full-time;FALSE;March;FALSE
1472325;Data Engineer;Johannesburg South;South;Full-time;FALSE;March;TRUE
1472658;Data Engineer;Pretoria;South;Full-time;FALSE;March;FALSE
1475078;Data Engineer;Johannesburg South;South;Full-time;FALSE;March;TRUE
1475350;Data Engineer;Pretoria;South;Full-time;FALSE;March;FALSE
1477251;Data Engineer;Johannesburg South;South;Full-time;FALSE;March;TRUE
1477494;Data Engineer;Pretoria;South;Full-time;FALSE;March;FALSE
1479180;Data Engineer;Johannesburg South;South;Full-time;FALSE;March;TRUE
1479562;Data Engineer;Pretoria;South;Full-time;FALSE;March;FALSE
1515024;Data Engineer;Centurion;Recruiters;Full-time;FALSE;April;FALSE
1528325;Data Engineer;Anywhere;In;Full-time;TRUE;April;TRUE
1530063;Data Engineer;Anywhere;Jobs;Full-time;TRUE;April;TRUE
1532152;Data Engineer;Roodepoort;Recruiters;Full-time;FALSE;April;TRUE
1532153;Data Engineer;Anywhere;Jobs;Full-time;TRUE;April;TRUE
1533512;Data Engineer;Anywhere;In;Full-time;TRUE;April;TRUE
1538936;Data Engineer;Sandton;Career;Full-time;FALSE;April;TRUE
1546668;Data Engineer;Sandton;Career;Full-time;FALSE;May;TRUE
1551935;Data Engineer;Randburg;In;Full-time;FALSE;May;FALSE
1551937;Data Engineer;uMhlanga;Recruiters;Full-time;FALSE;May;FALSE
1556026;Data Engineer;Durban;In;Full-time;FALSE;May;TRUE
1562321;Data Engineer;Stellenbosch;Career;Full-time;FALSE;May;TRUE
1563684;Data Engineer;Lichtenburg;At;Full-time;FALSE;May;FALSE
1564496;Data Engineer;Durban;In;Full-time;FALSE;May;TRUE
1568372;Data Engineer;Randburg;Page;Full-time;FALSE;May;FALSE
415930;Data Scientist;Stellenbosch;Trabajo.org;Full-time;FALSE;January;FALSE
484652;Cloud Engineer;Soweto;Trabajo.org;Full-time;FALSE;April;FALSE
127127;Data Scientist;uMhlanga;Trabajo.org;Full-time;FALSE;September;FALSE
177849;Data Scientist;Sandton;Trabajo.org;Full-time;FALSE;August;FALSE
246595;Senior Data Scientist;Randburg;Trabajo.org;Full-time;FALSE;August;FALSE
272523;Data Scientist;Sandton;Trabajo.org;Full-time;FALSE;August;FALSE
325040;Data Scientist;Midrand;Trabajo.org;Full-time;FALSE;August;FALSE
404563;Data Scientist;Sandton;Trabajo.org;Full-time;FALSE;August;FALSE
516277;Data Scientist;Sandton;Trabajo.org;Full-time;FALSE;July;FALSE
534103;Data Scientist;Stellenbosch;Trabajo.org;Full-time;FALSE;August;FALSE
546851;Data Scientist;Sandton;Trabajo.org;Full-time;FALSE;August;FALSE
556526;Data Analyst;Midrand;Trabajo.org;Full-time;FALSE;August;FALSE
753188;Data Analyst;Durban;Trabajo.org;Full-time;FALSE;August;TRUE
789963;Data Analyst;Sandton;Trabajo.org;Full-time;FALSE;August;TRUE
802947;Data Analyst;Midrand;Trabajo.org;Full-time;FALSE;August;FALSE
820470;Data Scientist;Midrand;Trabajo.org;Full-time;FALSE;September;FALSE
856128;Data Scientist;Midrand;Trabajo.org;Full-time;FALSE;August;FALSE
886414;Data Scientist;Randburg;Trabajo.org;Full-time;FALSE;August;FALSE
1045240;Senior Data Scientist;Midrand;Trabajo.org;Full-time;FALSE;July;FALSE
1062213;Senior Data Scientist;Sandton;Trabajo.org;Full-time;FALSE;August;FALSE
1147686;Data Scientist;Midrand;Trabajo.org;Full-time;FALSE;August;FALSE
1348156;Software Engineer;Sandton;Trabajo.org;Full-time;FALSE;August;FALSE
1414168;Data Analyst;Midrand;Trabajo.org;Full-time;FALSE;September;FALSE
1447449;Data Analyst;Stellenbosch;Trabajo.org;Full-time;FALSE;August;FALSE
1497587;Senior Data Scientist;Sandton;Trabajo.org;Full-time;FALSE;August;FALSE
1519476;Data Scientist;Stellenbosch;Trabajo.org;Full-time;FALSE;August;FALSE
1565538;Senior Data Analyst;Durban;Trabajo.org;Full-time;FALSE;August;TRUE
1671850;Cloud Engineer;Gqeberha;Trabajo.org;Full-time;FALSE;June;FALSE
1720024;Data Scientist;Sandton;Trabajo.org;Full-time;FALSE;August;FALSE
1760063;Data Analyst;Midrand;Trabajo.org;Full-time;FALSE;August;TRUE
1790289;Data Scientist;Sandton;Trabajo.org;Full-time;FALSE;August;FALSE
19959;Data Engineer;Sandton;Trabajo.org;Full-time;FALSE;May;TRUE
639711;Data Engineer;Durban;Trabajo.org;Full-time;FALSE;May;FALSE
1088879;Data Engineer;Sandton;Trabajo.org;Full-time;FALSE;May;TRUE
1672499;Data Engineer;Stellenbosch;Trabajo.org;Full-time;FALSE;May;FALSE
136975;Data Analyst;Stellenbosch;Trabajo.org;Full-time;FALSE;April;TRUE
698599;Senior Data Engineer;Sandton;Trabajo.org;Full-time;FALSE;September;TRUE
1330473;Data Scientist;Soweto;Trabajo.org;Full-time;FALSE;April;TRUE
1346668;Data Engineer;Stellenbosch;Trabajo.org;Full-time;FALSE;April;TRUE
5823;Data Scientist;Durban;Trabajo.org;Full-time;FALSE;August;FALSE
498313;Data Analyst;Durban;Trabajo.org;Full-time;FALSE;August;FALSE
985737;Data Scientist;Randburg;Trabajo.org;Full-time;FALSE;August;FALSE
1265373;Data Engineer;Sandton;Trabajo.org;Full-time;FALSE;July;FALSE
1454754;Data Analyst;Midrand;Trabajo.org;Full-time;FALSE;August;TRUE
1553347;Software Engineer;East London;Trabajo.org;Full-time;FALSE;May;FALSE
1723568;Data Scientist;Durban;Trabajo.org;Full-time;FALSE;August;FALSE
43859;Data Scientist;Sandton;Trabajo.org;Full-time;FALSE;June;FALSE
130078;Data Scientist;Durban;Trabajo.org;Full-time;FALSE;September;FALSE
174025;Senior Data Analyst;Midrand;Trabajo.org;Full-time;FALSE;September;FALSE
180213;Data Scientist;Durban;Trabajo.org;Full-time;FALSE;August;FALSE
258696;Data Scientist;Sandton;Trabajo.org;Full-time;FALSE;July;FALSE
270149;Data Analyst;Durban;Trabajo.org;Full-time;FALSE;July;FALSE
287213;Data Engineer;Midrand;Trabajo.org;Full-time;FALSE;June;FALSE
313192;Senior Data Scientist;Sandton;Trabajo.org;Full-time;FALSE;June;FALSE
326829;Senior Data Analyst;Bloemfontein;Trabajo.org;Full-time;FALSE;August;TRUE
361557;Software Engineer;East London;Trabajo.org;Full-time;FALSE;June;FALSE
392412;Data Scientist;Midrand;Trabajo.org;Full-time;FALSE;August;FALSE
427620;Data Scientist;Sandton;Trabajo.org;Full-time;FALSE;August;FALSE
443388;Data Scientist;Stellenbosch;Trabajo.org;Full-time;FALSE;August;FALSE
459097;Data Engineer;East London;Trabajo.org;Full-time;FALSE;June;TRUE
522567;Data Analyst;Durban;Trabajo.org;Full-time;FALSE;August;FALSE
548382;Senior Data Analyst;Stellenbosch;Trabajo.org;Full-time;FALSE;August;FALSE
594542;Senior Data Scientist;Midrand;Trabajo.org;Full-time;FALSE;September;FALSE
633888;Data Scientist;Stellenbosch;Trabajo.org;Full-time;FALSE;July;FALSE
638750;Data Engineer;Stellenbosch;Trabajo.org;Full-time;FALSE;June;FALSE
735029;Data Engineer;Soweto;Trabajo.org;Full-time;FALSE;August;FALSE
745736;Data Scientist;Midrand;Trabajo.org;Full-time;FALSE;September;FALSE
814362;Data Analyst;Gqeberha;Trabajo.org;Full-time;FALSE;June;TRUE
845452;Data Analyst;Sandton;Trabajo.org;Full-time;FALSE;July;FALSE
865865;Data Scientist;Midrand;Trabajo.org;Full-time;FALSE;September;FALSE
871731;Data Scientist;Sandton;Trabajo.org;Full-time;FALSE;September;FALSE
883649;Data Scientist;Sandton;Trabajo.org;Full-time;FALSE;September;FALSE
977858;Senior Data Scientist;Sandton;Trabajo.org;Full-time;FALSE;July;FALSE
990102;Data Analyst;Sandton;Trabajo.org;Full-time;FALSE;August;FALSE
1012975;Data Scientist;Sandton;Trabajo.org;Full-time;FALSE;June;FALSE
1162261;Data Scientist;Kraaifontein;Trabajo.org;Full-time;FALSE;April;TRUE
1183124;Senior Data Scientist;Midrand;Trabajo.org;Full-time;FALSE;August;FALSE
1245396;Data Scientist;Kempton Park;Trabajo.org;Full-time;FALSE;August;FALSE
1290167;Data Engineer;Midrand;Trabajo.org;Full-time;FALSE;June;FALSE
1419371;Data Scientist;Gqeberha;Trabajo.org;Full-time;FALSE;June;FALSE
1446434;Data Engineer;Midrand;Trabajo.org;Full-time;FALSE;June;FALSE
1593744;Data Scientist;Roodepoort;Trabajo.org;Full-time;FALSE;September;FALSE
1603455;Data Analyst;Midrand;Trabajo.org;Full-time;FALSE;August;FALSE
1669138;Data Analyst;Midrand;Trabajo.org;Full-time;FALSE;August;TRUE
1688588;Data Analyst;Midrand;Trabajo.org;Full-time;FALSE;August;FALSE
1715455;Data Analyst;Gauteng;Trabajo.org;Full-time;FALSE;May;FALSE
1750877;Data Scientist;Christiana;Trabajo.org;Full-time;FALSE;June;FALSE
541515;Software Engineer;Stellenbosch;Trabajo.org;Full-time;FALSE;February;FALSE
1067042;Data Engineer;Randburg;Trabajo.org;Full-time;FALSE;April;TRUE
1153134;Data Engineer;Sandton;Trabajo.org;Full-time;FALSE;July;TRUE
1202517;Data Engineer;Midrand;Trabajo.org;Full-time;FALSE;July;TRUE
68426;Data Scientist;Mount Edgecombe;Trabajo.org;Full-time;FALSE;August;FALSE
277587;Machine Learning Engineer;Stellenbosch;Trabajo.org;Full-time;FALSE;February;FALSE
28140;Business Analyst;Stellenbosch;Trabajo.org;Full-time;FALSE;February;FALSE
43938;Data Engineer;Soweto;Trabajo.org;Full-time;FALSE;April;TRUE
104952;Data Engineer;Midrand;Trabajo.org;Full-time;FALSE;July;FALSE
106165;Data Engineer;Stellenbosch;Trabajo.org;Full-time;FALSE;July;FALSE
348743;Senior Data Scientist;Soweto;Trabajo.org;Full-time;FALSE;April;FALSE
360437;Data Engineer;Stellenbosch;Trabajo.org;Full-time;FALSE;April;TRUE
375164;Software Engineer;Durban;Trabajo.org;Full-time;FALSE;February;TRUE
394360;Data Engineer;East London;Trabajo.org;Full-time;FALSE;July;FALSE
569992;Data Engineer;Randburg;Trabajo.org;Full-time;FALSE;February;TRUE
660844;Data Engineer;Sandton;Trabajo.org;Full-time;FALSE;July;FALSE
768186;Data Engineer;East London;Trabajo.org;Full-time;FALSE;July;FALSE
1016658;Senior Data Scientist;Stellenbosch;Trabajo.org;Full-time;FALSE;April;FALSE
1162950;Data Scientist;Gqeberha;Trabajo.org;Full-time;FALSE;February;FALSE
1180645;Software Engineer;Durban;Trabajo.org;Full-time;FALSE;February;TRUE
1230762;Data Engineer;East London;Trabajo.org;Full-time;FALSE;July;FALSE
1328711;Senior Data Engineer;Sandton;Trabajo.org;Full-time;FALSE;February;FALSE
1524307;Data Scientist;Randburg;Trabajo.org;Full-time;FALSE;April;FALSE
99536;Data Analyst;Bloemfontein;Trabajo.org;Full-time;FALSE;March;TRUE
245248;Data Engineer;Durban;Trabajo.org;Full-time;FALSE;February;FALSE
706148;Senior Data Scientist;Stellenbosch;Trabajo.org;Full-time;FALSE;August;FALSE
1020013;Data Scientist;Sandton;Trabajo.org;Full-time;FALSE;August;FALSE
305691;Data Scientist;Stellenbosch;Trabajo.org;Full-time;FALSE;February;FALSE
334461;Data Engineer;Stellenbosch;Trabajo.org;Full-time;FALSE;April;TRUE
378928;Business Analyst;Stellenbosch;Trabajo.org;Full-time;FALSE;February;FALSE
402136;Data Analyst;Durban;Trabajo.org;Full-time;FALSE;February;TRUE
1595391;Data Scientist;Randburg;Trabajo.org;Full-time;FALSE;May;TRUE
147569;Data Analyst;Midrand;Trabajo.org;Full-time;FALSE;August;FALSE
632720;Data Scientist;Soweto;Trabajo.org;Full-time;FALSE;July;FALSE
114729;Software Engineer;Soweto;Trabajo.org;Full-time;FALSE;April;TRUE
195640;Data Engineer;Durban;Trabajo.org;Full-time;FALSE;April;FALSE
158201;Senior Data Engineer;Midrand;Trabajo.org;Full-time;FALSE;April;FALSE
782712;Software Engineer;Soweto;Trabajo.org;Full-time;FALSE;April;FALSE
786249;Data Analyst;Stellenbosch;Trabajo.org;Full-time;FALSE;April;FALSE
844155;Data Scientist;Midrand;Trabajo.org;Full-time;FALSE;July;FALSE
1422988;Data Scientist;Durban;Trabajo.org;Full-time;FALSE;January;TRUE
1618886;Data Scientist;Germiston;Trabajo.org;Full-time;FALSE;April;FALSE
199542;Software Engineer;Midrand;Trabajo.org;Full-time;FALSE;April;FALSE
422951;Data Engineer;Gqeberha;Trabajo.org;Full-time;FALSE;August;FALSE
660940;Data Scientist;Sandton;Trabajo.org;Full-time;FALSE;January;FALSE
810768;Data Engineer;Westville;Trabajo.org;Full-time;FALSE;January;FALSE
1404177;Data Analyst;East London;Trabajo.org;Full-time;FALSE;January;FALSE
1351404;Data Engineer;East London;Trabajo.org;Full-time;FALSE;April;FALSE
392904;Data Engineer;Sandton;Trabajo.org;Full-time;FALSE;January;TRUE
406180;Data Engineer;George;Trabajo.org;Full-time;FALSE;January;FALSE
502927;Software Engineer;East London;Trabajo.org;Full-time;FALSE;January;FALSE
1546068;Data Analyst;Durban;Trabajo.org;Full-time;FALSE;January;FALSE
89191;Data Scientist;Durban;Trabajo.org;Full-time;FALSE;April;FALSE
229327;Data Scientist;Stellenbosch;Trabajo.org;Full-time;FALSE;January;FALSE
37762;Data Engineer;Gauteng;Trabajo.org;Full-time;FALSE;March;FALSE
222904;Data Analyst;Germiston;Trabajo.org;Full-time;FALSE;March;TRUE
343513;Data Scientist;Soweto;Trabajo.org;Full-time;FALSE;May;FALSE
389799;Data Scientist;Durban;Trabajo.org;Full-time;FALSE;August;FALSE
414690;Data Analyst;Stellenbosch;Trabajo.org;Full-time;FALSE;August;TRUE
858784;Senior Data Scientist;Midrand;Trabajo.org;Full-time;FALSE;August;FALSE
874210;Data Scientist;Midrand;Trabajo.org;Full-time;FALSE;August;FALSE
1229090;Data Analyst;Bloemfontein;Trabajo.org;Full-time;FALSE;February;FALSE
1566881;Data Engineer;Durban;Trabajo.org;Full-time;FALSE;May;TRUE
1757694;Data Scientist;Stellenbosch;Trabajo.org;Full-time;FALSE;August;FALSE
1769216;Data Scientist;Midrand;Trabajo.org;Full-time;FALSE;August;FALSE
1790121;Data Engineer;Soweto;Trabajo.org;Full-time;FALSE;April;FALSE
10851;Business Analyst;Johannesburg South;Trabajo.org;Full-time;FALSE;April;FALSE
372463;Data Engineer;Midrand;Trabajo.org;Full-time;FALSE;April;TRUE
393009;Data Scientist;Durban;Trabajo.org;Full-time;FALSE;April;FALSE
827544;Data Scientist;Randburg;Trabajo.org;Full-time;FALSE;April;FALSE
922895;Data Scientist;Stellenbosch;Trabajo.org;Full-time;FALSE;April;FALSE
1321862;Data Engineer;Durban;Trabajo.org;Full-time;FALSE;April;FALSE
1506361;Data Engineer;Randburg;Trabajo.org;Full-time;FALSE;March;FALSE
378282;Data Scientist;Midrand;Trabajo.org;Full-time;FALSE;August;FALSE
284137;Software Engineer;Durban;Trabajo.org;Full-time;FALSE;February;FALSE
400136;Data Engineer;Soweto;Trabajo.org;Full-time;FALSE;September;FALSE
41028;Data Engineer;Sandton;Trabajo.org;Full-time;FALSE;January;FALSE
892758;Data Scientist;Sandton;Trabajo.org;Full-time;FALSE;January;FALSE
313999;Data Engineer;Gqeberha;Trabajo.org;Full-time;FALSE;February;TRUE
865982;Senior Data Analyst;Randburg;Trabajo.org;Full-time;FALSE;May;FALSE
1245261;Data Engineer;Sandton;Trabajo.org;Full-time;FALSE;January;FALSE
1315176;Data Scientist;Durban;Trabajo.org;Full-time;FALSE;August;FALSE
92697;Data Analyst;Durban;Trabajo.org;Full-time;FALSE;January;FALSE
1315191;Data Analyst;Randburg;Trabajo.org;Full-time;FALSE;May;TRUE
529377;Data Scientist;Kriel;Trabajo.org;Full-time;FALSE;August;FALSE
1689195;Data Scientist;Sandton;Trabajo.org;Full-time;FALSE;August;FALSE
333512;Data Analyst;Bloemfontein;Trabajo.org;Full-time;FALSE;April;TRUE
507423;Data Engineer;Sandton;Trabajo.org;Full-time;FALSE;August;FALSE
1779031;Data Analyst;Randburg;Trabajo.org;Full-time;FALSE;May;FALSE
213506;Cloud Engineer;East London;Trabajo.org;Full-time;FALSE;January;FALSE
864001;Data Scientist;Midrand;Trabajo.org;Full-time;FALSE;August;FALSE
1218582;Data Scientist;Gauteng;Trabajo.org;Full-time;FALSE;August;FALSE
1016511;Machine Learning Engineer;Sandton;Trabajo.org;Full-time;FALSE;August;FALSE
1684806;Data Engineer;Sandton;Trabajo.org;Full-time;FALSE;August;TRUE
550646;Data Scientist;Sandton;Trabajo.org;Full-time;FALSE;January;FALSE
1130852;Software Engineer;Soweto;Trabajo.org;Full-time;FALSE;May;FALSE
1308320;Data Scientist;Sandton;Trabajo.org;Full-time;FALSE;January;FALSE
56821;Data Analyst;Qonce;Trabajo.org;Full-time;FALSE;January;TRUE
184159;Data Engineer;Durban;Trabajo.org;Full-time;FALSE;January;FALSE
320623;Senior Data Analyst;Midrand;Trabajo.org;Full-time;FALSE;January;FALSE
597151;Data Engineer;Sandton;Trabajo.org;Full-time;FALSE;January;FALSE
1223600;Senior Data Analyst;Midrand;Trabajo.org;Full-time;FALSE;January;FALSE
660733;Senior Data Engineer;Sandton;Trabajo.org;Full-time;FALSE;January;FALSE
1579927;Data Engineer;Randburg;Trabajo.org;Full-time;FALSE;May;TRUE
1579930;Data Engineer;Sandton;Trabajo.org;Full-time;FALSE;May;TRUE
1579931;Software Engineer;Sandton;Trabajo.org;Full-time;FALSE;May;FALSE
1580594;Data Scientist;George;Trabajo.org;Full-time;FALSE;May;TRUE
1580598;Senior Data Engineer;uMhlanga;Trabajo.org;Full-time;FALSE;May;TRUE
1580599;Data Engineer;Midrand;Trabajo.org;Full-time;FALSE;May;TRUE
1580601;Data Engineer;Durban;Trabajo.org;Full-time;FALSE;May;FALSE
1580602;Data Engineer;Randburg;Trabajo.org;Full-time;FALSE;May;TRUE
1580603;Data Analyst;uMhlanga;Trabajo.org;Full-time;FALSE;May;FALSE
1580772;Data Engineer;Randburg;Trabajo.org;Full-time;FALSE;May;TRUE
1580773;Data Engineer;Welkom;Trabajo.org;Full-time;FALSE;May;FALSE
1581724;Data Engineer;Randburg;Trabajo.org;Full-time;FALSE;May;TRUE
1581728;Senior Data Scientist;George;Trabajo.org;Full-time;FALSE;May;FALSE
1581730;Data Engineer;Stellenbosch;Trabajo.org;Full-time;FALSE;May;TRUE
1581731;Senior Data Scientist;Randburg;Trabajo.org;Full-time;FALSE;May;TRUE
1581736;Software Engineer;Stellenbosch;Trabajo.org;Full-time;FALSE;May;TRUE
1577303;Data Scientist;Bloemfontein;Trabajo.org;Full-time;FALSE;May;FALSE
1581992;Data Scientist;Randburg;Trabajo.org;Full-time;FALSE;May;TRUE
1582412;Cloud Engineer;Durban;Trabajo.org;Full-time;FALSE;May;TRUE
1582824;Data Scientist;Durban;Trabajo.org;Full-time;FALSE;May;TRUE
1583032;Data Scientist;Midrand;Trabajo.org;Full-time;FALSE;May;FALSE
1583091;Data Scientist;Durban;Trabajo.org;Full-time;FALSE;May;TRUE
1587363;Data Analyst;Bloemfontein;Trabajo.org;Full-time;FALSE;June;FALSE
1587364;Data Analyst;Kathu;Trabajo.org;Full-time;FALSE;June;TRUE
1587367;Business Analyst;Bloemfontein;Trabajo.org;Full-time;FALSE;June;FALSE
1587845;Data Engineer;Knysna;Trabajo.org;Full-time;FALSE;June;FALSE
1588593;Data Engineer;uMhlanga;Trabajo.org;Full-time;FALSE;June;FALSE
1588723;Senior Data Engineer;Lichtenburg;Trabajo.org;Full-time;FALSE;June;FALSE
1588725;Machine Learning Engineer;Knysna;Trabajo.org;Full-time;FALSE;June;FALSE
1588775;Business Analyst;Bloemfontein;Trabajo.org;Full-time;FALSE;June;FALSE
1589331;Senior Data Engineer;Gauteng;Trabajo.org;Full-time;FALSE;June;TRUE
1589332;Data Scientist;Randburg;Trabajo.org;Full-time;FALSE;June;FALSE
1589473;Data Scientist;Midrand;Trabajo.org;Full-time;FALSE;June;FALSE
1591823;Data Scientist;Gqeberha;Trabajo.org;Full-time;FALSE;June;TRUE
1592878;Data Analyst;Durban;Trabajo.org;Full-time;FALSE;June;TRUE
1593446;Data Analyst;Randburg;Trabajo.org;Full-time;FALSE;June;FALSE
1594405;Data Scientist;Gqeberha;Trabajo.org;Full-time;FALSE;June;FALSE
1594434;Software Engineer;Stellenbosch;Trabajo.org;Full-time;FALSE;June;TRUE
1594435;Data Scientist;Midrand;Trabajo.org;Full-time;FALSE;June;FALSE
1594704;Data Engineer;Sandton;Trabajo.org;Full-time;FALSE;June;FALSE
1594707;Data Engineer;Rustenburg;Trabajo.org;Full-time;FALSE;June;FALSE
1594708;Data Analyst;Matatiele;Trabajo.org;Full-time;FALSE;June;TRUE
1594710;Data Engineer;Randburg;Trabajo.org;Full-time;FALSE;June;FALSE
1594711;Data Analyst;Sandton;Trabajo.org;Full-time;FALSE;June;TRUE
1598999;Data Scientist;Stellenbosch;Trabajo.org;Full-time;FALSE;June;FALSE
1599862;Data Engineer;Roodepoort;Trabajo.org;Full-time;FALSE;June;TRUE
1600207;Data Engineer;Stellenbosch;Trabajo.org;Full-time;FALSE;June;TRUE
1604490;Data Scientist;Kraaifontein;Trabajo.org;Full-time;FALSE;June;TRUE
1604739;Data Scientist;Bloemfontein;Trabajo.org;Full-time;FALSE;June;FALSE
1606333;Data Scientist;Randburg;Trabajo.org;Full-time;FALSE;June;FALSE
1606723;Data Analyst;Bloemfontein;Trabajo.org;Full-time;FALSE;June;FALSE
1606725;Data Engineer;Midrand;Trabajo.org;Full-time;FALSE;June;TRUE
1607037;Data Engineer;Soweto;Trabajo.org;Full-time;FALSE;June;FALSE
1607038;Senior Data Engineer;Midrand;Trabajo.org;Full-time;FALSE;June;TRUE
1607731;Senior Data Scientist;Bloemfontein;Trabajo.org;Full-time;FALSE;June;TRUE
1607994;Machine Learning Engineer;Nigel;Trabajo.org;Full-time;FALSE;June;FALSE
1608034;Data Engineer;Soweto;Trabajo.org;Full-time;FALSE;June;FALSE
1609061;Data Analyst;Roodepoort;Trabajo.org;Full-time;FALSE;June;FALSE
1609611;Data Analyst;Bloemfontein;Trabajo.org;Full-time;FALSE;June;TRUE
1610174;Data Analyst;Bloemfontein;Trabajo.org;Full-time;FALSE;June;FALSE
1612353;Data Scientist;Durban;Trabajo.org;Full-time;FALSE;June;TRUE
1613919;Data Engineer;Gqeberha;Trabajo.org;Full-time;FALSE;June;TRUE
1613920;Data Analyst;uMhlanga;Trabajo.org;Full-time;FALSE;June;TRUE
1613963;Data Analyst;George;Trabajo.org;Full-time;FALSE;June;TRUE
1613967;Data Scientist;Midrand;Trabajo.org;Full-time;FALSE;June;FALSE
1614713;Data Analyst;Upington;Trabajo.org;Full-time;FALSE;June;TRUE
1617140;Data Engineer;Randburg;Trabajo.org;Full-time;FALSE;June;FALSE
1446864;Senior Data Scientist;George;Trabajo.org;Full-time;FALSE;March;FALSE
1449121;Senior Data Scientist;George;Trabajo.org;Full-time;FALSE;March;FALSE
1451566;Senior Data Scientist;George;Trabajo.org;Full-time;FALSE;March;FALSE
1309369;Data Engineer;Durban;Trabajo.org;Full-time;FALSE;January;FALSE
1313250;Software Engineer;Randburg;Trabajo.org;Full-time;FALSE;January;FALSE
1313798;Data Engineer;Kempton Park;Trabajo.org;Full-time;FALSE;January;FALSE
1315898;Data Scientist;Midrand;Trabajo.org;Full-time;FALSE;January;FALSE
1318016;Data Scientist;Randburg;Trabajo.org;Full-time;FALSE;January;FALSE
1318017;Data Scientist;Randburg;Trabajo.org;Full-time;FALSE;January;FALSE
1454154;Senior Data Scientist;George;Trabajo.org;Full-time;FALSE;March;FALSE
1457041;Senior Data Scientist;George;Trabajo.org;Full-time;FALSE;March;FALSE
1458490;Data Scientist;Durban;Trabajo.org;Full-time;FALSE;March;TRUE
1459751;Senior Data Scientist;George;Trabajo.org;Full-time;FALSE;March;FALSE
1461993;Senior Data Scientist;George;Trabajo.org;Full-time;FALSE;March;FALSE
1466197;Senior Data Scientist;George;Trabajo.org;Full-time;FALSE;March;FALSE
1468436;Senior Data Scientist;George;Trabajo.org;Full-time;FALSE;March;FALSE
1470873;Senior Data Scientist;George;Trabajo.org;Full-time;FALSE;March;FALSE
1473544;Senior Data Scientist;George;Trabajo.org;Full-time;FALSE;March;FALSE
1474861;Data Scientist;Durban;Trabajo.org;Full-time;FALSE;March;TRUE
1476056;Senior Data Scientist;George;Trabajo.org;Full-time;FALSE;March;FALSE
1513551;Data Scientist;Midrand;Trabajo.org;Full-time;FALSE;April;FALSE
1513554;Data Scientist;Gqeberha;Trabajo.org;Full-time;FALSE;April;FALSE
1513938;Software Engineer;Sandton;Trabajo.org;Full-time;FALSE;April;TRUE
1514427;Data Scientist;Gqeberha;Trabajo.org;Full-time;FALSE;April;FALSE
1537083;Senior Data Engineer;Lichtenburg;Trabajo.org;Full-time;FALSE;April;FALSE
1538172;Senior Data Engineer;Lichtenburg;Trabajo.org;Full-time;FALSE;April;FALSE
1539424;Senior Data Engineer;Lichtenburg;Trabajo.org;Full-time;FALSE;April;FALSE
1540618;Senior Data Engineer;Lichtenburg;Trabajo.org;Full-time;FALSE;April;FALSE
1541571;Senior Data Engineer;Lichtenburg;Trabajo.org;Full-time;FALSE;April;FALSE
1542504;Senior Data Engineer;Lichtenburg;Trabajo.org;Full-time;FALSE;April;FALSE
1543519;Senior Data Engineer;Lichtenburg;Trabajo.org;Full-time;FALSE;April;FALSE
1544612;Senior Data Engineer;Lichtenburg;Trabajo.org;Full-time;FALSE;April;FALSE
1545804;Senior Data Engineer;Lichtenburg;Trabajo.org;Full-time;FALSE;April;FALSE
1547195;Senior Data Engineer;Lichtenburg;Trabajo.org;Full-time;FALSE;May;FALSE
1548297;Data Engineer;Gqeberha;Trabajo.org;Full-time;FALSE;May;TRUE
1548299;Data Engineer;uMhlanga;Trabajo.org;Full-time;FALSE;May;FALSE
1548300;Cloud Engineer;Randburg;Trabajo.org;Full-time;FALSE;May;FALSE
1548303;Machine Learning Engineer;Durban;Trabajo.org;Full-time;FALSE;May;FALSE
1549360;Senior Data Engineer;Lichtenburg;Trabajo.org;Full-time;FALSE;May;FALSE
1550815;Data Analyst;Randburg;Trabajo.org;Full-time;FALSE;May;TRUE
1551698;Data Analyst;George;Trabajo.org;Full-time;FALSE;May;TRUE
1551699;Senior Data Analyst;Kathu;Trabajo.org;Full-time;FALSE;May;FALSE
1551701;Business Analyst;George;Trabajo.org;Full-time;FALSE;May;FALSE
1551861;Data Analyst;Bloemfontein;Trabajo.org;Full-time;FALSE;May;TRUE
1552897;Data Analyst;Stellenbosch;Trabajo.org;Full-time;FALSE;May;TRUE
1555796;Data Engineer;Mbombela;Trabajo.org;Full-time;FALSE;May;TRUE
1556800;Software Engineer;Midrand;Trabajo.org;Full-time;FALSE;May;FALSE
1565231;Software Engineer;Midrand;Trabajo.org;Full-time;FALSE;May;TRUE
1565232;Senior Data Engineer;uMhlanga;Trabajo.org;Full-time;FALSE;May;TRUE
1571554;Data Engineer;Roodepoort;Trabajo.org;Full-time;FALSE;May;TRUE
1571555;Senior Data Scientist;Lichtenburg;Trabajo.org;Full-time;FALSE;May;TRUE
1571556;Cloud Engineer;Durban;Trabajo.org;Full-time;FALSE;May;TRUE
1572257;Data Engineer;Durban;Trabajo.org;Full-time;FALSE;May;TRUE
1572315;Data Engineer;Sandton;Trabajo.org;Full-time;FALSE;May;TRUE
1572477;Data Scientist;uMhlanga;Trabajo.org;Full-time;FALSE;May;FALSE
1572481;Data Analyst;Randburg;Trabajo.org;Full-time;FALSE;May;TRUE
1573826;Senior Data Analyst;Bloemfontein;Trabajo.org;Full-time;FALSE;May;FALSE
1574448;Data Engineer;Durban;Trabajo.org;Full-time;FALSE;May;TRUE
1574931;Software Engineer;Durban;Trabajo.org;Full-time;FALSE;May;TRUE
1050643;Cloud Engineer;Western Cape;Trabajo.org;Full-time;FALSE;April;FALSE
400807;Senior Data Engineer;Western Cape;Trabajo.org;Full-time;FALSE;March;FALSE
1805776;Data Scientist;Western Cape;Trabajo.org;Full-time;FALSE;March;FALSE
342669;Senior Data Engineer;Western Cape;Trabajo.org;Full-time;FALSE;April;FALSE
124362;Data Analyst;Western Cape;Trabajo.org;Full-time;FALSE;March;FALSE
601131;Business Analyst;Western Cape;Trabajo.org;Full-time;FALSE;April;FALSE
540403;Data Analyst;Western Cape;Trabajo.org;Full-time;FALSE;August;FALSE
1366174;Data Analyst;Western Cape;Trabajo.org;Full-time;FALSE;April;TRUE
1579925;Business Analyst;Western Cape;Trabajo.org;Full-time;FALSE;May;FALSE
1580197;Business Analyst;Western Cape;Trabajo.org;Full-time;FALSE;May;FALSE
1580596;Business Analyst;Western Cape;Trabajo.org;Full-time;FALSE;May;FALSE
1587228;Data Analyst;Western Cape;Trabajo.org;Full-time;FALSE;June;FALSE
1587362;Data Analyst;Western Cape;Trabajo.org;Full-time;FALSE;June;TRUE
1587365;Data Analyst;Western Cape;Trabajo.org;Full-time;FALSE;June;FALSE
1587366;Data Analyst;Western Cape;Trabajo.org;Full-time;FALSE;June;TRUE
1587926;Business Analyst;Western Cape;Trabajo.org;Full-time;FALSE;June;TRUE
1588128;Data Scientist;Western Cape;Trabajo.org;Full-time;FALSE;June;FALSE
1589329;Senior Data Analyst;Western Cape;Trabajo.org;Full-time;FALSE;June;TRUE
1590998;Data Scientist;Western Cape;Trabajo.org;Full-time;FALSE;June;TRUE
1591585;Cloud Engineer;Western Cape;Trabajo.org;Full-time;FALSE;June;TRUE
1593443;Business Analyst;Western Cape;Trabajo.org;Full-time;FALSE;June;TRUE
1594404;Data Scientist;Western Cape;Trabajo.org;Full-time;FALSE;June;FALSE
1594701;Data Analyst;Western Cape;Trabajo.org;Full-time;FALSE;June;TRUE
1594702;Data Scientist;Western Cape;Trabajo.org;Full-time;FALSE;June;FALSE
1594709;Cloud Engineer;Western Cape;Trabajo.org;Full-time;FALSE;June;TRUE
1608215;Data Scientist;Western Cape;Trabajo.org;Full-time;FALSE;June;FALSE
1613962;Data Analyst;Western Cape;Trabajo.org;Full-time;FALSE;June;TRUE
1613964;Business Analyst;Western Cape;Trabajo.org;Full-time;FALSE;June;FALSE
1613965;Data Scientist;Western Cape;Trabajo.org;Full-time;FALSE;June;TRUE
1614028;Senior Data Engineer;Western Cape;Trabajo.org;Full-time;FALSE;June;FALSE
1614144;Data Analyst;Western Cape;Trabajo.org;Full-time;FALSE;June;TRUE
1616065;Data Engineer;Western Cape;Trabajo.org;Full-time;FALSE;June;FALSE
1620064;Data Analyst;Western Cape;Trabajo.org;Full-time;FALSE;June;FALSE
1367424;Data Analyst;Western Cape;Trabajo.org;Full-time;FALSE;February;TRUE
1369709;Data Analyst;Western Cape;Trabajo.org;Full-time;FALSE;February;TRUE
1372315;Data Analyst;Western Cape;Trabajo.org;Full-time;FALSE;February;TRUE
1375000;Data Analyst;Western Cape;Trabajo.org;Full-time;FALSE;February;TRUE
1377955;Data Analyst;Western Cape;Trabajo.org;Full-time;FALSE;February;TRUE
1379775;Business Analyst;Western Cape;Trabajo.org;Full-time;FALSE;February;FALSE
1381376;Data Analyst;Western Cape;Trabajo.org;Full-time;FALSE;February;TRUE
1384008;Data Analyst;Western Cape;Trabajo.org;Full-time;FALSE;February;TRUE
1386649;Data Analyst;Western Cape;Trabajo.org;Full-time;FALSE;February;TRUE
1389130;Data Analyst;Western Cape;Trabajo.org;Full-time;FALSE;February;TRUE
1392039;Data Analyst;Western Cape;Trabajo.org;Full-time;FALSE;February;TRUE
1394876;Data Analyst;Western Cape;Trabajo.org;Full-time;FALSE;February;TRUE
1396761;Business Analyst;Western Cape;Trabajo.org;Full-time;FALSE;February;FALSE
1398428;Data Analyst;Western Cape;Trabajo.org;Full-time;FALSE;February;TRUE
1400603;Business Analyst;Western Cape;Trabajo.org;Full-time;FALSE;February;FALSE
1402503;Data Analyst;Western Cape;Trabajo.org;Full-time;FALSE;February;TRUE
1405495;Data Analyst;Western Cape;Trabajo.org;Full-time;FALSE;February;TRUE
1408242;Data Analyst;Western Cape;Trabajo.org;Full-time;FALSE;February;TRUE
1410877;Data Analyst;Western Cape;Trabajo.org;Full-time;FALSE;February;TRUE
1413971;Data Analyst;Western Cape;Trabajo.org;Full-time;FALSE;February;TRUE
1415722;Business Analyst;Western Cape;Trabajo.org;Full-time;FALSE;February;FALSE
1418631;Data Analyst;Western Cape;Trabajo.org;Full-time;FALSE;February;TRUE
1446600;Data Analyst;Western Cape;Trabajo.org;Full-time;FALSE;March;FALSE
1448834;Data Analyst;Western Cape;Trabajo.org;Full-time;FALSE;March;FALSE
1451265;Data Analyst;Western Cape;Trabajo.org;Full-time;FALSE;March;FALSE
1453842;Data Analyst;Western Cape;Trabajo.org;Full-time;FALSE;March;FALSE
1456688;Data Analyst;Western Cape;Trabajo.org;Full-time;FALSE;March;FALSE
1459474;Data Analyst;Western Cape;Trabajo.org;Full-time;FALSE;March;FALSE
1461733;Data Analyst;Western Cape;Trabajo.org;Full-time;FALSE;March;FALSE
1463831;Data Analyst;Western Cape;Trabajo.org;Full-time;FALSE;March;FALSE
1465930;Data Analyst;Western Cape;Trabajo.org;Full-time;FALSE;March;FALSE
1468160;Data Analyst;Western Cape;Trabajo.org;Full-time;FALSE;March;FALSE
1470567;Data Analyst;Western Cape;Trabajo.org;Full-time;FALSE;March;FALSE
1473227;Data Analyst;Western Cape;Trabajo.org;Full-time;FALSE;March;FALSE
1475789;Data Analyst;Western Cape;Trabajo.org;Full-time;FALSE;March;FALSE
1513553;Data Scientist;Western Cape;Trabajo.org;Full-time;FALSE;April;FALSE
1513936;Senior Data Scientist;Western Cape;Trabajo.org;Full-time;FALSE;April;TRUE
1514428;Cloud Engineer;Western Cape;Trabajo.org;Full-time;FALSE;April;FALSE
1548670;Data Scientist;Western Cape;Trabajo.org;Full-time;FALSE;May;FALSE
1551392;Data Analyst;Western Cape;Trabajo.org;Full-time;FALSE;May;FALSE
1551599;Data Scientist;Western Cape;Trabajo.org;Full-time;FALSE;May;TRUE
1551700;Business Analyst;Western Cape;Trabajo.org;Full-time;FALSE;May;TRUE
1551702;Business Analyst;Western Cape;Trabajo.org;Full-time;FALSE;May;TRUE
1552893;Data Analyst;Western Cape;Trabajo.org;Full-time;FALSE;May;TRUE
1573920;Data Analyst;Western Cape;Trabajo.org;Full-time;FALSE;May;FALSE
1573921;Data Analyst;Western Cape;Trabajo.org;Full-time;FALSE;May;FALSE
1574932;Data Engineer;Western Cape;Trabajo.org;Full-time;FALSE;May;TRUE
1609451;Data Engineer;Centurion;Trabajo.org;Full-time;FALSE;August;TRUE
5549;Data Scientist;Centurion;Trabajo.org;Full-time;FALSE;August;FALSE
277901;Data Scientist;Centurion;Trabajo.org;Full-time;FALSE;August;FALSE
280091;Data Scientist;Centurion;Trabajo.org;Full-time;FALSE;August;FALSE
434728;Data Scientist;Centurion;Trabajo.org;Full-time;FALSE;August;FALSE
563643;Data Analyst;Centurion;Trabajo.org;Full-time;FALSE;August;FALSE
569595;Data Scientist;Centurion;Trabajo.org;Full-time;FALSE;August;FALSE
571112;Data Analyst;Centurion;Trabajo.org;Full-time;FALSE;August;TRUE
1313847;Data Analyst;Centurion;Trabajo.org;Full-time;FALSE;August;FALSE
1483495;Data Scientist;Centurion;Trabajo.org;Full-time;FALSE;August;FALSE
782395;Data Engineer;Centurion;Trabajo.org;Full-time;FALSE;April;FALSE
189299;Data Analyst;Centurion;Trabajo.org;Full-time;FALSE;July;FALSE
925166;Data Engineer;Centurion;Trabajo.org;Full-time;FALSE;March;TRUE
339688;Data Analyst;Centurion;Trabajo.org;Full-time;FALSE;August;FALSE
1734107;Cloud Engineer;Centurion;Trabajo.org;Full-time;FALSE;July;FALSE
365381;Data Scientist;Centurion;Trabajo.org;Full-time;FALSE;August;FALSE
397593;Machine Learning Engineer;Centurion;Trabajo.org;Full-time;FALSE;April;FALSE
496099;Data Engineer;Centurion;Trabajo.org;Full-time;FALSE;May;FALSE
600564;Data Engineer;Centurion;Trabajo.org;Full-time;FALSE;September;FALSE
650516;Senior Data Scientist;Centurion;Trabajo.org;Full-time;FALSE;July;FALSE
700271;Data Analyst;Centurion;Trabajo.org;Full-time;FALSE;August;FALSE
729749;Data Scientist;Centurion;Trabajo.org;Full-time;FALSE;August;FALSE
795432;Data Scientist;Centurion;Trabajo.org;Full-time;FALSE;June;FALSE
828550;Data Engineer;Centurion;Trabajo.org;Full-time;FALSE;August;FALSE
1636407;Data Scientist;Centurion;Trabajo.org;Full-time;FALSE;August;FALSE
1758546;Data Engineer;Centurion;Trabajo.org;Full-time;FALSE;June;FALSE
1781660;Data Scientist;Centurion;Trabajo.org;Full-time;FALSE;June;FALSE
280418;Data Scientist;Centurion;Trabajo.org;Full-time;FALSE;July;FALSE
320745;Data Scientist;Centurion;Trabajo.org;Full-time;FALSE;July;FALSE
1475369;Data Scientist;Centurion;Trabajo.org;Full-time;FALSE;August;FALSE
1745472;Data Scientist;Centurion;Trabajo.org;Full-time;FALSE;August;FALSE
1555012;Data Engineer;Centurion;Trabajo.org;Full-time;FALSE;May;FALSE
1603618;Senior Data Engineer;Centurion;Trabajo.org;Full-time;FALSE;July;TRUE
1579933;Data Scientist;Centurion;Trabajo.org;Full-time;FALSE;May;FALSE
1581732;Cloud Engineer;Centurion;Trabajo.org;Full-time;FALSE;May;TRUE
1581733;Data Scientist;Centurion;Trabajo.org;Full-time;FALSE;May;FALSE
1581735;Data Scientist;Centurion;Trabajo.org;Full-time;FALSE;May;TRUE
1582363;Senior Data Scientist;Centurion;Trabajo.org;Full-time;FALSE;May;TRUE
1582611;Data Engineer;Centurion;Trabajo.org;Full-time;FALSE;May;TRUE
1582750;Software Engineer;Centurion;Trabajo.org;Full-time;FALSE;May;TRUE
1583030;Senior Data Scientist;Centurion;Trabajo.org;Full-time;FALSE;May;TRUE
1585080;Software Engineer;Centurion;Trabajo.org;Full-time;FALSE;May;TRUE
1585127;Data Engineer;Centurion;Trabajo.org;Full-time;FALSE;May;TRUE
1585158;Data Engineer;Centurion;Trabajo.org;Full-time;FALSE;May;TRUE
1588724;Cloud Engineer;Centurion;Trabajo.org;Full-time;FALSE;June;TRUE
1590583;Senior Data Engineer;Centurion;Trabajo.org;Full-time;FALSE;June;TRUE
1591387;Data Engineer;Centurion;Trabajo.org;Full-time;FALSE;June;FALSE
1592454;Data Engineer;Centurion;Trabajo.org;Full-time;FALSE;June;TRUE
1594407;Data Analyst;Centurion;Trabajo.org;Full-time;FALSE;June;FALSE
1594433;Data Engineer;Centurion;Trabajo.org;Full-time;FALSE;June;FALSE
1594713;Senior Data Scientist;Centurion;Trabajo.org;Full-time;FALSE;June;FALSE
1606606;Senior Data Scientist;Centurion;Trabajo.org;Full-time;FALSE;June;FALSE
1609614;Data Scientist;Centurion;Trabajo.org;Full-time;FALSE;June;FALSE
1612048;Data Engineer;Centurion;Trabajo.org;Full-time;FALSE;June;FALSE
1612049;Data Analyst;Centurion;Trabajo.org;Full-time;FALSE;June;FALSE
1612050;Machine Learning Engineer;Centurion;Trabajo.org;Full-time;FALSE;June;FALSE
1614148;Machine Learning Engineer;Centurion;Trabajo.org;Full-time;FALSE;June;FALSE
1614149;Senior Data Engineer;Centurion;Trabajo.org;Full-time;FALSE;June;TRUE
1614153;Data Scientist;Centurion;Trabajo.org;Full-time;FALSE;June;FALSE
1614203;Senior Data Engineer;Centurion;Trabajo.org;Full-time;FALSE;June;FALSE
1616341;Data Engineer;Centurion;Trabajo.org;Full-time;FALSE;June;TRUE
1616342;Senior Data Engineer;Centurion;Trabajo.org;Full-time;FALSE;June;TRUE
1367423;Data Engineer;Centurion;Trabajo.org;Full-time;FALSE;February;TRUE
1369708;Data Engineer;Centurion;Trabajo.org;Full-time;FALSE;February;TRUE
1372314;Data Engineer;Centurion;Trabajo.org;Full-time;FALSE;February;TRUE
1374999;Data Engineer;Centurion;Trabajo.org;Full-time;FALSE;February;TRUE
1377954;Data Engineer;Centurion;Trabajo.org;Full-time;FALSE;February;TRUE
1381375;Data Engineer;Centurion;Trabajo.org;Full-time;FALSE;February;TRUE
1384007;Data Engineer;Centurion;Trabajo.org;Full-time;FALSE;February;TRUE
1386648;Data Engineer;Centurion;Trabajo.org;Full-time;FALSE;February;TRUE
1389129;Data Engineer;Centurion;Trabajo.org;Full-time;FALSE;February;TRUE
1392038;Data Engineer;Centurion;Trabajo.org;Full-time;FALSE;February;TRUE
1394875;Data Engineer;Centurion;Trabajo.org;Full-time;FALSE;February;TRUE
1398427;Data Engineer;Centurion;Trabajo.org;Full-time;FALSE;February;TRUE
1402502;Data Engineer;Centurion;Trabajo.org;Full-time;FALSE;February;TRUE
1405494;Data Engineer;Centurion;Trabajo.org;Full-time;FALSE;February;TRUE
1408241;Data Engineer;Centurion;Trabajo.org;Full-time;FALSE;February;TRUE
1410876;Data Engineer;Centurion;Trabajo.org;Full-time;FALSE;February;TRUE
1413970;Data Engineer;Centurion;Trabajo.org;Full-time;FALSE;February;TRUE
1418630;Data Engineer;Centurion;Trabajo.org;Full-time;FALSE;February;TRUE
1326499;Data Engineer;Centurion;Trabajo.org;Full-time;FALSE;January;FALSE
1513693;Senior Data Analyst;Centurion;Trabajo.org;Full-time;FALSE;April;FALSE
1548302;Data Analyst;Centurion;Trabajo.org;Full-time;FALSE;May;FALSE
1565230;Data Engineer;Centurion;Trabajo.org;Full-time;FALSE;May;TRUE
1565994;Data Engineer;Centurion;Trabajo.org;Full-time;FALSE;May;FALSE
1574449;Senior Data Scientist;Centurion;Trabajo.org;Full-time;FALSE;May;FALSE
1574934;Cloud Engineer;Centurion;Trabajo.org;Full-time;FALSE;May;TRUE
361963;Data Analyst;Pretoria;Trabajo.org;Full-time;FALSE;February;FALSE
490475;Data Analyst;Pretoria;Trabajo.org;Full-time;FALSE;February;FALSE
1042330;Software Engineer;Pretoria;Trabajo.org;Full-time;FALSE;April;TRUE
1305771;Data Engineer;Pretoria;Trabajo.org;Full-time;FALSE;February;TRUE
11811;Data Scientist;Pretoria;Trabajo.org;Full-time;FALSE;April;FALSE
30552;Data Scientist;Pretoria;Trabajo.org;Full-time;FALSE;August;FALSE
239083;Data Analyst;Pretoria;Trabajo.org;Full-time;FALSE;August;FALSE
486535;Data Scientist;Pretoria;Trabajo.org;Full-time;FALSE;August;TRUE
731848;Data Scientist;Pretoria;Trabajo.org;Full-time;FALSE;August;FALSE
1330785;Data Analyst;Pretoria;Trabajo.org;Full-time;FALSE;August;TRUE
1637009;Data Analyst;Pretoria;Trabajo.org;Full-time;FALSE;July;FALSE
1638969;Data Analyst;Pretoria;Trabajo.org;Full-time;FALSE;August;FALSE
1821055;Data Analyst;Pretoria;Trabajo.org;Full-time;FALSE;August;FALSE
91496;Data Analyst;Pretoria;Trabajo.org;Full-time;FALSE;September;FALSE
109063;Data Engineer;Pretoria;Trabajo.org;Full-time;FALSE;May;FALSE
261929;Senior Data Engineer;Pretoria;Trabajo.org;Full-time;FALSE;May;FALSE
565489;Data Engineer;Pretoria;Trabajo.org;Full-time;FALSE;September;TRUE
876507;Cloud Engineer;Pretoria;Trabajo.org;Full-time;FALSE;May;TRUE
1668827;Data Scientist;Pretoria;Trabajo.org;Full-time;FALSE;May;FALSE
1797799;Machine Learning Engineer;Pretoria;Trabajo.org;Full-time;FALSE;September;TRUE
189659;Data Engineer;Pretoria;Trabajo.org;Full-time;FALSE;April;TRUE
601407;Senior Data Analyst;Pretoria;Trabajo.org;Full-time;FALSE;April;TRUE
690207;Data Scientist;Pretoria;Trabajo.org;Full-time;FALSE;April;FALSE
912165;Data Scientist;Pretoria;Trabajo.org;Full-time;FALSE;April;FALSE
1071438;Senior Data Scientist;Pretoria;Trabajo.org;Full-time;FALSE;March;FALSE
1083636;Data Scientist;Pretoria;Trabajo.org;Full-time;FALSE;April;FALSE
444997;Data Engineer;Pretoria;Trabajo.org;Full-time;FALSE;July;FALSE
1063363;Data Scientist;Pretoria;Trabajo.org;Full-time;FALSE;August;FALSE
1619734;Data Engineer;Pretoria;Trabajo.org;Full-time;FALSE;July;FALSE
1779805;Software Engineer;Pretoria;Trabajo.org;Full-time;FALSE;April;FALSE
51156;Software Engineer;Pretoria;Trabajo.org;Full-time;FALSE;June;FALSE
86562;Data Engineer;Pretoria;Trabajo.org;Full-time;FALSE;June;FALSE
371710;Data Scientist;Pretoria;Trabajo.org;Full-time;FALSE;July;FALSE
847253;Data Analyst;Pretoria;Trabajo.org;Full-time;FALSE;September;FALSE
1014666;Data Engineer;Pretoria;Trabajo.org;Full-time;FALSE;August;FALSE
1062005;Data Scientist;Pretoria;Trabajo.org;Full-time;FALSE;September;FALSE
1119661;Data Analyst;Pretoria;Trabajo.org;Full-time;FALSE;August;FALSE
1273813;Senior Data Analyst;Pretoria;Trabajo.org;Full-time;FALSE;July;FALSE
1304624;Data Scientist;Pretoria;Trabajo.org;Full-time;FALSE;August;FALSE
1432745;Data Analyst;Pretoria;Trabajo.org;Full-time;FALSE;August;FALSE
1450396;Data Engineer;Pretoria;Trabajo.org;Full-time;FALSE;June;FALSE
1645387;Data Scientist;Pretoria;Trabajo.org;Full-time;FALSE;August;FALSE
334381;Data Engineer;Pretoria;Trabajo.org;Full-time;FALSE;April;TRUE
1539281;Data Analyst;Pretoria;Trabajo.org;Full-time;FALSE;February;FALSE
68518;Data Engineer;Pretoria;Trabajo.org;Full-time;FALSE;February;FALSE
257817;Data Scientist;Pretoria;Trabajo.org;Full-time;FALSE;February;FALSE
505759;Data Engineer;Pretoria;Trabajo.org;Full-time;FALSE;July;TRUE
864660;Software Engineer;Pretoria;Trabajo.org;Full-time;FALSE;February;TRUE
890000;Data Scientist;Pretoria;Trabajo.org;Full-time;FALSE;February;FALSE
1496337;Data Engineer;Pretoria;Trabajo.org;Full-time;FALSE;July;TRUE
1811926;Data Engineer;Pretoria;Trabajo.org;Full-time;FALSE;July;FALSE
257573;Data Engineer;Pretoria;Trabajo.org;Full-time;FALSE;April;TRUE
1343999;Data Engineer;Pretoria;Trabajo.org;Full-time;FALSE;April;TRUE
85775;Data Scientist;Pretoria;Trabajo.org;Full-time;FALSE;March;FALSE
1642699;Data Engineer;Pretoria;Trabajo.org;Full-time;FALSE;April;TRUE
1825426;Senior Data Engineer;Pretoria;Trabajo.org;Full-time;FALSE;April;FALSE
835455;Data Engineer;Pretoria;Trabajo.org;Full-time;FALSE;March;TRUE
1183309;Data Engineer;Pretoria;Trabajo.org;Full-time;FALSE;April;FALSE
1530256;Data Engineer;Pretoria;Trabajo.org;Full-time;FALSE;February;FALSE
28571;Data Engineer;Pretoria;Trabajo.org;Full-time;FALSE;April;TRUE
485418;Data Engineer;Pretoria;Trabajo.org;Full-time;FALSE;April;TRUE
1245715;Data Scientist;Pretoria;Trabajo.org;Full-time;FALSE;April;FALSE
735490;Data Scientist;Pretoria;Trabajo.org;Full-time;FALSE;August;FALSE
765873;Data Engineer;Pretoria;Trabajo.org;Full-time;FALSE;August;FALSE
1066760;Software Engineer;Pretoria;Trabajo.org;Full-time;FALSE;April;TRUE
251582;Data Engineer;Pretoria;Trabajo.org;Full-time;FALSE;August;FALSE
707709;Data Scientist;Pretoria;Trabajo.org;Full-time;FALSE;August;FALSE
724392;Data Scientist;Pretoria;Trabajo.org;Full-time;FALSE;August;FALSE
828624;Software Engineer;Pretoria;Trabajo.org;Full-time;FALSE;August;TRUE
1430904;Data Scientist;Pretoria;Trabajo.org;Full-time;FALSE;August;FALSE
1447197;Data Engineer;Pretoria;Trabajo.org;Full-time;FALSE;July;TRUE
1611819;Data Engineer;Pretoria;Trabajo.org;Full-time;FALSE;August;TRUE
1314983;Data Scientist;Pretoria;Trabajo.org;Full-time;FALSE;April;FALSE
270354;Data Engineer;Pretoria;Trabajo.org;Full-time;FALSE;February;FALSE
543461;Cloud Engineer;Pretoria;Trabajo.org;Full-time;FALSE;September;FALSE
1050796;Data Engineer;Pretoria;Trabajo.org;Full-time;FALSE;September;TRUE
419085;Data Engineer;Pretoria;Trabajo.org;Full-time;FALSE;August;TRUE
354608;Software Engineer;Pretoria;Trabajo.org;Full-time;FALSE;August;FALSE
522775;Senior Data Analyst;Pretoria;Trabajo.org;Full-time;FALSE;August;FALSE
367397;Data Engineer;Pretoria;Trabajo.org;Full-time;FALSE;July;TRUE
63919;Senior Data Scientist;Pretoria;Trabajo.org;Full-time;FALSE;March;FALSE
90937;Data Scientist;Pretoria;Trabajo.org;Full-time;FALSE;August;FALSE
1579929;Data Engineer;Pretoria;Trabajo.org;Full-time;FALSE;May;TRUE
1580600;Data Scientist;Pretoria;Trabajo.org;Full-time;FALSE;May;TRUE
1580650;Data Engineer;Pretoria;Trabajo.org;Full-time;FALSE;May;FALSE
1580651;Data Engineer;Pretoria;Trabajo.org;Full-time;FALSE;May;FALSE
1581726;Data Engineer;Pretoria;Trabajo.org;Full-time;FALSE;May;TRUE
1582859;Data Engineer;Pretoria;Trabajo.org;Full-time;FALSE;May;TRUE
1591586;Data Scientist;Pretoria;Trabajo.org;Full-time;FALSE;June;TRUE
1592226;Senior Data Engineer;Pretoria;Trabajo.org;Full-time;FALSE;June;TRUE
1592227;Data Engineer;Pretoria;Trabajo.org;Full-time;FALSE;June;FALSE
1592774;Data Scientist;Pretoria;Trabajo.org;Full-time;FALSE;June;FALSE
1593037;Data Scientist;Pretoria;Trabajo.org;Full-time;FALSE;June;FALSE
1594406;Cloud Engineer;Pretoria;Trabajo.org;Full-time;FALSE;June;FALSE
1594436;Cloud Engineer;Pretoria;Trabajo.org;Full-time;FALSE;June;TRUE
1597780;Machine Learning Engineer;Pretoria;Trabajo.org;Full-time;FALSE;June;FALSE
1607992;Senior Data Scientist;Pretoria;Trabajo.org;Full-time;FALSE;June;FALSE
1609504;Senior Data Engineer;Pretoria;Trabajo.org;Full-time;FALSE;June;TRUE
1609613;Data Engineer;Pretoria;Trabajo.org;Full-time;FALSE;June;FALSE
1610696;Data Engineer;Pretoria;Trabajo.org;Full-time;FALSE;June;FALSE
1610697;Machine Learning Engineer;Pretoria;Trabajo.org;Full-time;FALSE;June;FALSE
1610698;Cloud Engineer;Pretoria;Trabajo.org;Full-time;FALSE;June;TRUE
1614146;Data Engineer;Pretoria;Trabajo.org;Full-time;FALSE;June;FALSE
1618696;Data Engineer;Pretoria;Trabajo.org;Full-time;FALSE;June;FALSE
1548306;Data Analyst;Pretoria;Trabajo.org;Full-time;FALSE;May;TRUE
1550727;Data Engineer;Pretoria;Trabajo.org;Full-time;FALSE;May;TRUE
1552894;Data Analyst;Pretoria;Trabajo.org;Full-time;FALSE;May;TRUE
1552895;Senior Data Engineer;Pretoria;Trabajo.org;Full-time;FALSE;May;TRUE
1552896;Senior Data Scientist;Pretoria;Trabajo.org;Full-time;FALSE;May;FALSE
1565997;Data Scientist;Pretoria;Trabajo.org;Full-time;FALSE;May;FALSE
1572442;Data Engineer;Pretoria;Trabajo.org;Full-time;FALSE;May;TRUE
1572443;Software Engineer;Pretoria;Trabajo.org;Full-time;FALSE;May;TRUE
1572445;Machine Learning Engineer;Pretoria;Trabajo.org;Full-time;FALSE;May;FALSE
1575313;Data Analyst;Pretoria;Trabajo.org;Full-time;FALSE;May;FALSE
249105;Cloud Engineer;Pretoria;Trabajo.org;Full-time;FALSE;January;TRUE
572653;Data Analyst;Pretoria;Trabajo.org;Full-time;FALSE;January;TRUE
609792;Data Analyst;Pretoria;Trabajo.org;Full-time;FALSE;January;FALSE
685324;Business Analyst;Pretoria;Trabajo.org;Full-time;FALSE;January;FALSE
710080;Data Scientist;Pretoria;Trabajo.org;Full-time;FALSE;January;FALSE
1108171;Software Engineer;Pretoria;Trabajo.org;Full-time;FALSE;January;FALSE
1168228;Data Analyst;Pretoria;Trabajo.org;Full-time;FALSE;January;TRUE
1254788;Software Engineer;Pretoria;Trabajo.org;Full-time;FALSE;January;TRUE
1363162;Data Analyst;Pretoria;Trabajo.org;Full-time;FALSE;January;TRUE
1366549;Data Scientist;Pretoria;Trabajo.org;Full-time;FALSE;January;TRUE
210713;Data Analyst;Pretoria;Trabajo.org;Full-time;FALSE;January;TRUE
916565;Senior Data Analyst;Pretoria;Trabajo.org;Full-time;FALSE;January;FALSE
1052135;Data Analyst;Pretoria;Trabajo.org;Full-time;FALSE;January;FALSE
1518678;Business Analyst;Pretoria;Trabajo.org;Full-time;FALSE;January;FALSE
412886;Business Analyst;Pretoria;Trabajo.org;Full-time;FALSE;January;FALSE
1174314;Software Engineer;Pretoria;Trabajo.org;Full-time;FALSE;January;TRUE
1700707;Data Analyst;Pretoria;Trabajo.org;Full-time;FALSE;January;FALSE
469484;Data Scientist;Pretoria;Trabajo.org;Full-time;FALSE;January;FALSE
1209329;Data Engineer;Pretoria;Trabajo.org;Full-time;FALSE;January;TRUE
1278202;Software Engineer;Pretoria;Trabajo.org;Full-time;FALSE;January;TRUE
424512;Data Scientist;Pretoria;Trabajo.org;Full-time;FALSE;January;FALSE
474413;Business Analyst;Pretoria;Trabajo.org;Full-time;FALSE;January;FALSE
1162585;Data Engineer;Pretoria;Trabajo.org;Full-time;FALSE;January;TRUE
509278;Software Engineer;Pretoria;Trabajo.org;Full-time;FALSE;January;FALSE
1628559;Business Analyst;Pretoria;Trabajo.org;Full-time;FALSE;January;TRUE
350283;Software Engineer;Pretoria;Trabajo.org;Full-time;FALSE;January;TRUE
1145964;Software Engineer;Pretoria;Trabajo.org;Full-time;FALSE;January;TRUE
1632229;Software Engineer;Pretoria;Trabajo.org;Full-time;FALSE;January;TRUE
806747;Data Analyst;Pretoria;Trabajo.org;Full-time;FALSE;January;TRUE
993127;Software Engineer;Pretoria;Trabajo.org;Full-time;FALSE;January;TRUE
1210811;Software Engineer;Pretoria;Trabajo.org;Full-time;FALSE;January;TRUE
1648874;Business Analyst;Pretoria;Trabajo.org;Full-time;FALSE;January;FALSE
121542;Business Analyst;Pretoria;Trabajo.org;Full-time;FALSE;January;TRUE
213860;Business Analyst;Pretoria;Trabajo.org;Full-time;FALSE;January;TRUE
1772214;Business Analyst;Pretoria;Trabajo.org;Full-time;FALSE;January;TRUE
28852;Business Analyst;Pretoria;Trabajo.org;Full-time;FALSE;January;TRUE
91688;Business Analyst;Pretoria;Trabajo.org;Full-time;FALSE;January;TRUE
232873;Data Analyst;Pretoria;Trabajo.org;Full-time;FALSE;January;FALSE
244581;Data Engineer;Pretoria;Trabajo.org;Full-time;FALSE;January;TRUE
257737;Business Analyst;Pretoria;Trabajo.org;Full-time;FALSE;January;TRUE
318112;Data Scientist;Pretoria;Trabajo.org;Full-time;FALSE;January;FALSE
373133;Data Analyst;Pretoria;Trabajo.org;Full-time;FALSE;January;TRUE
374691;Business Analyst;Pretoria;Trabajo.org;Full-time;FALSE;January;TRUE
378907;Business Analyst;Pretoria;Trabajo.org;Full-time;FALSE;January;FALSE
422948;Data Analyst;Pretoria;Trabajo.org;Full-time;FALSE;January;TRUE
467716;Business Analyst;Pretoria;Trabajo.org;Full-time;FALSE;January;FALSE
489099;Business Analyst;Pretoria;Trabajo.org;Full-time;FALSE;January;FALSE
505725;Business Analyst;Pretoria;Trabajo.org;Full-time;FALSE;January;TRUE
867968;Data Engineer;Pretoria;Trabajo.org;Full-time;FALSE;January;TRUE
992720;Business Analyst;Pretoria;Trabajo.org;Full-time;FALSE;January;FALSE
1039207;Business Analyst;Pretoria;Trabajo.org;Full-time;FALSE;January;TRUE
1066369;Business Analyst;Pretoria;Trabajo.org;Full-time;FALSE;January;TRUE
1218754;Data Analyst;Pretoria;Trabajo.org;Full-time;FALSE;January;TRUE
1298154;Business Analyst;Pretoria;Trabajo.org;Full-time;FALSE;January;FALSE
1415880;Business Analyst;Pretoria;Trabajo.org;Full-time;FALSE;January;FALSE
1454900;Business Analyst;Pretoria;Trabajo.org;Full-time;FALSE;January;TRUE
1771491;Data Analyst;Pretoria;Trabajo.org;Full-time;FALSE;January;TRUE
1804167;Machine Learning Engineer;Pretoria;Trabajo.org;Full-time;FALSE;January;TRUE
1293622;Software Engineer;Pretoria;Trabajo.org;Full-time;FALSE;January;FALSE
721633;Software Engineer;Pretoria;Trabajo.org;Full-time;FALSE;January;TRUE
1230896;Business Analyst;Pretoria;Trabajo.org;Full-time;FALSE;January;FALSE
1544844;Business Analyst;Pretoria;Trabajo.org;Full-time;FALSE;January;TRUE
1632720;Data Engineer;Pretoria;Trabajo.org;Full-time;FALSE;January;FALSE
43508;Software Engineer;Pretoria;Trabajo.org;Full-time;FALSE;January;TRUE
123588;Software Engineer;Pretoria;Trabajo.org;Full-time;FALSE;January;FALSE
149288;Cloud Engineer;Pretoria;Trabajo.org;Full-time;FALSE;January;TRUE
149407;Software Engineer;Pretoria;Trabajo.org;Full-time;FALSE;January;FALSE
264408;Senior Data Scientist;Pretoria;Trabajo.org;Full-time;FALSE;January;FALSE
362544;Software Engineer;Pretoria;Trabajo.org;Full-time;FALSE;January;FALSE
478329;Business Analyst;Pretoria;Trabajo.org;Full-time;FALSE;January;TRUE
596508;Data Engineer;Pretoria;Trabajo.org;Full-time;FALSE;January;TRUE
644259;Cloud Engineer;Pretoria;Trabajo.org;Full-time;FALSE;January;FALSE
891613;Data Engineer;Pretoria;Trabajo.org;Full-time;FALSE;January;FALSE
937597;Business Analyst;Pretoria;Trabajo.org;Full-time;FALSE;January;TRUE
961049;Business Analyst;Pretoria;Trabajo.org;Full-time;FALSE;January;FALSE
1152710;Software Engineer;Pretoria;Trabajo.org;Full-time;FALSE;January;FALSE
1536550;Software Engineer;Pretoria;Trabajo.org;Full-time;FALSE;January;TRUE
1613857;Data Scientist;Pretoria;Trabajo.org;Full-time;FALSE;January;TRUE
176485;Data Analyst;Pretoria;Trabajo.org;Full-time;FALSE;January;FALSE
286344;Cloud Engineer;Pretoria;Trabajo.org;Full-time;FALSE;January;TRUE
288183;Software Engineer;Pretoria;Trabajo.org;Full-time;FALSE;January;FALSE
292255;Software Engineer;Pretoria;Trabajo.org;Full-time;FALSE;January;TRUE
387034;Business Analyst;Pretoria;Trabajo.org;Full-time;FALSE;January;TRUE
415986;Cloud Engineer;Pretoria;Trabajo.org;Full-time;FALSE;January;FALSE
433079;Business Analyst;Pretoria;Trabajo.org;Full-time;FALSE;January;FALSE
437826;Business Analyst;Pretoria;Trabajo.org;Full-time;FALSE;January;FALSE
439141;Data Scientist;Pretoria;Trabajo.org;Full-time;FALSE;January;FALSE
531986;Business Analyst;Pretoria;Trabajo.org;Full-time;FALSE;January;FALSE
701577;Cloud Engineer;Pretoria;Trabajo.org;Full-time;FALSE;January;FALSE
725352;Data Engineer;Pretoria;Trabajo.org;Full-time;FALSE;January;FALSE
729144;Software Engineer;Pretoria;Trabajo.org;Full-time;FALSE;January;FALSE
819902;Business Analyst;Pretoria;Trabajo.org;Full-time;FALSE;January;TRUE
829777;Business Analyst;Pretoria;Trabajo.org;Full-time;FALSE;January;FALSE
1115302;Data Engineer;Pretoria;Trabajo.org;Full-time;FALSE;January;TRUE
1238099;Data Analyst;Pretoria;Trabajo.org;Full-time;FALSE;January;TRUE
1266796;Software Engineer;Pretoria;Trabajo.org;Full-time;FALSE;January;FALSE
1274416;Software Engineer;Pretoria;Trabajo.org;Full-time;FALSE;January;TRUE
1289890;Software Engineer;Pretoria;Trabajo.org;Full-time;FALSE;January;FALSE
1295839;Senior Data Scientist;Pretoria;Trabajo.org;Full-time;FALSE;January;FALSE
1459744;Software Engineer;Pretoria;Trabajo.org;Full-time;FALSE;January;TRUE
1467759;Data Analyst;Pretoria;Trabajo.org;Full-time;FALSE;January;TRUE
1473858;Data Engineer;Pretoria;Trabajo.org;Full-time;FALSE;January;TRUE
1530678;Business Analyst;Pretoria;Trabajo.org;Full-time;FALSE;January;TRUE
1746127;Business Analyst;Pretoria;Trabajo.org;Full-time;FALSE;January;TRUE
1822268;Data Analyst;Pretoria;Trabajo.org;Full-time;FALSE;January;TRUE
974194;Software Engineer;Pretoria;Trabajo.org;Full-time;FALSE;January;TRUE
5947;Software Engineer;Pretoria;Trabajo.org;Full-time;FALSE;January;TRUE
221721;Data Analyst;Pretoria;Trabajo.org;Full-time;FALSE;January;FALSE
253234;Data Engineer;Pretoria;Trabajo.org;Full-time;FALSE;January;FALSE
316326;Business Analyst;Pretoria;Trabajo.org;Full-time;FALSE;January;FALSE
340970;Software Engineer;Pretoria;Trabajo.org;Full-time;FALSE;January;TRUE
1694775;Business Analyst;Pretoria;Trabajo.org;Full-time;FALSE;January;TRUE
114622;Software Engineer;Pretoria;Trabajo.org;Full-time;FALSE;January;TRUE
163667;Business Analyst;Pretoria;Trabajo.org;Full-time;FALSE;January;TRUE
1516853;Data Engineer;Pretoria;Trabajo.org;Full-time;FALSE;January;TRUE
1525712;Data Scientist;Pretoria;Trabajo.org;Full-time;FALSE;January;TRUE
1638300;Data Analyst;Pretoria;Trabajo.org;Full-time;FALSE;January;FALSE
1316239;Data Engineer;Pretoria;Trabajo.org;Full-time;FALSE;January;FALSE
1318222;Data Analyst;Pretoria;Trabajo.org;Full-time;FALSE;January;FALSE
148887;Data Scientist;Pretoria;LinkedIn;Full-time;FALSE;June;FALSE
178184;Software Engineer;Pretoria;LinkedIn;Full-time;FALSE;November;TRUE
196677;Data Scientist;Pretoria;LinkedIn;Full-time;FALSE;November;FALSE
568865;Data Engineer;Pretoria;LinkedIn;Full-time;FALSE;April;FALSE
608186;Business Analyst;Pretoria;LinkedIn;Full-time;FALSE;November;FALSE
1501999;Senior Data Scientist;Pretoria;LinkedIn;Full-time;FALSE;February;FALSE
187138;Data Scientist;Pretoria;LinkedIn;Full-time;FALSE;October;FALSE
319832;Data Engineer;Pretoria;LinkedIn;Full-time;FALSE;June;TRUE
368255;Data Engineer;Pretoria;LinkedIn;Full-time;FALSE;March;FALSE
457510;Data Scientist;Pretoria;LinkedIn;Full-time;FALSE;November;FALSE
581850;Data Analyst;Pretoria;LinkedIn;Full-time;FALSE;January;FALSE
593183;Data Engineer;Pretoria;LinkedIn;Full-time;FALSE;April;FALSE
731509;Data Analyst;Pretoria;LinkedIn;Full-time;FALSE;May;FALSE
840728;Data Engineer;Pretoria;LinkedIn;Full-time;FALSE;September;FALSE
841197;Software Engineer;Pretoria;LinkedIn;Full-time;FALSE;November;FALSE
841885;Data Analyst;Pretoria;LinkedIn;Full-time;FALSE;July;FALSE
980676;Data Analyst;Pretoria;LinkedIn;Full-time;FALSE;October;TRUE
1235741;Data Scientist;Pretoria;LinkedIn;Full-time;FALSE;November;FALSE
1323476;Senior Data Engineer;Pretoria;LinkedIn;Full-time;FALSE;February;FALSE
1689204;Data Engineer;Pretoria;LinkedIn;Full-time;FALSE;May;FALSE
154633;Data Analyst;Pretoria;LinkedIn;Full-time;FALSE;September;TRUE
242103;Data Scientist;Pretoria;LinkedIn;Full-time;FALSE;May;FALSE
307117;Software Engineer;Pretoria;LinkedIn;Full-time;FALSE;January;FALSE
1212378;Data Analyst;Pretoria;LinkedIn;Full-time;FALSE;October;TRUE
143193;Data Scientist;Pretoria;LinkedIn;Full-time;FALSE;July;FALSE
230035;Data Scientist;Pretoria;LinkedIn;Full-time;FALSE;July;FALSE
818351;Software Engineer;Pretoria;LinkedIn;Full-time;FALSE;July;FALSE
832688;Data Scientist;Pretoria;LinkedIn;Full-time;FALSE;July;FALSE
946834;Data Analyst;Pretoria;LinkedIn;Full-time;FALSE;November;FALSE
978449;Senior Data Engineer;Pretoria;LinkedIn;Full-time;FALSE;March;FALSE
1334018;Data Analyst;Pretoria;LinkedIn;Full-time;FALSE;July;FALSE
1414435;Data Scientist;Pretoria;LinkedIn;Full-time;FALSE;July;FALSE
1627773;Data Engineer;Pretoria;LinkedIn;Full-time;FALSE;January;FALSE
25286;Data Engineer;Pretoria;LinkedIn;Full-time;FALSE;June;FALSE
172099;Data Engineer;Pretoria;LinkedIn;Full-time;FALSE;March;FALSE
203340;Data Engineer;Pretoria;LinkedIn;Full-time;FALSE;June;FALSE
392656;Software Engineer;Pretoria;LinkedIn;Full-time;FALSE;October;FALSE
406683;Data Analyst;Pretoria;LinkedIn;Full-time;FALSE;January;FALSE
482705;Software Engineer;Pretoria;LinkedIn;Full-time;FALSE;November;TRUE
710894;Data Engineer;Pretoria;LinkedIn;Full-time;FALSE;February;FALSE
807452;Data Scientist;Pretoria;LinkedIn;Full-time;FALSE;July;FALSE
905138;Data Engineer;Pretoria;LinkedIn;Full-time;FALSE;June;FALSE
953175;Machine Learning Engineer;Pretoria;LinkedIn;Full-time;FALSE;February;FALSE
1074373;Data Engineer;Pretoria;LinkedIn;Full-time;FALSE;June;TRUE
1183674;Data Engineer;Pretoria;LinkedIn;Full-time;FALSE;February;FALSE
1228571;Data Engineer;Pretoria;LinkedIn;Full-time;FALSE;February;FALSE
1246817;Data Engineer;Pretoria;LinkedIn;Full-time;FALSE;June;FALSE
1361918;Senior Data Scientist;Pretoria;LinkedIn;Full-time;FALSE;January;FALSE
1396221;Cloud Engineer;Pretoria;LinkedIn;Full-time;FALSE;November;TRUE
1440281;Data Analyst;Pretoria;LinkedIn;Full-time;FALSE;June;FALSE
1689958;Software Engineer;Pretoria;LinkedIn;Full-time;FALSE;July;FALSE
511729;Data Scientist;Pretoria;LinkedIn;Full-time;FALSE;February;FALSE
645219;Software Engineer;Pretoria;LinkedIn;Full-time;FALSE;November;FALSE
666073;Data Analyst;Pretoria;LinkedIn;Full-time;FALSE;June;TRUE
561335;Senior Data Scientist;Pretoria;LinkedIn;Full-time;FALSE;May;FALSE
1486717;Data Scientist;Pretoria;LinkedIn;Full-time;FALSE;July;FALSE
1224939;Data Analyst;Pretoria;LinkedIn;Full-time;FALSE;May;FALSE
1315981;Software Engineer;Pretoria;LinkedIn;Full-time;FALSE;February;FALSE
1825700;Software Engineer;Pretoria;LinkedIn;Full-time;FALSE;June;FALSE
1806599;Data Engineer;Pretoria;LinkedIn;Full-time;FALSE;June;FALSE
94678;Data Scientist;Pretoria;LinkedIn;Full-time;FALSE;January;FALSE
303001;Data Engineer;Pretoria;LinkedIn;Full-time;FALSE;July;TRUE
309467;Data Scientist;Pretoria;LinkedIn;Full-time;FALSE;April;FALSE
325196;Data Scientist;Pretoria;LinkedIn;Full-time;FALSE;November;FALSE
404942;Data Analyst;Pretoria;LinkedIn;Full-time;FALSE;September;TRUE
872713;Data Analyst;Pretoria;LinkedIn;Full-time;FALSE;November;FALSE
729370;Data Scientist;Pretoria;LinkedIn;Full-time;FALSE;December;FALSE
1183091;Data Engineer;Pretoria;LinkedIn;Full-time;FALSE;October;TRUE
410390;Data Engineer;Pretoria;LinkedIn;Full-time;FALSE;October;TRUE
507532;Data Analyst;Pretoria;LinkedIn;Full-time;FALSE;February;TRUE
1719829;Data Scientist;Pretoria;LinkedIn;Full-time;FALSE;May;FALSE
1799649;Data Scientist;Pretoria;LinkedIn;Full-time;FALSE;September;FALSE
885833;Data Analyst;Pretoria;LinkedIn;Full-time;FALSE;July;FALSE
749674;Data Analyst;Pretoria;LinkedIn;Full-time;FALSE;September;FALSE
1486265;Data Engineer;Pretoria;LinkedIn;Full-time;FALSE;May;FALSE
106861;Data Scientist;Pretoria;LinkedIn;Full-time;FALSE;May;FALSE
344053;Machine Learning Engineer;Pretoria;LinkedIn;Full-time;FALSE;March;FALSE
923648;Senior Data Engineer;Pretoria;LinkedIn;Full-time;FALSE;June;FALSE
1050691;Data Engineer;Pretoria;LinkedIn;Full-time;FALSE;June;FALSE
1586249;Software Engineer;Pretoria;LinkedIn;Full-time;FALSE;June;FALSE
772768;Senior Data Scientist;Pretoria;LinkedIn;Full-time;FALSE;October;FALSE
408912;Senior Data Scientist;Pretoria;LinkedIn;Full-time;FALSE;March;FALSE
422864;Data Scientist;Pretoria;LinkedIn;Full-time;FALSE;July;FALSE
981033;Data Analyst;Pretoria;LinkedIn;Full-time;FALSE;March;TRUE
780807;Data Engineer;Pretoria;LinkedIn;Full-time;FALSE;July;FALSE
1406243;Data Scientist;Pretoria;LinkedIn;Full-time;FALSE;November;FALSE
469483;Senior Data Scientist;Pretoria;LinkedIn;Full-time;FALSE;October;FALSE
795562;Data Analyst;Pretoria;LinkedIn;Full-time;FALSE;October;FALSE
831938;Data Analyst;Pretoria;LinkedIn;Full-time;FALSE;November;FALSE
669385;Software Engineer;Pretoria;LinkedIn;Full-time;FALSE;October;FALSE
888673;Software Engineer;Pretoria;LinkedIn;Full-time;FALSE;July;FALSE
267428;Data Analyst;Sandton;LinkedIn;Full-time;FALSE;February;FALSE
932406;Data Engineer;Sandton;LinkedIn;Full-time;FALSE;July;FALSE
1142951;Data Engineer;Sandton;LinkedIn;Full-time;FALSE;January;FALSE
982481;Data Analyst;Sandton;LinkedIn;Full-time;FALSE;May;FALSE
1104771;Software Engineer;Sandton;LinkedIn;Full-time;FALSE;September;FALSE
1110580;Data Engineer;Sandton;LinkedIn;Full-time;FALSE;June;FALSE
1347245;Machine Learning Engineer;Sandton;LinkedIn;Full-time;FALSE;April;FALSE
1551818;Data Engineer;Sandton;LinkedIn;Full-time;FALSE;March;FALSE
1596910;Data Engineer;Sandton;LinkedIn;Full-time;FALSE;October;FALSE
69872;Data Engineer;Sandton;LinkedIn;Full-time;FALSE;June;FALSE
1232523;Data Scientist;Sandton;LinkedIn;Full-time;FALSE;July;FALSE
1258881;Data Engineer;Sandton;LinkedIn;Full-time;FALSE;October;FALSE
1308105;Data Scientist;Sandton;LinkedIn;Full-time;FALSE;November;FALSE
1334808;Data Analyst;Sandton;LinkedIn;Full-time;FALSE;July;FALSE
1367071;Data Analyst;Sandton;LinkedIn;Full-time;FALSE;August;FALSE
368245;Data Scientist;Sandton;LinkedIn;Full-time;FALSE;July;FALSE
831019;Data Engineer;Sandton;LinkedIn;Full-time;FALSE;September;FALSE
1043279;Senior Data Engineer;Sandton;LinkedIn;Full-time;FALSE;October;TRUE
1311305;Senior Data Engineer;Sandton;LinkedIn;Full-time;FALSE;August;FALSE
1549151;Data Engineer;Sandton;LinkedIn;Full-time;FALSE;October;FALSE
1668955;Data Analyst;Sandton;LinkedIn;Full-time;FALSE;January;FALSE
1720206;Data Engineer;Sandton;LinkedIn;Full-time;FALSE;October;TRUE
1723866;Data Engineer;Sandton;LinkedIn;Full-time;FALSE;July;FALSE
219607;Data Engineer;Sandton;LinkedIn;Full-time;FALSE;January;FALSE
1179154;Data Scientist;Sandton;LinkedIn;Full-time;FALSE;November;FALSE
1162672;Data Scientist;Sandton;LinkedIn;Full-time;FALSE;October;FALSE
58884;Software Engineer;Sandton;LinkedIn;Full-time;FALSE;October;FALSE
147940;Data Scientist;Sandton;LinkedIn;Full-time;FALSE;January;FALSE
219057;Data Engineer;Sandton;LinkedIn;Full-time;FALSE;November;FALSE
278395;Data Analyst;Sandton;LinkedIn;Full-time;FALSE;January;FALSE
310874;Data Engineer;Sandton;LinkedIn;Full-time;FALSE;June;FALSE
375920;Data Engineer;Sandton;LinkedIn;Full-time;FALSE;February;FALSE
393751;Data Engineer;Sandton;LinkedIn;Full-time;FALSE;September;FALSE
417988;Data Engineer;Sandton;LinkedIn;Full-time;FALSE;January;FALSE
424260;Data Analyst;Sandton;LinkedIn;Full-time;FALSE;September;FALSE
510571;Data Scientist;Sandton;LinkedIn;Full-time;FALSE;January;FALSE
539866;Data Engineer;Sandton;LinkedIn;Full-time;FALSE;June;FALSE
730154;Senior Data Engineer;Sandton;LinkedIn;Full-time;FALSE;April;FALSE
776060;Data Analyst;Sandton;LinkedIn;Full-time;FALSE;February;TRUE
777478;Data Engineer;Sandton;LinkedIn;Full-time;FALSE;October;FALSE
849647;Data Engineer;Sandton;LinkedIn;Full-time;FALSE;February;TRUE
896252;Data Analyst;Sandton;LinkedIn;Full-time;FALSE;February;FALSE
1029718;Software Engineer;Sandton;LinkedIn;Full-time;FALSE;September;FALSE
1227533;Data Scientist;Sandton;LinkedIn;Full-time;FALSE;April;FALSE
1650389;Data Analyst;Sandton;LinkedIn;Full-time;FALSE;February;FALSE
1736191;Data Analyst;Sandton;LinkedIn;Full-time;FALSE;June;FALSE
1761322;Data Engineer;Sandton;LinkedIn;Full-time;FALSE;June;FALSE
1771101;Senior Data Scientist;Sandton;LinkedIn;Full-time;FALSE;April;FALSE
417480;Data Analyst;Sandton;LinkedIn;Full-time;FALSE;May;FALSE
47773;Senior Data Engineer;Sandton;LinkedIn;Full-time;FALSE;June;FALSE
105520;Senior Data Engineer;Sandton;LinkedIn;Full-time;FALSE;June;FALSE
1513094;Senior Data Analyst;Sandton;LinkedIn;Full-time;FALSE;June;FALSE
898318;Data Scientist;Sandton;LinkedIn;Full-time;FALSE;June;FALSE
945084;Data Scientist;Sandton;LinkedIn;Full-time;FALSE;June;FALSE
1766392;Data Analyst;Sandton;LinkedIn;Full-time;FALSE;December;FALSE
1733603;Data Analyst;Sandton;LinkedIn;Full-time;FALSE;February;FALSE
1538;Data Analyst;Sandton;LinkedIn;Full-time;FALSE;November;FALSE
1335322;Data Analyst;Sandton;LinkedIn;Full-time;FALSE;January;FALSE
987008;Data Engineer;Sandton;LinkedIn;Full-time;FALSE;November;TRUE
1662895;Data Scientist;Sandton;LinkedIn;Full-time;FALSE;July;FALSE
255141;Machine Learning Engineer;Sandton;LinkedIn;Full-time;FALSE;February;FALSE
377939;Data Engineer;Sandton;LinkedIn;Full-time;FALSE;November;FALSE
416259;Data Engineer;Sandton;LinkedIn;Full-time;FALSE;December;FALSE
99750;Data Engineer;Sandton;LinkedIn;Full-time;FALSE;May;FALSE
782646;Data Analyst;Sandton;LinkedIn;Full-time;FALSE;July;FALSE
1298334;Data Scientist;Sandton;LinkedIn;Full-time;FALSE;March;TRUE
1387631;Data Engineer;Sandton;LinkedIn;Full-time;FALSE;January;FALSE
24882;Data Engineer;Sandton;LinkedIn;Full-time;FALSE;June;FALSE
307347;Data Analyst;Sandton;LinkedIn;Full-time;FALSE;July;FALSE
1604244;Data Scientist;Sandton;LinkedIn;Full-time;FALSE;February;FALSE
460048;Data Engineer;Midrand;LinkedIn;Full-time;FALSE;April;FALSE
548950;Data Scientist;East London;LinkedIn;Full-time;FALSE;April;FALSE
818893;Data Analyst;Durban;LinkedIn;Full-time;FALSE;June;FALSE
59543;Data Scientist;Durban;LinkedIn;Full-time;FALSE;January;FALSE
1462668;Data Analyst;Durban;LinkedIn;Full-time;FALSE;June;FALSE
30073;Data Engineer;Utrecht;LinkedIn;Full-time;FALSE;September;TRUE
111199;Data Analyst;Bloemfontein;LinkedIn;Full-time;FALSE;December;TRUE
114331;Data Analyst;Midrand;LinkedIn;Full-time;FALSE;July;TRUE
308845;Data Engineer;Midrand;LinkedIn;Full-time;FALSE;July;TRUE
471104;Data Engineer;Centurion;LinkedIn;Full-time;FALSE;April;FALSE
528440;Business Analyst;uMhlanga;LinkedIn;Full-time;FALSE;February;TRUE
787144;Data Engineer;Durban;LinkedIn;Full-time;FALSE;May;FALSE
856676;Data Scientist;Centurion;LinkedIn;Full-time;FALSE;April;FALSE
915986;Data Analyst;Amersfoort;LinkedIn;Full-time;FALSE;October;TRUE
1182739;Business Analyst;Bloemfontein;LinkedIn;Full-time;FALSE;October;FALSE
1466146;Data Engineer;Midrand;LinkedIn;Full-time;FALSE;April;FALSE
1525334;Data Engineer;Midrand;LinkedIn;Full-time;FALSE;December;TRUE
31054;Data Scientist;Fort Beaufort;LinkedIn;Full-time;FALSE;June;FALSE
109966;Data Engineer;Stellenbosch;LinkedIn;Full-time;FALSE;May;FALSE
138891;Data Engineer;Stellenbosch;LinkedIn;Full-time;FALSE;June;FALSE
165059;Senior Data Analyst;Stellenbosch;LinkedIn;Full-time;FALSE;June;FALSE
321766;Data Engineer;Stellenbosch;LinkedIn;Full-time;FALSE;March;FALSE
439176;Data Scientist;Stellenbosch;LinkedIn;Full-time;FALSE;May;FALSE
760041;Senior Data Scientist;Stellenbosch;LinkedIn;Full-time;FALSE;April;FALSE
777220;Data Scientist;Postmasburg;LinkedIn;Full-time;FALSE;April;FALSE
1245962;Business Analyst;Durban;LinkedIn;Full-time;FALSE;April;FALSE
1285010;Data Scientist;Durban;LinkedIn;Full-time;FALSE;August;FALSE
1327586;Senior Data Scientist;Stellenbosch;LinkedIn;Full-time;FALSE;June;FALSE
1608065;Data Analyst;Durban;LinkedIn;Full-time;FALSE;April;TRUE
1806376;Data Engineer;Stellenbosch;LinkedIn;Full-time;FALSE;May;FALSE
4515;Data Analyst;Randburg;LinkedIn;Full-time;FALSE;April;TRUE
5351;Senior Data Engineer;Knysna;LinkedIn;Full-time;FALSE;November;FALSE
7088;Data Analyst;Kempton Park;LinkedIn;Full-time;FALSE;January;TRUE
10241;Data Scientist;Centurion;LinkedIn;Full-time;FALSE;July;FALSE
17689;Data Analyst;Durban;LinkedIn;Full-time;FALSE;January;FALSE
41300;Data Analyst;Stellenbosch;LinkedIn;Full-time;FALSE;March;FALSE
45869;Data Analyst;Durban;LinkedIn;Full-time;FALSE;July;FALSE
48554;Data Analyst;Knysna;LinkedIn;Full-time;FALSE;November;FALSE
103136;Data Engineer;Randburg;LinkedIn;Full-time;FALSE;July;FALSE
106065;Senior Data Analyst;Midrand;LinkedIn;Full-time;FALSE;April;FALSE
117136;Data Scientist;Randburg;LinkedIn;Full-time;FALSE;July;FALSE
119817;Data Scientist;Knysna;LinkedIn;Full-time;FALSE;March;FALSE
145674;Cloud Engineer;Bushbuckridge;LinkedIn;Full-time;FALSE;May;FALSE
181872;Data Scientist;Centurion;LinkedIn;Full-time;FALSE;January;FALSE
189060;Data Engineer;George;LinkedIn;Full-time;FALSE;March;FALSE
195158;Data Engineer;Centurion;LinkedIn;Full-time;FALSE;August;FALSE
201699;Software Engineer;Randburg;LinkedIn;Full-time;FALSE;July;TRUE
211846;Data Scientist;Midrand;LinkedIn;Full-time;FALSE;June;FALSE
229645;Data Scientist;Stellenbosch;LinkedIn;Full-time;FALSE;February;FALSE
243033;Data Engineer;East London;LinkedIn;Full-time;FALSE;April;FALSE
274368;Data Scientist;Germiston;LinkedIn;Full-time;FALSE;October;FALSE
277934;Data Analyst;Randburg;LinkedIn;Full-time;FALSE;September;TRUE
302637;Data Analyst;Knysna;LinkedIn;Full-time;FALSE;August;FALSE
303188;Data Analyst;Sun City;LinkedIn;Full-time;FALSE;December;TRUE
334789;Cloud Engineer;Gqeberha;LinkedIn;Full-time;FALSE;May;FALSE
367734;Data Analyst;uMhlanga;LinkedIn;Full-time;FALSE;January;FALSE
400630;Data Scientist;Gqeberha;LinkedIn;Full-time;FALSE;January;FALSE
403317;Senior Data Analyst;Midrand;LinkedIn;Full-time;FALSE;July;FALSE
416346;Data Analyst;Somerset East;LinkedIn;Full-time;FALSE;May;FALSE
445490;Senior Data Engineer;Randburg;LinkedIn;Full-time;FALSE;August;FALSE
446974;Data Engineer;Knysna;LinkedIn;Full-time;FALSE;April;FALSE
452947;Data Scientist;Centurion;LinkedIn;Full-time;FALSE;May;FALSE
472079;Data Engineer;Centurion;LinkedIn;Full-time;FALSE;April;FALSE
492209;Data Analyst;Kempton Park;LinkedIn;Full-time;FALSE;October;FALSE
538505;Cloud Engineer;Randburg;LinkedIn;Full-time;FALSE;July;FALSE
545643;Data Engineer;Midrand;LinkedIn;Full-time;FALSE;April;FALSE
553003;Data Engineer;Durban;LinkedIn;Full-time;FALSE;August;TRUE
575786;Senior Data Scientist;Stellenbosch;LinkedIn;Full-time;FALSE;October;FALSE
593117;Software Engineer;Centurion;LinkedIn;Full-time;FALSE;July;FALSE
598494;Data Engineer;Centurion;LinkedIn;Full-time;FALSE;May;FALSE
600434;Data Engineer;Stellenbosch;LinkedIn;Full-time;FALSE;March;FALSE
618372;Data Analyst;Randburg;LinkedIn;Full-time;FALSE;July;FALSE
669399;Data Analyst;Stellenbosch;LinkedIn;Full-time;FALSE;February;FALSE
675680;Data Engineer;Midrand;LinkedIn;Full-time;FALSE;October;FALSE
715417;Senior Data Engineer;Randburg;LinkedIn;Full-time;FALSE;July;FALSE
728256;Senior Data Engineer;Randburg;LinkedIn;Full-time;FALSE;July;FALSE
741274;Senior Data Scientist;Centurion;LinkedIn;Full-time;FALSE;May;FALSE
786407;Data Scientist;Centurion;LinkedIn;Full-time;FALSE;June;FALSE
797047;Data Scientist;Centurion;LinkedIn;Full-time;FALSE;November;FALSE
838289;Data Analyst;Randburg;LinkedIn;Full-time;FALSE;August;FALSE
851396;Data Engineer;Utrecht;LinkedIn;Full-time;FALSE;July;TRUE
891901;Data Scientist;Randburg;LinkedIn;Full-time;FALSE;February;FALSE
922700;Data Engineer;Knysna;LinkedIn;Full-time;FALSE;November;FALSE
977352;Data Analyst;Midrand;LinkedIn;Full-time;FALSE;March;FALSE
1054758;Data Engineer;Knysna;LinkedIn;Full-time;FALSE;March;FALSE
1060082;Business Analyst;Knysna;LinkedIn;Full-time;FALSE;April;FALSE
1108900;Data Engineer;Knysna;LinkedIn;Full-time;FALSE;July;FALSE
1122913;Software Engineer;East London;LinkedIn;Full-time;FALSE;September;FALSE
1137902;Data Analyst;uMzumbe;LinkedIn;Full-time;FALSE;September;FALSE
1180326;Senior Data Engineer;Randburg;LinkedIn;Full-time;FALSE;October;FALSE
1223058;Cloud Engineer;Durban;LinkedIn;Full-time;FALSE;December;FALSE
1313158;Data Analyst;Roodepoort;LinkedIn;Full-time;FALSE;September;TRUE
1329252;Senior Data Scientist;Bloemfontein;LinkedIn;Full-time;FALSE;January;FALSE
1409340;Machine Learning Engineer;Upington;LinkedIn;Full-time;FALSE;August;FALSE
1521232;Data Analyst;uMzumbe;LinkedIn;Full-time;FALSE;July;FALSE
1548759;Data Engineer;East London;LinkedIn;Full-time;FALSE;February;FALSE
1579595;Data Engineer;Centurion;LinkedIn;Full-time;FALSE;July;FALSE
1586581;Senior Data Engineer;Randburg;LinkedIn;Full-time;FALSE;July;FALSE
1662126;Data Analyst;Durban;LinkedIn;Full-time;FALSE;June;TRUE
1737371;Software Engineer;Knysna;LinkedIn;Full-time;FALSE;September;FALSE
121844;Data Analyst;Ceres;LinkedIn;Full-time;FALSE;February;TRUE
169524;Data Analyst;Durban;LinkedIn;Full-time;FALSE;January;FALSE
210429;Data Engineer;Citrusdal;LinkedIn;Full-time;FALSE;June;FALSE
382454;Senior Data Engineer;Randburg;LinkedIn;Full-time;FALSE;April;FALSE
487034;Senior Data Scientist;Durban;LinkedIn;Full-time;FALSE;January;FALSE
541619;Data Engineer;Postmasburg;LinkedIn;Full-time;FALSE;January;FALSE
543613;Data Engineer;East London;LinkedIn;Full-time;FALSE;July;FALSE
798710;Data Analyst;Durban;LinkedIn;Full-time;FALSE;June;FALSE
1036932;Business Analyst;Edenvale;LinkedIn;Full-time;FALSE;April;FALSE
1260788;Data Analyst;Tzaneen;LinkedIn;Full-time;FALSE;August;FALSE
1403501;Software Engineer;Midrand;LinkedIn;Full-time;FALSE;July;FALSE
1767295;Data Analyst;Randburg;LinkedIn;Full-time;FALSE;January;FALSE
34703;Data Analyst;Midrand;LinkedIn;Full-time;FALSE;July;TRUE
94654;Senior Data Analyst;Randburg;LinkedIn;Full-time;FALSE;October;FALSE
153767;Data Engineer;Centurion;LinkedIn;Full-time;FALSE;May;FALSE
160839;Data Engineer;Stellenbosch;LinkedIn;Full-time;FALSE;January;FALSE
250156;Data Engineer;Durban;LinkedIn;Full-time;FALSE;December;FALSE
254880;Software Engineer;Centurion;LinkedIn;Full-time;FALSE;July;FALSE
346837;Data Engineer;Durban;LinkedIn;Full-time;FALSE;July;FALSE
370263;Data Engineer;Midrand;LinkedIn;Full-time;FALSE;June;TRUE
532795;Data Analyst;Ntabozuko;LinkedIn;Full-time;FALSE;October;FALSE
727551;Data Scientist;uMhlanga;LinkedIn;Full-time;FALSE;June;FALSE
779810;Data Scientist;Centurion;LinkedIn;Full-time;FALSE;July;FALSE
796801;Data Analyst;Randburg;LinkedIn;Full-time;FALSE;November;FALSE
820852;Data Scientist;Utrecht;LinkedIn;Full-time;FALSE;May;FALSE
821899;Data Scientist;Durban;LinkedIn;Full-time;FALSE;July;FALSE
842053;Data Analyst;Durban;LinkedIn;Full-time;FALSE;January;FALSE
842262;Data Scientist;Midrand;LinkedIn;Full-time;FALSE;August;FALSE
858002;Data Analyst;Durban;LinkedIn;Full-time;FALSE;May;FALSE
858739;Data Scientist;Midrand;LinkedIn;Full-time;FALSE;October;FALSE
892485;Data Engineer;Centurion;LinkedIn;Full-time;FALSE;November;FALSE
896889;Data Engineer;Centurion;LinkedIn;Full-time;FALSE;July;FALSE
958073;Data Engineer;Centurion;LinkedIn;Full-time;FALSE;June;FALSE
958692;Data Scientist;Stellenbosch;LinkedIn;Full-time;FALSE;July;FALSE
1031523;Senior Data Engineer;Midrand;LinkedIn;Full-time;FALSE;August;FALSE
1034334;Software Engineer;Stellenbosch;LinkedIn;Full-time;FALSE;July;FALSE
1076790;Data Engineer;Pietermaritzburg;LinkedIn;Full-time;FALSE;July;FALSE
1158309;Data Analyst;Durban;LinkedIn;Full-time;FALSE;January;TRUE
1169562;Data Scientist;Durban;LinkedIn;Full-time;FALSE;April;FALSE
1178684;Data Scientist;Stellenbosch;LinkedIn;Full-time;FALSE;July;FALSE
1210918;Data Engineer;East London;LinkedIn;Full-time;FALSE;April;TRUE
1255941;Data Scientist;Centurion;LinkedIn;Full-time;FALSE;July;FALSE
1335259;Data Engineer;East London;LinkedIn;Full-time;FALSE;February;TRUE
1348036;Business Analyst;Bloemfontein;LinkedIn;Full-time;FALSE;October;TRUE
1408503;Data Analyst;Utrecht;LinkedIn;Full-time;FALSE;May;FALSE
1550733;Software Engineer;Centurion;LinkedIn;Full-time;FALSE;July;TRUE
1717160;Data Analyst;Durban;LinkedIn;Full-time;FALSE;April;FALSE
766345;Data Scientist;Midrand;LinkedIn;Full-time;FALSE;October;FALSE
1260805;Software Engineer;East London;LinkedIn;Full-time;FALSE;May;FALSE
277844;Software Engineer;East London;LinkedIn;Full-time;FALSE;August;TRUE
287769;Software Engineer;East London;LinkedIn;Full-time;FALSE;October;FALSE
601620;Business Analyst;Brakpan;LinkedIn;Full-time;FALSE;December;TRUE
13843;Data Scientist;Midrand;LinkedIn;Full-time;FALSE;January;FALSE
35193;Data Engineer;Midrand;LinkedIn;Full-time;FALSE;January;FALSE
112093;Software Engineer;Centurion;LinkedIn;Full-time;FALSE;August;FALSE
151317;Machine Learning Engineer;Centurion;LinkedIn;Full-time;FALSE;April;FALSE
169103;Business Analyst;Ladismith;LinkedIn;Full-time;FALSE;August;FALSE
235626;Senior Data Analyst;Randburg;LinkedIn;Full-time;FALSE;March;FALSE
238836;Machine Learning Engineer;Randburg;LinkedIn;Full-time;FALSE;April;FALSE
248609;Data Scientist;Gqeberha;LinkedIn;Full-time;FALSE;February;FALSE
260588;Software Engineer;Centurion;LinkedIn;Full-time;FALSE;May;FALSE
263038;Data Scientist;Midrand;LinkedIn;Full-time;FALSE;February;FALSE
325216;Software Engineer;Durban;LinkedIn;Full-time;FALSE;December;TRUE
390201;Data Analyst;Randburg;LinkedIn;Full-time;FALSE;June;FALSE
399236;Senior Data Analyst;Centurion;LinkedIn;Full-time;FALSE;February;FALSE
425104;Senior Data Scientist;Durban;LinkedIn;Full-time;FALSE;February;FALSE
454004;Software Engineer;Stellenbosch;LinkedIn;Full-time;FALSE;August;FALSE
459544;Senior Data Scientist;Centurion;LinkedIn;Full-time;FALSE;June;FALSE
546131;Senior Data Analyst;Durban;LinkedIn;Full-time;FALSE;August;FALSE
548952;Data Engineer;Centurion;LinkedIn;Full-time;FALSE;June;FALSE
570431;Data Engineer;Knysna;LinkedIn;Full-time;FALSE;February;FALSE
599067;Data Engineer;East London;LinkedIn;Full-time;FALSE;April;FALSE
599664;Data Analyst;Durban;LinkedIn;Full-time;FALSE;May;FALSE
700945;Software Engineer;East London;LinkedIn;Full-time;FALSE;December;FALSE
746404;Data Engineer;Randburg;LinkedIn;Full-time;FALSE;March;FALSE
807502;Data Scientist;Durban;LinkedIn;Full-time;FALSE;November;FALSE
817249;Business Analyst;Centurion;LinkedIn;Full-time;FALSE;August;TRUE
826127;Software Engineer;Centurion;LinkedIn;Full-time;FALSE;September;FALSE
885226;Business Analyst;Durban;LinkedIn;Full-time;FALSE;December;FALSE
902479;Software Engineer;Centurion;LinkedIn;Full-time;FALSE;November;FALSE
903691;Data Engineer;Randburg;LinkedIn;Full-time;FALSE;March;TRUE
933354;Senior Data Analyst;Randburg;LinkedIn;Full-time;FALSE;February;FALSE
997170;Software Engineer;Centurion;LinkedIn;Full-time;FALSE;November;TRUE
1107328;Data Scientist;Midrand;LinkedIn;Full-time;FALSE;February;FALSE
1155492;Data Engineer;Randburg;LinkedIn;Full-time;FALSE;August;FALSE
1195221;Senior Data Engineer;Randburg;LinkedIn;Full-time;FALSE;July;FALSE
1225031;Business Analyst;Stellenbosch;LinkedIn;Full-time;FALSE;February;FALSE
1231772;Senior Data Scientist;Randburg;LinkedIn;Full-time;FALSE;April;FALSE
1264220;Senior Data Engineer;uMhlanga;LinkedIn;Full-time;FALSE;January;FALSE
1274249;Senior Data Scientist;Knysna;LinkedIn;Full-time;FALSE;November;FALSE
1288032;Data Analyst;Stellenbosch;LinkedIn;Full-time;FALSE;December;FALSE
1324345;Senior Data Engineer;Midrand;LinkedIn;Full-time;FALSE;July;FALSE
1335624;Data Engineer;Midrand;LinkedIn;Full-time;FALSE;February;FALSE
1353193;Data Engineer;Randburg;LinkedIn;Full-time;FALSE;July;FALSE
1399107;Data Engineer;Midrand;LinkedIn;Full-time;FALSE;January;FALSE
1399693;Senior Data Engineer;Knysna;LinkedIn;Full-time;FALSE;February;FALSE
1454859;Data Engineer;Centurion;LinkedIn;Full-time;FALSE;May;FALSE
1585919;Business Analyst;Knysna;LinkedIn;Full-time;FALSE;November;FALSE
1618657;Data Analyst;uMhlanga;LinkedIn;Full-time;FALSE;December;TRUE
1633294;Data Analyst;Germiston;LinkedIn;Full-time;FALSE;February;TRUE
39145;Data Analyst;Randburg;LinkedIn;Full-time;FALSE;November;FALSE
373210;Data Scientist;Bloemfontein;LinkedIn;Full-time;FALSE;August;FALSE
550629;Data Scientist;Centurion;LinkedIn;Full-time;FALSE;May;FALSE
170578;Data Analyst;Brakpan;LinkedIn;Full-time;FALSE;March;FALSE
416532;Data Scientist;Durban;LinkedIn;Full-time;FALSE;June;FALSE
558251;Data Analyst;Stellenbosch;LinkedIn;Full-time;FALSE;February;FALSE
1795585;Senior Data Scientist;Stellenbosch;LinkedIn;Full-time;FALSE;March;FALSE
20770;Data Analyst;Kempton Park;LinkedIn;Full-time;FALSE;October;FALSE
22903;Data Engineer;Midrand;LinkedIn;Full-time;FALSE;April;FALSE
208989;Data Engineer;Durban;LinkedIn;Full-time;FALSE;January;FALSE
255718;Data Analyst;Pietermaritzburg;LinkedIn;Full-time;FALSE;November;FALSE
376587;Senior Data Scientist;Midrand;LinkedIn;Full-time;FALSE;February;FALSE
675417;Data Analyst;Graaff-Reinet;LinkedIn;Full-time;FALSE;October;FALSE
1508820;Data Engineer;Centurion;LinkedIn;Full-time;FALSE;November;FALSE
285182;Data Scientist;Midrand;LinkedIn;Full-time;FALSE;May;FALSE
403794;Data Engineer;Midrand;LinkedIn;Full-time;FALSE;June;FALSE
460965;Data Scientist;Midrand;LinkedIn;Full-time;FALSE;June;TRUE
464938;Data Engineer;Centurion;LinkedIn;Full-time;FALSE;June;FALSE
546893;Senior Data Engineer;Roodepoort;LinkedIn;Full-time;FALSE;August;FALSE
774029;Senior Data Scientist;Midrand;LinkedIn;Full-time;FALSE;June;FALSE
780532;Senior Data Engineer;Randburg;LinkedIn;Full-time;FALSE;June;FALSE
806060;Senior Data Scientist;Bloemfontein;LinkedIn;Full-time;FALSE;February;FALSE
813315;Data Analyst;Stellenbosch;LinkedIn;Full-time;FALSE;June;FALSE
832773;Data Scientist;East London;LinkedIn;Full-time;FALSE;February;FALSE
931060;Data Analyst;Midrand;LinkedIn;Full-time;FALSE;July;FALSE
1053856;Senior Data Engineer;Roodepoort;LinkedIn;Full-time;FALSE;December;FALSE
1366012;Software Engineer;Centurion;LinkedIn;Full-time;FALSE;March;FALSE
1685727;Data Scientist;Belfast;LinkedIn;Full-time;FALSE;July;FALSE
883610;Data Analyst;Soweto;LinkedIn;Full-time;FALSE;June;FALSE
1016755;Data Analyst;Durban;LinkedIn;Full-time;FALSE;July;FALSE
1067110;Data Analyst;Durban;LinkedIn;Full-time;FALSE;March;FALSE
1316356;Machine Learning Engineer;Franschhoek;LinkedIn;Full-time;FALSE;October;FALSE
1533836;Data Analyst;Randburg;LinkedIn;Full-time;FALSE;June;TRUE
1645829;Data Engineer;Centurion;LinkedIn;Full-time;FALSE;April;FALSE
1649809;Data Scientist;Randburg;LinkedIn;Full-time;FALSE;June;FALSE
37066;Data Analyst;Bloemfontein;LinkedIn;Full-time;FALSE;July;FALSE
1693249;Data Analyst;Centurion;LinkedIn;Full-time;FALSE;November;FALSE
1697416;Data Analyst;Gqeberha;LinkedIn;Full-time;FALSE;June;FALSE
332623;Data Engineer;Soweto;LinkedIn;Full-time;FALSE;November;FALSE
475844;Data Engineer;Centurion;LinkedIn;Full-time;FALSE;July;FALSE
293536;Machine Learning Engineer;Randburg;LinkedIn;Full-time;FALSE;April;FALSE
323788;Senior Data Scientist;Bloemfontein;LinkedIn;Full-time;FALSE;May;FALSE
488362;Data Scientist;Centurion;LinkedIn;Full-time;FALSE;May;FALSE
507752;Data Analyst;Stellenbosch;LinkedIn;Full-time;FALSE;March;FALSE
562062;Software Engineer;East London;LinkedIn;Full-time;FALSE;June;FALSE
794314;Data Scientist;Midrand;LinkedIn;Full-time;FALSE;July;FALSE
824913;Data Engineer;Randburg;LinkedIn;Full-time;FALSE;January;TRUE
1018993;Data Engineer;Gqeberha;LinkedIn;Full-time;FALSE;March;FALSE
720830;Data Engineer;Centurion;LinkedIn;Full-time;FALSE;May;FALSE
759837;Data Analyst;Mbombela;LinkedIn;Full-time;FALSE;March;FALSE
1375137;Senior Data Engineer;Durban;LinkedIn;Full-time;FALSE;May;FALSE
1528441;Data Engineer;Pietermaritzburg;LinkedIn;Full-time;FALSE;February;FALSE
1528671;Software Engineer;East London;LinkedIn;Full-time;FALSE;November;FALSE
1389864;Data Engineer;Citrusdal;LinkedIn;Full-time;FALSE;May;FALSE
1775120;Business Analyst;Durban;LinkedIn;Full-time;FALSE;September;FALSE
8574;Senior Data Analyst;Midrand;LinkedIn;Full-time;FALSE;February;TRUE
56606;Data Analyst;East London;LinkedIn;Full-time;FALSE;November;FALSE
139189;Software Engineer;East London;LinkedIn;Full-time;FALSE;June;FALSE
333504;Senior Data Analyst;Kempton Park;LinkedIn;Full-time;FALSE;June;FALSE
400687;Senior Data Scientist;Midrand;LinkedIn;Full-time;FALSE;November;FALSE
409446;Data Engineer;Stellenbosch;LinkedIn;Full-time;FALSE;July;FALSE
415193;Data Engineer;Centurion;LinkedIn;Full-time;FALSE;April;FALSE
442492;Senior Data Engineer;Randburg;LinkedIn;Full-time;FALSE;October;FALSE
468607;Senior Data Analyst;Midrand;LinkedIn;Full-time;FALSE;February;TRUE
502121;Software Engineer;Durban;LinkedIn;Full-time;FALSE;April;TRUE
1571324;Data Engineer;Randburg;LinkedIn;Full-time;FALSE;April;FALSE
1719238;Data Engineer;Centurion;LinkedIn;Full-time;FALSE;May;FALSE
1814233;Data Analyst;Midrand;LinkedIn;Full-time;FALSE;June;FALSE
50133;Data Engineer;Centurion;LinkedIn;Full-time;FALSE;November;FALSE
90982;Data Engineer;Midrand;LinkedIn;Full-time;FALSE;November;FALSE
92342;Data Analyst;Midrand;LinkedIn;Full-time;FALSE;June;FALSE
99853;Data Analyst;Midrand;LinkedIn;Full-time;FALSE;October;FALSE
257193;Machine Learning Engineer;Phalaborwa;LinkedIn;Full-time;FALSE;November;FALSE
317729;Data Engineer;Kempton Park;LinkedIn;Full-time;FALSE;January;FALSE
320459;Data Scientist;Durban;LinkedIn;Full-time;FALSE;November;FALSE
526199;Senior Data Engineer;Randburg;LinkedIn;Full-time;FALSE;January;FALSE
1325087;Data Scientist;Randburg;LinkedIn;Full-time;FALSE;October;FALSE
622559;Data Engineer;Midrand;LinkedIn;Full-time;FALSE;January;FALSE
848162;Data Engineer;Randburg;LinkedIn;Full-time;FALSE;March;FALSE
1221576;Data Engineer;Stellenbosch;LinkedIn;Full-time;FALSE;February;FALSE
85491;Business Analyst;Bloemfontein;LinkedIn;Full-time;FALSE;June;FALSE
234944;Data Engineer;Randburg;LinkedIn;Full-time;FALSE;October;FALSE
316429;Data Analyst;Knysna;LinkedIn;Full-time;FALSE;January;TRUE
334948;Data Engineer;Midrand;LinkedIn;Full-time;FALSE;November;FALSE
358018;Data Engineer;Stellenbosch;LinkedIn;Full-time;FALSE;March;FALSE
420830;Data Scientist;Stellenbosch;LinkedIn;Full-time;FALSE;April;FALSE
435183;Data Analyst;Durban;LinkedIn;Full-time;FALSE;June;FALSE
514122;Data Analyst;Stellenbosch;LinkedIn;Full-time;FALSE;April;FALSE
536058;Senior Data Engineer;Midrand;LinkedIn;Full-time;FALSE;November;FALSE
544712;Software Engineer;Centurion;LinkedIn;Full-time;FALSE;March;FALSE
806109;Data Analyst;Stellenbosch;LinkedIn;Full-time;FALSE;December;FALSE
828923;Cloud Engineer;Midrand;LinkedIn;Full-time;FALSE;August;FALSE
829977;Senior Data Analyst;Stellenbosch;LinkedIn;Full-time;FALSE;February;FALSE
845428;Data Scientist;Centurion;LinkedIn;Full-time;FALSE;January;FALSE
849042;Data Engineer;East London;LinkedIn;Full-time;FALSE;March;FALSE
1052995;Software Engineer;Centurion;LinkedIn;Full-time;FALSE;November;FALSE
1355688;Machine Learning Engineer;Durban;LinkedIn;Full-time;FALSE;October;FALSE
15416;Data Analyst;Midrand;LinkedIn;Full-time;FALSE;June;FALSE
361786;Senior Data Engineer;Centurion;LinkedIn;Full-time;FALSE;June;TRUE
353706;Data Engineer;Midrand;LinkedIn;Full-time;FALSE;October;FALSE
1042692;Data Analyst;Centurion;LinkedIn;Full-time;FALSE;October;FALSE
641030;Data Engineer;Utrecht;LinkedIn;Full-time;FALSE;September;FALSE
1759275;Data Engineer;Utrecht;LinkedIn;Full-time;FALSE;October;FALSE
1656544;Data Analyst;Centurion;LinkedIn;Full-time;FALSE;November;FALSE
187267;Data Analyst;Kempton Park;LinkedIn;Full-time;FALSE;October;FALSE
793078;Data Analyst;Centurion;LinkedIn;Full-time;FALSE;October;FALSE
1209663;Data Engineer;Welkom;LinkedIn;Full-time;FALSE;October;FALSE
1363188;Senior Data Engineer;Utrecht;LinkedIn;Full-time;FALSE;October;TRUE
1363254;Data Engineer;Midrand;LinkedIn;Full-time;FALSE;July;FALSE
1631756;Data Engineer;Utrecht;LinkedIn;Full-time;FALSE;May;FALSE
1610634;Data Scientist;Midrand;LinkedIn;Full-time;FALSE;December;FALSE
1207605;Software Engineer;East London;LinkedIn;Full-time;FALSE;June;FALSE
1571061;Software Engineer;Stellenbosch;LinkedIn;Full-time;FALSE;October;FALSE
41875;Software Engineer;East London;LinkedIn;Full-time;FALSE;June;FALSE
818941;Data Scientist;Centurion;LinkedIn;Full-time;FALSE;May;FALSE
148951;Data Scientist;Durban;LinkedIn;Full-time;FALSE;March;FALSE
389253;Senior Data Analyst;Randburg;LinkedIn;Full-time;FALSE;November;FALSE
480840;Data Scientist;Delmas;LinkedIn;Full-time;FALSE;February;FALSE
705140;Data Scientist;Centurion;LinkedIn;Full-time;FALSE;June;FALSE
20554;Data Scientist;Randburg;LinkedIn;Full-time;FALSE;November;FALSE
67575;Data Analyst;Durban;LinkedIn;Full-time;FALSE;August;FALSE
245548;Data Scientist;Randburg;LinkedIn;Full-time;FALSE;February;FALSE
320522;Data Engineer;East London;LinkedIn;Full-time;FALSE;June;FALSE
543877;Software Engineer;East London;LinkedIn;Full-time;FALSE;August;FALSE
814562;Data Analyst;Rustenburg;LinkedIn;Full-time;FALSE;May;FALSE
829887;Data Scientist;Delmas;LinkedIn;Full-time;FALSE;July;TRUE
1108397;Data Engineer;Midrand;LinkedIn;Full-time;FALSE;March;FALSE
1199069;Senior Data Scientist;Centurion;LinkedIn;Full-time;FALSE;October;FALSE
28433;Senior Data Scientist;Centurion;LinkedIn;Full-time;FALSE;October;FALSE
137297;Data Analyst;Durban;LinkedIn;Full-time;FALSE;March;FALSE
377042;Data Scientist;Gqeberha;LinkedIn;Full-time;FALSE;January;FALSE
429143;Data Scientist;Durban;LinkedIn;Full-time;FALSE;November;FALSE
454653;Data Analyst;Randburg;LinkedIn;Full-time;FALSE;November;FALSE
1165994;Data Analyst;Stellenbosch;LinkedIn;Full-time;FALSE;July;FALSE
27889;Senior Data Scientist;Bloemfontein;LinkedIn;Full-time;FALSE;June;FALSE
65405;Data Scientist;Durban;LinkedIn;Full-time;FALSE;April;FALSE
1282526;Data Engineer;Zeerust;LinkedIn;Full-time;FALSE;February;FALSE
1458980;Data Analyst;Durban;LinkedIn;Full-time;FALSE;February;FALSE
1703178;Senior Data Scientist;Stellenbosch;LinkedIn;Full-time;FALSE;May;FALSE
1816976;Data Engineer;Midrand;LinkedIn;Full-time;FALSE;April;FALSE
110811;Data Analyst;Midrand;LinkedIn;Full-time;FALSE;September;FALSE
310215;Data Engineer;Pietermaritzburg;LinkedIn;Full-time;FALSE;September;FALSE
321165;Software Engineer;Midrand;LinkedIn;Full-time;FALSE;May;FALSE
339064;Data Analyst;Stellenbosch;LinkedIn;Full-time;FALSE;November;FALSE
396543;Data Analyst;Durban;LinkedIn;Full-time;FALSE;April;FALSE
416523;Data Analyst;Pinetown;LinkedIn;Full-time;FALSE;October;TRUE
477776;Senior Data Engineer;Randburg;LinkedIn;Full-time;FALSE;March;FALSE
656893;Data Analyst;Gqeberha;LinkedIn;Full-time;FALSE;April;FALSE
734459;Data Scientist;East London;LinkedIn;Full-time;FALSE;February;FALSE
979771;Data Analyst;Durban;LinkedIn;Full-time;FALSE;February;FALSE
1098440;Data Engineer;Stellenbosch;LinkedIn;Full-time;FALSE;February;FALSE
1807148;Data Analyst;Durban;LinkedIn;Full-time;FALSE;July;FALSE
870426;Data Engineer;Midrand;LinkedIn;Full-time;FALSE;September;TRUE
989606;Data Scientist;Durban;LinkedIn;Full-time;FALSE;January;FALSE
1073719;Data Analyst;Amersfoort;LinkedIn;Full-time;FALSE;June;FALSE
1705534;Data Engineer;East London;LinkedIn;Full-time;FALSE;August;TRUE
1283781;Data Scientist;Amersfoort;LinkedIn;Full-time;FALSE;May;FALSE
1307295;Senior Data Analyst;Stellenbosch;LinkedIn;Full-time;FALSE;May;FALSE
1317905;Data Engineer;Durban;LinkedIn;Full-time;FALSE;January;FALSE
1329874;Senior Data Engineer;Randburg;LinkedIn;Full-time;FALSE;April;FALSE
1343366;Data Analyst;Durban;LinkedIn;Full-time;FALSE;January;FALSE
1417842;Data Scientist;Durban;LinkedIn;Full-time;FALSE;August;FALSE
529608;Business Analyst;Anywhere;LinkedIn;Full-time;TRUE;November;FALSE
622297;Data Analyst;Anywhere;LinkedIn;Full-time;TRUE;November;FALSE
741765;Business Analyst;Anywhere;LinkedIn;Full-time;TRUE;November;FALSE
1182945;Data Analyst;Anywhere;LinkedIn;Full-time;TRUE;March;FALSE
1326734;Data Analyst;Anywhere;LinkedIn;Full-time;TRUE;January;FALSE
1581244;Business Analyst;Anywhere;LinkedIn;Full-time;TRUE;February;TRUE
128072;Senior Data Scientist;Anywhere;LinkedIn;Full-time;TRUE;April;FALSE
394340;Senior Data Engineer;Anywhere;LinkedIn;Full-time;TRUE;February;FALSE
406306;Data Scientist;Anywhere;LinkedIn;Full-time;TRUE;August;FALSE
525738;Senior Data Scientist;Anywhere;LinkedIn;Full-time;TRUE;January;FALSE
1377350;Data Analyst;Anywhere;LinkedIn;Full-time;TRUE;May;FALSE
93550;Business Analyst;Anywhere;LinkedIn;Full-time;TRUE;June;TRUE
130562;Software Engineer;Anywhere;LinkedIn;Full-time;TRUE;September;FALSE
159665;Data Scientist;Anywhere;LinkedIn;Full-time;TRUE;October;FALSE
277784;Software Engineer;Anywhere;LinkedIn;Full-time;TRUE;November;FALSE
310721;Data Scientist;Anywhere;LinkedIn;Full-time;TRUE;August;FALSE
315456;Data Analyst;Anywhere;LinkedIn;Full-time;TRUE;January;TRUE
454386;Data Scientist;Anywhere;LinkedIn;Full-time;TRUE;May;FALSE
458565;Data Scientist;Anywhere;LinkedIn;Full-time;TRUE;October;FALSE
544806;Software Engineer;Anywhere;LinkedIn;Full-time;TRUE;June;FALSE
547110;Software Engineer;Anywhere;LinkedIn;Full-time;TRUE;March;TRUE
662258;Data Analyst;Anywhere;LinkedIn;Full-time;TRUE;November;FALSE
667550;Software Engineer;Anywhere;LinkedIn;Full-time;TRUE;March;FALSE
878274;Data Analyst;Anywhere;LinkedIn;Full-time;TRUE;December;TRUE
956226;Data Analyst;Anywhere;LinkedIn;Full-time;TRUE;December;FALSE
1000978;Software Engineer;Anywhere;LinkedIn;Full-time;TRUE;November;FALSE
1156271;Machine Learning Engineer;Anywhere;LinkedIn;Full-time;TRUE;October;FALSE
1736332;Data Analyst;Anywhere;LinkedIn;Full-time;TRUE;February;FALSE
1779865;Data Analyst;Anywhere;LinkedIn;Full-time;TRUE;August;TRUE
314605;Software Engineer;Anywhere;LinkedIn;Full-time;TRUE;November;FALSE
399944;Senior Data Engineer;Anywhere;LinkedIn;Full-time;TRUE;April;TRUE
526811;Data Scientist;Anywhere;LinkedIn;Full-time;TRUE;January;FALSE
1365461;Data Analyst;Anywhere;LinkedIn;Full-time;TRUE;August;FALSE
82622;Data Scientist;Anywhere;LinkedIn;Full-time;TRUE;November;FALSE
179736;Data Scientist;Anywhere;LinkedIn;Full-time;TRUE;April;FALSE
241019;Data Scientist;Anywhere;LinkedIn;Full-time;TRUE;January;FALSE
275786;Data Analyst;Anywhere;LinkedIn;Full-time;TRUE;January;FALSE
437115;Senior Data Engineer;Anywhere;LinkedIn;Full-time;TRUE;May;FALSE
807163;Senior Data Scientist;Anywhere;LinkedIn;Full-time;TRUE;April;FALSE
883946;Business Analyst;Anywhere;LinkedIn;Full-time;TRUE;July;FALSE
884916;Senior Data Analyst;Anywhere;LinkedIn;Full-time;TRUE;February;FALSE
892159;Software Engineer;Anywhere;LinkedIn;Full-time;TRUE;August;TRUE
897959;Data Scientist;Anywhere;LinkedIn;Full-time;TRUE;January;FALSE
934283;Data Analyst;Anywhere;LinkedIn;Full-time;TRUE;June;FALSE
1001807;Data Analyst;Anywhere;LinkedIn;Full-time;TRUE;October;TRUE
1413703;Software Engineer;Anywhere;LinkedIn;Full-time;TRUE;October;TRUE
1558233;Senior Data Scientist;Anywhere;LinkedIn;Full-time;TRUE;May;FALSE
42762;Data Scientist;Anywhere;LinkedIn;Full-time;TRUE;March;FALSE
197118;Senior Data Scientist;Anywhere;LinkedIn;Full-time;TRUE;February;FALSE
300797;Data Scientist;Anywhere;LinkedIn;Full-time;TRUE;September;FALSE
398262;Machine Learning Engineer;Anywhere;LinkedIn;Full-time;TRUE;May;FALSE
859333;Data Scientist;Anywhere;LinkedIn;Full-time;TRUE;August;FALSE
887290;Software Engineer;Anywhere;LinkedIn;Full-time;TRUE;November;FALSE
958775;Data Analyst;Anywhere;LinkedIn;Full-time;TRUE;June;FALSE
1219727;Data Analyst;Anywhere;LinkedIn;Full-time;TRUE;July;FALSE
1448562;Data Analyst;Anywhere;LinkedIn;Full-time;TRUE;November;TRUE
1586287;Data Scientist;Anywhere;LinkedIn;Full-time;TRUE;November;TRUE
1699994;Data Scientist;Anywhere;LinkedIn;Full-time;TRUE;July;FALSE
52036;Data Scientist;Anywhere;LinkedIn;Full-time;TRUE;June;FALSE
189992;Software Engineer;Anywhere;LinkedIn;Full-time;TRUE;October;TRUE
382620;Senior Data Scientist;Anywhere;LinkedIn;Full-time;TRUE;November;FALSE
459392;Data Analyst;Anywhere;LinkedIn;Full-time;TRUE;May;FALSE
526976;Senior Data Scientist;Anywhere;LinkedIn;Full-time;TRUE;October;FALSE
796883;Data Analyst;Anywhere;LinkedIn;Full-time;TRUE;July;FALSE
823640;Software Engineer;Anywhere;LinkedIn;Full-time;TRUE;March;TRUE
879432;Data Scientist;Anywhere;LinkedIn;Full-time;TRUE;January;FALSE
941351;Data Analyst;Anywhere;LinkedIn;Full-time;TRUE;October;FALSE
985964;Business Analyst;Anywhere;LinkedIn;Full-time;TRUE;July;FALSE
1088732;Data Scientist;Anywhere;LinkedIn;Full-time;TRUE;October;FALSE
1460652;Data Scientist;Anywhere;LinkedIn;Full-time;TRUE;December;FALSE
1586463;Data Analyst;Anywhere;LinkedIn;Full-time;TRUE;July;TRUE
1734035;Business Analyst;Anywhere;LinkedIn;Full-time;TRUE;April;FALSE
139342;Senior Data Scientist;Anywhere;LinkedIn;Full-time;TRUE;September;FALSE
898459;Software Engineer;Anywhere;LinkedIn;Full-time;TRUE;September;FALSE
26025;Data Analyst;Anywhere;LinkedIn;Full-time;TRUE;July;TRUE
48756;Senior Data Engineer;Anywhere;LinkedIn;Full-time;TRUE;January;FALSE
62382;Data Scientist;Anywhere;LinkedIn;Full-time;TRUE;July;FALSE
74756;Data Scientist;Anywhere;LinkedIn;Full-time;TRUE;October;FALSE
107246;Data Scientist;Anywhere;LinkedIn;Full-time;TRUE;February;FALSE
341254;Software Engineer;Anywhere;LinkedIn;Full-time;TRUE;August;TRUE
380590;Software Engineer;Anywhere;LinkedIn;Full-time;TRUE;September;FALSE
388701;Software Engineer;Anywhere;LinkedIn;Full-time;TRUE;February;FALSE
479380;Senior Data Engineer;Anywhere;LinkedIn;Full-time;TRUE;October;FALSE
535376;Data Analyst;Anywhere;LinkedIn;Full-time;TRUE;February;FALSE
558608;Software Engineer;Anywhere;LinkedIn;Full-time;TRUE;September;FALSE
628570;Software Engineer;Anywhere;LinkedIn;Full-time;TRUE;December;TRUE
628763;Senior Data Engineer;Anywhere;LinkedIn;Full-time;TRUE;June;FALSE
760127;Senior Data Scientist;Anywhere;LinkedIn;Full-time;TRUE;March;FALSE
882424;Data Analyst;Anywhere;LinkedIn;Full-time;TRUE;January;TRUE
889921;Data Analyst;Anywhere;LinkedIn;Full-time;TRUE;January;FALSE
971231;Senior Data Scientist;Anywhere;LinkedIn;Full-time;TRUE;November;FALSE
1080967;Data Scientist;Anywhere;LinkedIn;Full-time;TRUE;June;FALSE
1088760;Senior Data Engineer;Anywhere;LinkedIn;Full-time;TRUE;February;FALSE
1218179;Software Engineer;Anywhere;LinkedIn;Full-time;TRUE;September;FALSE
1577226;Data Analyst;Anywhere;LinkedIn;Full-time;TRUE;February;FALSE
1716196;Senior Data Engineer;Anywhere;LinkedIn;Full-time;TRUE;June;FALSE
1805466;Data Scientist;Anywhere;LinkedIn;Full-time;TRUE;August;TRUE
1825775;Machine Learning Engineer;Anywhere;LinkedIn;Full-time;TRUE;June;FALSE
30270;Data Scientist;Anywhere;LinkedIn;Full-time;TRUE;October;FALSE
229948;Data Analyst;Anywhere;LinkedIn;Full-time;TRUE;February;TRUE
1186799;Software Engineer;Anywhere;LinkedIn;Full-time;TRUE;November;FALSE
1276745;Machine Learning Engineer;Anywhere;LinkedIn;Full-time;TRUE;September;FALSE
13394;Data Analyst;Anywhere;LinkedIn;Full-time;TRUE;June;FALSE
840539;Software Engineer;Anywhere;LinkedIn;Full-time;TRUE;May;FALSE
1431947;Software Engineer;Anywhere;LinkedIn;Full-time;TRUE;March;FALSE
1624445;Data Analyst;Anywhere;LinkedIn;Full-time;TRUE;December;FALSE
11717;Data Scientist;Anywhere;LinkedIn;Full-time;TRUE;February;FALSE
16200;Data Scientist;Anywhere;LinkedIn;Full-time;TRUE;January;FALSE
210173;Software Engineer;Anywhere;LinkedIn;Full-time;TRUE;January;FALSE
1152704;Software Engineer;Anywhere;LinkedIn;Full-time;TRUE;October;FALSE
1758325;Senior Data Scientist;Anywhere;LinkedIn;Full-time;TRUE;April;FALSE
150361;Data Analyst;Anywhere;LinkedIn;Full-time;TRUE;January;FALSE
324521;Senior Data Scientist;Anywhere;LinkedIn;Full-time;TRUE;March;FALSE
535264;Senior Data Scientist;Anywhere;LinkedIn;Full-time;TRUE;February;FALSE
587096;Senior Data Engineer;Anywhere;LinkedIn;Full-time;TRUE;July;TRUE
816804;Software Engineer;Anywhere;LinkedIn;Full-time;TRUE;October;TRUE
867668;Data Analyst;Anywhere;LinkedIn;Full-time;TRUE;August;TRUE
1668723;Business Analyst;Anywhere;LinkedIn;Full-time;TRUE;February;TRUE
733749;Data Scientist;Anywhere;LinkedIn;Full-time;TRUE;November;FALSE
917966;Data Analyst;Anywhere;LinkedIn;Full-time;TRUE;March;FALSE
1118406;Senior Data Scientist;Anywhere;LinkedIn;Full-time;TRUE;April;FALSE
1214466;Machine Learning Engineer;Anywhere;LinkedIn;Full-time;TRUE;March;FALSE
1258108;Senior Data Scientist;Anywhere;LinkedIn;Full-time;TRUE;March;FALSE
1424956;Senior Data Engineer;Anywhere;LinkedIn;Full-time;TRUE;January;FALSE
1620348;Senior Data Engineer;Anywhere;LinkedIn;Full-time;TRUE;October;FALSE
1735440;Software Engineer;Anywhere;LinkedIn;Full-time;TRUE;December;TRUE
281315;Machine Learning Engineer;Anywhere;LinkedIn;Full-time;TRUE;October;FALSE
80254;Data Analyst;Anywhere;LinkedIn;Full-time;TRUE;November;FALSE
255169;Business Analyst;Anywhere;LinkedIn;Full-time;TRUE;April;FALSE
267223;Software Engineer;Anywhere;LinkedIn;Full-time;TRUE;December;FALSE
400597;Senior Data Engineer;Anywhere;LinkedIn;Full-time;TRUE;July;FALSE
445665;Data Analyst;Anywhere;LinkedIn;Full-time;TRUE;August;TRUE
818422;Software Engineer;Anywhere;LinkedIn;Full-time;TRUE;February;FALSE
869549;Senior Data Engineer;Anywhere;LinkedIn;Full-time;TRUE;December;FALSE
1405166;Business Analyst;Anywhere;LinkedIn;Full-time;TRUE;January;FALSE
759185;Data Scientist;Anywhere;LinkedIn;Full-time;TRUE;December;TRUE
124458;Senior Data Engineer;Anywhere;LinkedIn;Full-time;TRUE;June;FALSE
166828;Senior Data Analyst;Anywhere;LinkedIn;Full-time;TRUE;October;TRUE
235576;Senior Data Engineer;Anywhere;LinkedIn;Full-time;TRUE;November;TRUE
239506;Senior Data Scientist;Anywhere;LinkedIn;Full-time;TRUE;November;FALSE
409000;Senior Data Engineer;Anywhere;LinkedIn;Full-time;TRUE;March;FALSE
412881;Business Analyst;Anywhere;LinkedIn;Full-time;TRUE;October;FALSE
1565278;Data Analyst;Anywhere;LinkedIn;Full-time;TRUE;September;FALSE
1816092;Data Scientist;Anywhere;LinkedIn;Full-time;TRUE;May;FALSE
90110;Data Analyst;Anywhere;LinkedIn;Full-time;TRUE;October;TRUE
454641;Software Engineer;Anywhere;LinkedIn;Full-time;TRUE;December;TRUE
1392813;Business Analyst;Anywhere;LinkedIn;Full-time;TRUE;March;TRUE
1396681;Data Scientist;Anywhere;LinkedIn;Full-time;TRUE;March;TRUE
948853;Data Scientist;Anywhere;LinkedIn;Full-time;TRUE;July;FALSE
1173263;Senior Data Analyst;Anywhere;LinkedIn;Full-time;TRUE;October;TRUE
196862;Data Analyst;Anywhere;LinkedIn;Full-time;TRUE;September;TRUE
1710376;Data Analyst;Anywhere;LinkedIn;Full-time;TRUE;November;FALSE
25222;Data Analyst;Anywhere;LinkedIn;Full-time;TRUE;October;TRUE
335543;Data Analyst;Anywhere;LinkedIn;Full-time;TRUE;June;FALSE
564579;Senior Data Engineer;Anywhere;LinkedIn;Full-time;TRUE;November;TRUE
793057;Senior Data Analyst;Anywhere;LinkedIn;Full-time;TRUE;November;TRUE
884894;Data Analyst;Anywhere;LinkedIn;Full-time;TRUE;February;FALSE
585493;Business Analyst;Anywhere;LinkedIn;Full-time;TRUE;September;FALSE
1250704;Machine Learning Engineer;Anywhere;LinkedIn;Full-time;TRUE;July;FALSE
1127849;Data Analyst;Anywhere;LinkedIn;Full-time;TRUE;October;TRUE
933995;Business Analyst;Anywhere;LinkedIn;Full-time;TRUE;September;FALSE
1150081;Senior Data Engineer;Anywhere;LinkedIn;Full-time;TRUE;July;TRUE
1708727;Data Scientist;Anywhere;LinkedIn;Full-time;TRUE;July;FALSE
1200885;Senior Data Engineer;Anywhere;LinkedIn;Full-time;TRUE;October;FALSE
1098922;Data Analyst;Anywhere;LinkedIn;Full-time;TRUE;June;FALSE
68819;Machine Learning Engineer;Anywhere;LinkedIn;Full-time;TRUE;October;FALSE
272967;Senior Data Engineer;Anywhere;LinkedIn;Full-time;TRUE;July;FALSE
970892;Software Engineer;Anywhere;LinkedIn;Full-time;TRUE;November;FALSE
1259171;Software Engineer;Anywhere;LinkedIn;Full-time;TRUE;October;FALSE
1564568;Data Scientist;Anywhere;LinkedIn;Full-time;TRUE;April;FALSE
1631624;Business Analyst;Anywhere;LinkedIn;Full-time;TRUE;February;TRUE
380122;Data Analyst;Anywhere;LinkedIn;Full-time;TRUE;November;FALSE
399264;Senior Data Analyst;Anywhere;LinkedIn;Full-time;TRUE;January;TRUE
574479;Software Engineer;Anywhere;LinkedIn;Full-time;TRUE;November;FALSE
43848;Machine Learning Engineer;Anywhere;LinkedIn;Full-time;TRUE;October;FALSE
921514;Software Engineer;Anywhere;LinkedIn;Full-time;TRUE;October;TRUE
1527600;Senior Data Engineer;Anywhere;LinkedIn;Full-time;TRUE;June;FALSE
1601260;Data Analyst;Anywhere;LinkedIn;Full-time;TRUE;June;FALSE
25341;Data Scientist;Anywhere;LinkedIn;Full-time;TRUE;February;FALSE
57817;Data Scientist;Anywhere;LinkedIn;Full-time;TRUE;May;FALSE
148584;Data Analyst;Anywhere;LinkedIn;Full-time;TRUE;October;FALSE
221557;Senior Data Scientist;Anywhere;LinkedIn;Full-time;TRUE;October;FALSE
286501;Data Analyst;Anywhere;LinkedIn;Full-time;TRUE;March;FALSE
326441;Senior Data Engineer;Anywhere;LinkedIn;Full-time;TRUE;March;FALSE
531412;Data Scientist;Anywhere;LinkedIn;Full-time;TRUE;August;FALSE
797091;Senior Data Analyst;Anywhere;LinkedIn;Full-time;TRUE;April;FALSE
885372;Software Engineer;Anywhere;LinkedIn;Full-time;TRUE;October;FALSE
920066;Senior Data Engineer;Anywhere;LinkedIn;Full-time;TRUE;July;FALSE
1058917;Software Engineer;Anywhere;LinkedIn;Full-time;TRUE;July;FALSE
1122280;Data Scientist;Anywhere;LinkedIn;Full-time;TRUE;January;FALSE
784629;Senior Data Scientist;Anywhere;LinkedIn;Full-time;TRUE;March;FALSE
949669;Senior Data Scientist;Anywhere;LinkedIn;Full-time;TRUE;January;FALSE
965098;Senior Data Engineer;Anywhere;LinkedIn;Full-time;TRUE;February;FALSE
1026891;Software Engineer;Anywhere;LinkedIn;Full-time;TRUE;December;TRUE
1068221;Senior Data Engineer;Anywhere;LinkedIn;Full-time;TRUE;January;TRUE
1269522;Software Engineer;Anywhere;LinkedIn;Full-time;TRUE;March;FALSE
1307411;Data Analyst;Anywhere;LinkedIn;Full-time;TRUE;August;FALSE
1327266;Software Engineer;Anywhere;LinkedIn;Full-time;TRUE;November;FALSE
1502896;Data Analyst;Anywhere;LinkedIn;Full-time;TRUE;March;TRUE
1454463;Data Engineer;Anywhere;LinkedIn;Full-time;TRUE;July;FALSE
18084;Data Engineer;Anywhere;LinkedIn;Full-time;TRUE;September;TRUE
107511;Data Engineer;Anywhere;LinkedIn;Full-time;TRUE;October;FALSE
340745;Data Engineer;Anywhere;LinkedIn;Full-time;TRUE;July;FALSE
566012;Data Engineer;Anywhere;LinkedIn;Full-time;TRUE;May;FALSE
616400;Data Engineer;Anywhere;LinkedIn;Full-time;TRUE;September;FALSE
859580;Data Engineer;Anywhere;LinkedIn;Full-time;TRUE;August;FALSE
953687;Data Engineer;Anywhere;LinkedIn;Full-time;TRUE;November;FALSE
1196514;Data Engineer;Anywhere;LinkedIn;Full-time;TRUE;January;FALSE
1599518;Data Engineer;Anywhere;LinkedIn;Full-time;TRUE;December;FALSE
310125;Data Engineer;Anywhere;LinkedIn;Full-time;TRUE;January;FALSE
38567;Data Engineer;Anywhere;LinkedIn;Full-time;TRUE;November;TRUE
53513;Data Engineer;Anywhere;LinkedIn;Full-time;TRUE;May;FALSE
58295;Data Engineer;Anywhere;LinkedIn;Full-time;TRUE;October;FALSE
198739;Data Engineer;Anywhere;LinkedIn;Full-time;TRUE;April;FALSE
204070;Data Engineer;Anywhere;LinkedIn;Full-time;TRUE;July;FALSE
276987;Data Engineer;Anywhere;LinkedIn;Full-time;TRUE;December;TRUE
1151878;Data Engineer;Anywhere;LinkedIn;Full-time;TRUE;May;FALSE
1258249;Data Engineer;Anywhere;LinkedIn;Full-time;TRUE;June;FALSE
1646555;Data Engineer;Anywhere;LinkedIn;Full-time;TRUE;October;FALSE
61705;Data Engineer;Anywhere;LinkedIn;Full-time;TRUE;July;FALSE
303127;Data Engineer;Anywhere;LinkedIn;Full-time;TRUE;October;FALSE
330123;Data Engineer;Anywhere;LinkedIn;Full-time;TRUE;October;TRUE
437320;Data Engineer;Anywhere;LinkedIn;Full-time;TRUE;August;FALSE
541970;Data Engineer;Anywhere;LinkedIn;Full-time;TRUE;July;FALSE
976725;Data Engineer;Anywhere;LinkedIn;Full-time;TRUE;May;FALSE
1329692;Data Engineer;Anywhere;LinkedIn;Full-time;TRUE;October;FALSE
1483259;Data Engineer;Anywhere;LinkedIn;Full-time;TRUE;June;FALSE
1702900;Data Engineer;Anywhere;LinkedIn;Full-time;TRUE;November;FALSE
96096;Data Engineer;Anywhere;LinkedIn;Full-time;TRUE;October;FALSE
645902;Data Engineer;Anywhere;LinkedIn;Full-time;TRUE;May;FALSE
1386012;Data Engineer;Anywhere;LinkedIn;Full-time;TRUE;April;FALSE
160306;Data Engineer;Anywhere;LinkedIn;Full-time;TRUE;November;FALSE
294718;Data Engineer;Anywhere;LinkedIn;Full-time;TRUE;May;TRUE
1139538;Data Engineer;Anywhere;LinkedIn;Full-time;TRUE;June;FALSE
1337606;Data Engineer;Anywhere;LinkedIn;Full-time;TRUE;July;FALSE
1354735;Data Engineer;Anywhere;LinkedIn;Full-time;TRUE;February;FALSE
1569985;Data Engineer;Anywhere;LinkedIn;Full-time;TRUE;June;FALSE
1592619;Data Engineer;Anywhere;LinkedIn;Full-time;TRUE;April;FALSE
20398;Data Engineer;Anywhere;LinkedIn;Full-time;TRUE;February;TRUE
386477;Data Engineer;Anywhere;LinkedIn;Full-time;TRUE;January;TRUE
544773;Data Engineer;Anywhere;LinkedIn;Full-time;TRUE;November;FALSE
184052;Data Engineer;Anywhere;LinkedIn;Full-time;TRUE;January;FALSE
46542;Data Engineer;Anywhere;LinkedIn;Full-time;TRUE;September;FALSE
376621;Data Engineer;Anywhere;LinkedIn;Full-time;TRUE;October;TRUE
261979;Data Engineer;Anywhere;LinkedIn;Full-time;TRUE;April;FALSE
830427;Data Engineer;Anywhere;LinkedIn;Full-time;TRUE;July;FALSE
838832;Data Engineer;Anywhere;LinkedIn;Full-time;TRUE;January;FALSE
16107;Data Engineer;Anywhere;LinkedIn;Full-time;TRUE;November;TRUE
112260;Data Engineer;Anywhere;LinkedIn;Full-time;TRUE;April;FALSE
535537;Data Engineer;Anywhere;LinkedIn;Full-time;TRUE;January;FALSE
908346;Data Engineer;Anywhere;LinkedIn;Full-time;TRUE;January;TRUE
1022378;Data Engineer;Anywhere;LinkedIn;Full-time;TRUE;September;FALSE
1368522;Data Engineer;Anywhere;LinkedIn;Full-time;TRUE;April;FALSE
1404263;Data Engineer;Anywhere;LinkedIn;Full-time;TRUE;February;FALSE
1697415;Data Engineer;Anywhere;LinkedIn;Full-time;TRUE;May;FALSE
123417;Data Engineer;Anywhere;LinkedIn;Full-time;TRUE;September;FALSE
422714;Data Engineer;Anywhere;LinkedIn;Full-time;TRUE;May;FALSE
1122559;Data Engineer;Anywhere;LinkedIn;Full-time;TRUE;October;FALSE
1481154;Data Engineer;Anywhere;LinkedIn;Full-time;TRUE;June;FALSE
1418048;Data Engineer;Anywhere;LinkedIn;Full-time;TRUE;October;FALSE
319218;Data Engineer;Anywhere;LinkedIn;Full-time;TRUE;September;FALSE
322105;Data Engineer;Anywhere;LinkedIn;Full-time;TRUE;February;FALSE
412373;Data Engineer;Anywhere;LinkedIn;Full-time;TRUE;October;FALSE
487786;Data Engineer;Anywhere;LinkedIn;Full-time;TRUE;January;TRUE
618378;Data Engineer;Anywhere;LinkedIn;Full-time;TRUE;July;TRUE
1396485;Data Engineer;Anywhere;LinkedIn;Full-time;TRUE;January;TRUE
1347091;Data Engineer;Anywhere;LinkedIn;Full-time;TRUE;June;FALSE
1611523;Data Engineer;Anywhere;LinkedIn;Full-time;TRUE;September;TRUE
218048;Data Engineer;Anywhere;LinkedIn;Full-time;TRUE;June;FALSE
393912;Data Engineer;Anywhere;LinkedIn;Full-time;TRUE;January;FALSE
1012639;Data Engineer;Anywhere;LinkedIn;Full-time;TRUE;December;FALSE
135324;Data Engineer;Anywhere;LinkedIn;Full-time;TRUE;June;FALSE
1744946;Data Engineer;Anywhere;LinkedIn;Full-time;TRUE;March;FALSE
319666;Data Engineer;Anywhere;LinkedIn;Full-time;TRUE;June;FALSE
391567;Data Engineer;Anywhere;LinkedIn;Full-time;TRUE;July;FALSE
887582;Data Engineer;Anywhere;LinkedIn;Full-time;TRUE;August;TRUE
1416197;Data Engineer;Anywhere;LinkedIn;Full-time;TRUE;February;FALSE
1580233;Senior Data Engineer;Centurion;;Full-time;FALSE;May;TRUE
1580236;Software Engineer;Centurion;;Full-time;FALSE;May;FALSE
1580548;Senior Data Engineer;Centurion;;Full-time;FALSE;May;FALSE
1579537;Data Scientist;Centurion;;Full-time;FALSE;May;TRUE
1579540;Data Scientist;Centurion;;Full-time;FALSE;May;FALSE
1579550;Senior Data Engineer;Centurion;;Full-time;FALSE;May;TRUE
1579561;Cloud Engineer;Centurion;;Full-time;FALSE;May;FALSE
1585506;Senior Data Engineer;Centurion;;Full-time;FALSE;May;FALSE
1586607;Software Engineer;Centurion;;Full-time;FALSE;May;TRUE
1586608;Cloud Engineer;Centurion;;Full-time;FALSE;May;FALSE
1588537;Software Engineer;Centurion;;Full-time;FALSE;June;FALSE
1590243;Data Analyst;Centurion;;Full-time;FALSE;June;TRUE
1591518;Senior Data Engineer;Centurion;;Full-time;FALSE;June;FALSE
1593378;Cloud Engineer;Centurion;;Full-time;FALSE;June;FALSE
1594804;Senior Data Engineer;Centurion;;Full-time;FALSE;June;FALSE
1604129;Senior Data Engineer;Centurion;;Full-time;FALSE;June;FALSE
1606605;Senior Data Engineer;Centurion;;Full-time;FALSE;June;FALSE
1617992;Software Engineer;Centurion;;Full-time;FALSE;June;FALSE
1423751;Data Scientist;Centurion;;Full-time;FALSE;February;FALSE
1423760;Senior Data Scientist;Centurion;;Full-time;FALSE;February;FALSE
1423782;Data Analyst;Centurion;;Full-time;FALSE;February;FALSE
1423789;Data Scientist;Centurion;;Full-time;FALSE;February;FALSE
1423792;Senior Data Scientist;Centurion;;Full-time;FALSE;February;FALSE
1423796;Senior Data Scientist;Centurion;;Full-time;FALSE;February;FALSE
1423991;Data Scientist;Centurion;;Full-time;FALSE;February;FALSE
1423994;Data Scientist;Centurion;;Full-time;FALSE;February;FALSE
1424002;Data Analyst;Centurion;;Full-time;FALSE;February;FALSE
1344566;Senior Data Engineer;Centurion;;Full-time;FALSE;February;FALSE
1353414;Business Analyst;Centurion;;Full-time;FALSE;February;TRUE
1354901;Senior Data Engineer;Centurion;;Full-time;FALSE;February;TRUE
1366214;Data Scientist;Centurion;;Full-time;FALSE;February;FALSE
1366447;Cloud Engineer;Centurion;;Full-time;FALSE;February;FALSE
1368476;Data Scientist;Centurion;;Full-time;FALSE;February;FALSE
1368715;Cloud Engineer;Centurion;;Full-time;FALSE;February;FALSE
1370897;Data Scientist;Centurion;;Full-time;FALSE;February;FALSE
1371170;Cloud Engineer;Centurion;;Full-time;FALSE;February;FALSE
1373537;Data Scientist;Centurion;;Full-time;FALSE;February;FALSE
1373821;Cloud Engineer;Centurion;;Full-time;FALSE;February;FALSE
1376332;Data Scientist;Centurion;;Full-time;FALSE;February;FALSE
1376654;Cloud Engineer;Centurion;;Full-time;FALSE;February;FALSE
1379335;Software Engineer;Centurion;;Full-time;FALSE;February;FALSE
1379508;Data Scientist;Centurion;;Full-time;FALSE;February;FALSE
1379879;Cloud Engineer;Centurion;;Full-time;FALSE;February;FALSE
1382595;Data Scientist;Centurion;;Full-time;FALSE;February;FALSE
1382865;Cloud Engineer;Centurion;;Full-time;FALSE;February;FALSE
1385211;Data Scientist;Centurion;;Full-time;FALSE;February;FALSE
1385487;Cloud Engineer;Centurion;;Full-time;FALSE;February;FALSE
1387788;Data Scientist;Centurion;;Full-time;FALSE;February;FALSE
1388051;Cloud Engineer;Centurion;;Full-time;FALSE;February;FALSE
1390440;Data Scientist;Centurion;;Full-time;FALSE;February;FALSE
1390757;Cloud Engineer;Centurion;;Full-time;FALSE;February;FALSE
1393329;Data Scientist;Centurion;;Full-time;FALSE;February;FALSE
1393628;Cloud Engineer;Centurion;;Full-time;FALSE;February;FALSE
1396301;Software Engineer;Centurion;;Full-time;FALSE;February;FALSE
1396482;Data Scientist;Centurion;;Full-time;FALSE;February;FALSE
1396867;Cloud Engineer;Centurion;;Full-time;FALSE;February;FALSE
1400075;Software Engineer;Centurion;;Full-time;FALSE;February;FALSE
1400277;Data Scientist;Centurion;;Full-time;FALSE;February;FALSE
1400726;Cloud Engineer;Centurion;;Full-time;FALSE;February;FALSE
1403882;Data Scientist;Centurion;;Full-time;FALSE;February;FALSE
1404203;Cloud Engineer;Centurion;;Full-time;FALSE;February;FALSE
1406747;Data Scientist;Centurion;;Full-time;FALSE;February;FALSE
1407039;Cloud Engineer;Centurion;;Full-time;FALSE;February;FALSE
1409447;Data Scientist;Centurion;;Full-time;FALSE;February;FALSE
1409719;Cloud Engineer;Centurion;;Full-time;FALSE;February;FALSE
1412276;Data Scientist;Centurion;;Full-time;FALSE;February;FALSE
1412617;Cloud Engineer;Centurion;;Full-time;FALSE;February;FALSE
1415301;Software Engineer;Centurion;;Full-time;FALSE;February;FALSE
1415465;Data Scientist;Centurion;;Full-time;FALSE;February;FALSE
1415820;Cloud Engineer;Centurion;;Full-time;FALSE;February;FALSE
1445415;Data Scientist;Centurion;;Full-time;FALSE;March;FALSE
1284664;Senior Data Engineer;Centurion;;Full-time;FALSE;January;FALSE
1318225;Data Analyst;Centurion;;Full-time;FALSE;January;FALSE
1332781;Senior Data Analyst;Centurion;;Full-time;FALSE;January;FALSE
1525114;Business Analyst;Centurion;;Full-time;FALSE;April;FALSE
1525115;Machine Learning Engineer;Centurion;;Full-time;FALSE;April;FALSE
1525999;Cloud Engineer;Centurion;;Full-time;FALSE;April;TRUE
1526096;Cloud Engineer;Centurion;;Full-time;FALSE;April;FALSE
1526222;Software Engineer;Centurion;;Full-time;FALSE;April;TRUE
1479201;Data Analyst;Centurion;;Full-time;FALSE;March;TRUE
1485727;Senior Data Engineer;Centurion;;Full-time;FALSE;March;TRUE
1485996;Data Scientist;Centurion;;Full-time;FALSE;March;TRUE
1487063;Data Analyst;Centurion;;Full-time;FALSE;March;FALSE
1493768;Machine Learning Engineer;Centurion;;Full-time;FALSE;March;FALSE
1494459;Cloud Engineer;Centurion;;Full-time;FALSE;March;FALSE
1495559;Data Scientist;Centurion;;Full-time;FALSE;March;FALSE
1505609;Business Analyst;Centurion;;Full-time;FALSE;April;FALSE
1509559;Senior Data Scientist;Centurion;;Full-time;FALSE;April;FALSE
1510218;Software Engineer;Centurion;;Full-time;FALSE;April;TRUE
1511253;Software Engineer;Centurion;;Full-time;FALSE;April;TRUE
1517767;Software Engineer;Centurion;;Full-time;FALSE;April;TRUE
1520416;Senior Data Scientist;Centurion;;Full-time;FALSE;April;TRUE
1521052;Cloud Engineer;Centurion;;Full-time;FALSE;April;TRUE
1521446;Business Analyst;Centurion;;Full-time;FALSE;April;FALSE
1521561;Data Scientist;Centurion;;Full-time;FALSE;April;TRUE
1521563;Software Engineer;Centurion;;Full-time;FALSE;April;FALSE
1521564;Software Engineer;Centurion;;Full-time;FALSE;April;FALSE
1522662;Data Scientist;Centurion;;Full-time;FALSE;April;TRUE
1522680;Software Engineer;Centurion;;Full-time;FALSE;April;FALSE
1524279;Data Scientist;Centurion;;Full-time;FALSE;April;FALSE
1532463;Cloud Engineer;Centurion;;Full-time;FALSE;April;FALSE
1534014;Software Engineer;Centurion;;Full-time;FALSE;April;FALSE
1548964;Software Engineer;Centurion;;Full-time;FALSE;May;FALSE
1551146;Software Engineer;Centurion;;Full-time;FALSE;May;TRUE
1552852;Software Engineer;Centurion;;Full-time;FALSE;May;FALSE
1552855;Cloud Engineer;Centurion;;Full-time;FALSE;May;FALSE
1555212;Software Engineer;Centurion;;Full-time;FALSE;May;FALSE
1555775;Data Analyst;Centurion;;Full-time;FALSE;May;TRUE
1561349;Senior Data Engineer;Centurion;;Full-time;FALSE;May;TRUE
1562051;Senior Data Engineer;Centurion;;Full-time;FALSE;May;TRUE
1563740;Cloud Engineer;Centurion;;Full-time;FALSE;May;FALSE
1564748;Software Engineer;Centurion;;Full-time;FALSE;May;FALSE
1564891;Business Analyst;Centurion;;Full-time;FALSE;May;FALSE
1565774;Machine Learning Engineer;Centurion;;Full-time;FALSE;May;FALSE
1566002;Senior Data Engineer;Centurion;;Full-time;FALSE;May;FALSE
1569906;Senior Data Scientist;Centurion;;Full-time;FALSE;May;FALSE
1570680;Software Engineer;Centurion;;Full-time;FALSE;May;FALSE
1570709;Software Engineer;Centurion;;Full-time;FALSE;May;FALSE
1570928;Machine Learning Engineer;Centurion;;Full-time;FALSE;May;TRUE
1571688;Software Engineer;Centurion;;Full-time;FALSE;May;FALSE
1571691;Software Engineer;Centurion;;Full-time;FALSE;May;FALSE
1572001;Senior Data Engineer;Centurion;;Full-time;FALSE;May;TRUE
1572002;Data Analyst;Centurion;;Full-time;FALSE;May;TRUE
1572874;Senior Data Engineer;Centurion;;Full-time;FALSE;May;FALSE
1574609;Software Engineer;Centurion;;Full-time;FALSE;May;TRUE
1581596;Data Analyst;Sandton;;Full-time;FALSE;May;TRUE
1576987;Cloud Engineer;Sandton;;Full-time;FALSE;May;TRUE
1579390;Software Engineer;Sandton;;Full-time;FALSE;May;TRUE
1579556;Business Analyst;Sandton;;Full-time;FALSE;May;TRUE
1585505;Machine Learning Engineer;Sandton;;Full-time;FALSE;May;FALSE
1586081;Software Engineer;Sandton;;Full-time;FALSE;May;FALSE
1594081;Software Engineer;Sandton;;Full-time;FALSE;June;FALSE
1596057;Software Engineer;Sandton;;Full-time;FALSE;June;FALSE
1597207;Senior Data Analyst;Sandton;;Full-time;FALSE;June;FALSE
1599629;Data Analyst;Sandton;;Full-time;FALSE;June;FALSE
1599770;Software Engineer;Sandton;;Full-time;FALSE;June;TRUE
1606434;Software Engineer;Sandton;;Full-time;FALSE;June;FALSE
1606435;Cloud Engineer;Sandton;;Full-time;FALSE;June;TRUE
1609588;Machine Learning Engineer;Sandton;;Full-time;FALSE;June;FALSE
1423777;Software Engineer;Sandton;;Full-time;FALSE;February;FALSE
1423794;Software Engineer;Sandton;;Full-time;FALSE;February;TRUE
1424015;Senior Data Analyst;Sandton;;Full-time;FALSE;February;TRUE
1424018;Senior Data Analyst;Sandton;;Full-time;FALSE;February;TRUE
1352529;Data Analyst;Sandton;;Full-time;FALSE;February;FALSE
1357756;Senior Data Analyst;Sandton;;Full-time;FALSE;February;FALSE
1360081;Software Engineer;Sandton;;Full-time;FALSE;February;TRUE
1360479;Senior Data Engineer;Sandton;;Full-time;FALSE;February;FALSE
1362960;Business Analyst;Sandton;;Full-time;FALSE;February;TRUE
1381442;Cloud Engineer;Sandton;;Full-time;FALSE;February;FALSE
1398498;Cloud Engineer;Sandton;;Full-time;FALSE;February;FALSE
1402587;Cloud Engineer;Sandton;;Full-time;FALSE;February;FALSE
1418774;Cloud Engineer;Sandton;;Full-time;FALSE;February;FALSE
1445413;Data Analyst;Sandton;;Full-time;FALSE;March;FALSE
1445531;Cloud Engineer;Sandton;;Full-time;FALSE;March;TRUE
1446709;Software Engineer;Sandton;;Full-time;FALSE;March;TRUE
1447272;Data Analyst;Sandton;;Full-time;FALSE;March;FALSE
1448955;Software Engineer;Sandton;;Full-time;FALSE;March;TRUE
1449583;Data Analyst;Sandton;;Full-time;FALSE;March;FALSE
1451393;Software Engineer;Sandton;;Full-time;FALSE;March;TRUE
1452046;Data Analyst;Sandton;;Full-time;FALSE;March;FALSE
1284284;Data Scientist;Sandton;;Full-time;FALSE;January;FALSE
1289594;Data Scientist;Sandton;;Full-time;FALSE;January;FALSE
1295543;Data Analyst;Sandton;;Full-time;FALSE;January;TRUE
1305665;Senior Data Engineer;Sandton;;Full-time;FALSE;January;FALSE
1318013;Machine Learning Engineer;Sandton;;Full-time;FALSE;January;FALSE
1327423;Senior Data Engineer;Sandton;;Full-time;FALSE;January;TRUE
1339206;Software Engineer;Sandton;;Full-time;FALSE;January;TRUE
1340709;Data Scientist;Sandton;;Full-time;FALSE;January;FALSE
1525977;Senior Data Scientist;Sandton;;Full-time;FALSE;April;FALSE
1526103;Senior Data Engineer;Sandton;;Full-time;FALSE;April;TRUE
1526118;Software Engineer;Sandton;;Full-time;FALSE;April;TRUE
1526432;Software Engineer;Sandton;;Full-time;FALSE;April;FALSE
1526538;Data Scientist;Sandton;;Full-time;FALSE;April;FALSE
1453976;Software Engineer;Sandton;;Full-time;FALSE;March;TRUE
1454152;Software Engineer;Sandton;;Full-time;FALSE;March;TRUE
1454672;Data Analyst;Sandton;;Full-time;FALSE;March;FALSE
1456839;Software Engineer;Sandton;;Full-time;FALSE;March;TRUE
1457039;Software Engineer;Sandton;;Full-time;FALSE;March;TRUE
1457627;Data Analyst;Sandton;;Full-time;FALSE;March;FALSE
1459590;Software Engineer;Sandton;;Full-time;FALSE;March;TRUE
1460198;Data Analyst;Sandton;;Full-time;FALSE;March;FALSE
1461841;Software Engineer;Sandton;;Full-time;FALSE;March;TRUE
1462397;Data Analyst;Sandton;;Full-time;FALSE;March;FALSE
1463933;Software Engineer;Sandton;;Full-time;FALSE;March;TRUE
1464472;Data Analyst;Sandton;;Full-time;FALSE;March;FALSE
1466041;Software Engineer;Sandton;;Full-time;FALSE;March;TRUE
1466620;Data Analyst;Sandton;;Full-time;FALSE;March;FALSE
1468275;Software Engineer;Sandton;;Full-time;FALSE;March;TRUE
1468879;Data Analyst;Sandton;;Full-time;FALSE;March;FALSE
1470698;Software Engineer;Sandton;;Full-time;FALSE;March;TRUE
1470871;Software Engineer;Sandton;;Full-time;FALSE;March;TRUE
1471371;Data Analyst;Sandton;;Full-time;FALSE;March;FALSE
1473365;Software Engineer;Sandton;;Full-time;FALSE;March;TRUE
1473542;Software Engineer;Sandton;;Full-time;FALSE;March;TRUE
1474079;Data Analyst;Sandton;;Full-time;FALSE;March;FALSE
1475900;Software Engineer;Sandton;;Full-time;FALSE;March;TRUE
1476474;Data Analyst;Sandton;;Full-time;FALSE;March;FALSE
1477980;Software Engineer;Sandton;;Full-time;FALSE;March;TRUE
1478480;Data Analyst;Sandton;;Full-time;FALSE;March;FALSE
1479207;Data Analyst;Sandton;;Full-time;FALSE;March;TRUE
1479209;Software Engineer;Sandton;;Full-time;FALSE;March;TRUE
1480529;Software Engineer;Sandton;;Full-time;FALSE;March;TRUE
1481684;Data Analyst;Sandton;;Full-time;FALSE;March;FALSE
1487420;Cloud Engineer;Sandton;;Full-time;FALSE;March;FALSE
1495407;Senior Data Scientist;Sandton;;Full-time;FALSE;March;FALSE
1501512;Business Analyst;Sandton;;Full-time;FALSE;March;TRUE
1513935;Senior Data Scientist;Sandton;;Full-time;FALSE;April;TRUE
1522664;Cloud Engineer;Sandton;;Full-time;FALSE;April;FALSE
1522667;Machine Learning Engineer;Sandton;;Full-time;FALSE;April;TRUE
1522892;Cloud Engineer;Sandton;;Full-time;FALSE;April;TRUE
1528111;Cloud Engineer;Sandton;;Full-time;FALSE;April;TRUE
1528235;Data Scientist;Sandton;;Full-time;FALSE;April;TRUE
1528960;Machine Learning Engineer;Sandton;;Full-time;FALSE;April;FALSE
1529446;Senior Data Scientist;Sandton;;Full-time;FALSE;April;FALSE
1530890;Data Scientist;Sandton;;Full-time;FALSE;April;TRUE
1533005;Cloud Engineer;Sandton;;Full-time;FALSE;April;TRUE
1535280;Senior Data Engineer;Sandton;;Full-time;FALSE;April;TRUE
1535287;Business Analyst;Sandton;;Full-time;FALSE;April;FALSE
1535611;Cloud Engineer;Sandton;;Full-time;FALSE;April;FALSE
1536720;Senior Data Engineer;Sandton;;Full-time;FALSE;April;FALSE
1537751;Senior Data Engineer;Sandton;;Full-time;FALSE;April;FALSE
1538950;Senior Data Engineer;Sandton;;Full-time;FALSE;April;FALSE
1540259;Senior Data Engineer;Sandton;;Full-time;FALSE;April;FALSE
1541243;Senior Data Engineer;Sandton;;Full-time;FALSE;April;FALSE
1542168;Senior Data Engineer;Sandton;;Full-time;FALSE;April;FALSE
1543131;Senior Data Engineer;Sandton;;Full-time;FALSE;April;FALSE
1544217;Senior Data Engineer;Sandton;;Full-time;FALSE;April;FALSE
1545340;Senior Data Engineer;Sandton;;Full-time;FALSE;April;FALSE
1546682;Senior Data Engineer;Sandton;;Full-time;FALSE;May;FALSE
1548361;Senior Data Engineer;Sandton;;Full-time;FALSE;May;FALSE
1553681;Software Engineer;Sandton;;Full-time;FALSE;May;FALSE
1557058;Software Engineer;Sandton;;Full-time;FALSE;May;FALSE
1557435;Data Analyst;Sandton;;Full-time;FALSE;May;FALSE
1563571;Data Scientist;Sandton;;Full-time;FALSE;May;FALSE
1563828;Senior Data Scientist;Sandton;;Full-time;FALSE;May;FALSE
1563871;Machine Learning Engineer;Sandton;;Full-time;FALSE;May;FALSE
1565996;Data Analyst;Sandton;;Full-time;FALSE;May;TRUE
1567136;Data Analyst;Sandton;;Full-time;FALSE;May;FALSE
1567581;Software Engineer;Sandton;;Full-time;FALSE;May;TRUE
1573166;Software Engineer;Sandton;;Full-time;FALSE;May;TRUE
1573171;Software Engineer;Sandton;;Full-time;FALSE;May;FALSE
1579928;Software Engineer;Randburg;;Full-time;FALSE;May;TRUE
1577543;Cloud Engineer;Randburg;;Full-time;FALSE;May;FALSE
1579559;Data Scientist;Randburg;;Full-time;FALSE;May;TRUE
1579849;Senior Data Scientist;Randburg;;Full-time;FALSE;May;FALSE
1585864;Data Scientist;Randburg;;Full-time;FALSE;May;TRUE
1588441;Senior Data Engineer;Randburg;;Full-time;FALSE;June;TRUE
1592776;Machine Learning Engineer;Randburg;;Full-time;FALSE;June;FALSE
1597200;Senior Data Engineer;Randburg;;Full-time;FALSE;June;TRUE
1599769;Data Scientist;Randburg;;Full-time;FALSE;June;TRUE
1604537;Software Engineer;Randburg;;Full-time;FALSE;June;FALSE
1608036;Cloud Engineer;Randburg;;Full-time;FALSE;June;FALSE
1611371;Software Engineer;Randburg;;Full-time;FALSE;June;TRUE
1423754;Senior Data Engineer;Randburg;;Full-time;FALSE;February;TRUE
1423757;Senior Data Engineer;Randburg;;Full-time;FALSE;February;TRUE
1423774;Machine Learning Engineer;Randburg;;Full-time;FALSE;February;FALSE
1423791;Data Analyst;Randburg;;Full-time;FALSE;February;FALSE
1423996;Senior Data Engineer;Randburg;;Full-time;FALSE;February;TRUE
1445526;Machine Learning Engineer;Randburg;;Full-time;FALSE;March;FALSE
1445529;Data Scientist;Randburg;;Full-time;FALSE;March;TRUE
1445537;Business Analyst;Randburg;;Full-time;FALSE;March;FALSE
1447223;Machine Learning Engineer;Randburg;;Full-time;FALSE;March;TRUE
1449527;Machine Learning Engineer;Randburg;;Full-time;FALSE;March;TRUE
1451988;Machine Learning Engineer;Randburg;;Full-time;FALSE;March;TRUE
1288104;Software Engineer;Randburg;;Full-time;FALSE;January;TRUE
1322319;Data Analyst;Randburg;;Full-time;FALSE;January;TRUE
1339010;Data Scientist;Randburg;;Full-time;FALSE;January;FALSE
1339324;Cloud Engineer;Randburg;;Full-time;FALSE;January;FALSE
1496995;Senior Data Engineer;Randburg;;Full-time;FALSE;March;FALSE
1497009;Senior Data Scientist;Randburg;;Full-time;FALSE;March;TRUE
1497012;Data Scientist;Randburg;;Full-time;FALSE;March;TRUE
1497018;Senior Data Scientist;Randburg;;Full-time;FALSE;March;TRUE
1497024;Software Engineer;Randburg;;Full-time;FALSE;March;TRUE
1497026;Senior Data Scientist;Randburg;;Full-time;FALSE;March;TRUE
1525447;Business Analyst;Randburg;;Full-time;FALSE;April;TRUE
1525980;Senior Data Analyst;Randburg;;Full-time;FALSE;April;TRUE
1526114;Machine Learning Engineer;Randburg;;Full-time;FALSE;April;TRUE
1454607;Machine Learning Engineer;Randburg;;Full-time;FALSE;March;TRUE
1457553;Machine Learning Engineer;Randburg;;Full-time;FALSE;March;TRUE
1460145;Machine Learning Engineer;Randburg;;Full-time;FALSE;March;TRUE
1462349;Machine Learning Engineer;Randburg;;Full-time;FALSE;March;TRUE
1464424;Machine Learning Engineer;Randburg;;Full-time;FALSE;March;TRUE
1466570;Machine Learning Engineer;Randburg;;Full-time;FALSE;March;TRUE
1468826;Machine Learning Engineer;Randburg;;Full-time;FALSE;March;TRUE
1471310;Machine Learning Engineer;Randburg;;Full-time;FALSE;March;TRUE
1474012;Machine Learning Engineer;Randburg;;Full-time;FALSE;March;TRUE
1476424;Machine Learning Engineer;Randburg;;Full-time;FALSE;March;TRUE
1478433;Machine Learning Engineer;Randburg;;Full-time;FALSE;March;TRUE
1481605;Machine Learning Engineer;Randburg;;Full-time;FALSE;March;TRUE
1501510;Software Engineer;Randburg;;Full-time;FALSE;March;TRUE
1501511;Cloud Engineer;Randburg;;Full-time;FALSE;March;TRUE
1514644;Senior Data Engineer;Randburg;;Full-time;FALSE;April;TRUE
1519891;Data Scientist;Randburg;;Full-time;FALSE;April;FALSE
1521743;Machine Learning Engineer;Randburg;;Full-time;FALSE;April;FALSE
1522684;Data Scientist;Randburg;;Full-time;FALSE;April;FALSE
1522777;Data Scientist;Randburg;;Full-time;FALSE;April;FALSE
1528762;Senior Data Engineer;Randburg;;Full-time;FALSE;April;TRUE
1529505;Data Analyst;Randburg;;Full-time;FALSE;April;FALSE
1530130;Data Analyst;Randburg;;Full-time;FALSE;April;TRUE
1530417;Data Scientist;Randburg;;Full-time;FALSE;April;FALSE
1530615;Software Engineer;Randburg;;Full-time;FALSE;April;FALSE
1533892;Data Analyst;Randburg;;Full-time;FALSE;April;FALSE
1537195;Data Analyst;Randburg;;Full-time;FALSE;April;FALSE
1538305;Data Analyst;Randburg;;Full-time;FALSE;April;FALSE
1539572;Data Analyst;Randburg;;Full-time;FALSE;April;FALSE
1540729;Data Analyst;Randburg;;Full-time;FALSE;April;FALSE
1541676;Data Analyst;Randburg;;Full-time;FALSE;April;FALSE
1542612;Data Analyst;Randburg;;Full-time;FALSE;April;FALSE
1543639;Data Analyst;Randburg;;Full-time;FALSE;April;FALSE
1544735;Data Analyst;Randburg;;Full-time;FALSE;April;FALSE
1545949;Data Analyst;Randburg;;Full-time;FALSE;April;FALSE
1547355;Data Analyst;Randburg;;Full-time;FALSE;May;FALSE
1549635;Data Analyst;Randburg;;Full-time;FALSE;May;FALSE
1549660;Software Engineer;Randburg;;Full-time;FALSE;May;FALSE
1551451;Software Engineer;Randburg;;Full-time;FALSE;May;FALSE
1554038;Software Engineer;Randburg;;Full-time;FALSE;May;FALSE
1570708;Data Scientist;Randburg;;Full-time;FALSE;May;FALSE
1571853;Data Scientist;Randburg;;Full-time;FALSE;May;TRUE
1572004;Business Analyst;Randburg;;Full-time;FALSE;May;TRUE
1572572;Senior Data Engineer;Randburg;;Full-time;FALSE;May;TRUE
1572577;Data Analyst;Randburg;;Full-time;FALSE;May;TRUE
1573161;Senior Data Engineer;Randburg;;Full-time;FALSE;May;TRUE
1573172;Business Analyst;Randburg;;Full-time;FALSE;May;FALSE
1574381;Software Engineer;Randburg;;Full-time;FALSE;May;FALSE
1578183;Software Engineer;Durban;;Full-time;FALSE;May;FALSE
1579784;Business Analyst;Durban;;Full-time;FALSE;May;FALSE
1591891;Data Scientist;Durban;;Full-time;FALSE;June;FALSE
1606757;Software Engineer;Durban;;Full-time;FALSE;June;TRUE
1610393;Data Scientist;Durban;;Full-time;FALSE;June;FALSE
1617896;Cloud Engineer;Durban;;Full-time;FALSE;June;TRUE
1423784;Data Scientist;Durban;;Full-time;FALSE;February;FALSE
1424012;Software Engineer;Durban;;Full-time;FALSE;February;FALSE
1341621;Data Scientist;Durban;;Full-time;FALSE;January;FALSE
1353916;Senior Data Engineer;Durban;;Full-time;FALSE;February;FALSE
1357008;Senior Data Scientist;Durban;;Full-time;FALSE;February;TRUE
1372075;Cloud Engineer;Durban;;Full-time;FALSE;February;TRUE
1374752;Cloud Engineer;Durban;;Full-time;FALSE;February;TRUE
1377681;Cloud Engineer;Durban;;Full-time;FALSE;February;TRUE
1381055;Cloud Engineer;Durban;;Full-time;FALSE;February;TRUE
1383769;Cloud Engineer;Durban;;Full-time;FALSE;February;TRUE
1386405;Cloud Engineer;Durban;;Full-time;FALSE;February;TRUE
1391770;Cloud Engineer;Durban;;Full-time;FALSE;February;TRUE
1394611;Cloud Engineer;Durban;;Full-time;FALSE;February;TRUE
1398092;Cloud Engineer;Durban;;Full-time;FALSE;February;TRUE
1402128;Cloud Engineer;Durban;;Full-time;FALSE;February;TRUE
1405224;Cloud Engineer;Durban;;Full-time;FALSE;February;TRUE
1407991;Cloud Engineer;Durban;;Full-time;FALSE;February;TRUE
1410635;Cloud Engineer;Durban;;Full-time;FALSE;February;TRUE
1413688;Cloud Engineer;Durban;;Full-time;FALSE;February;TRUE
1418127;Cloud Engineer;Durban;;Full-time;FALSE;February;TRUE
1437968;Data Analyst;Durban;;Full-time;FALSE;March;TRUE
1443601;Senior Data Engineer;Durban;;Full-time;FALSE;March;FALSE
1445416;Cloud Engineer;Durban;;Full-time;FALSE;March;TRUE
1450102;Cloud Engineer;Durban;;Full-time;FALSE;March;FALSE
1452600;Cloud Engineer;Durban;;Full-time;FALSE;March;FALSE
1305666;Senior Data Engineer;Durban;;Full-time;FALSE;January;TRUE
1316830;Cloud Engineer;Durban;;Full-time;FALSE;January;FALSE
1336126;Data Scientist;Durban;;Full-time;FALSE;January;FALSE
1336838;Data Scientist;Durban;;Full-time;FALSE;January;FALSE
1526573;Data Analyst;Durban;;Full-time;FALSE;April;FALSE
1455269;Cloud Engineer;Durban;;Full-time;FALSE;March;FALSE
1458306;Cloud Engineer;Durban;;Full-time;FALSE;March;FALSE
1460700;Cloud Engineer;Durban;;Full-time;FALSE;March;FALSE
1469380;Cloud Engineer;Durban;;Full-time;FALSE;March;FALSE
1471942;Cloud Engineer;Durban;;Full-time;FALSE;March;FALSE
1474691;Cloud Engineer;Durban;;Full-time;FALSE;March;FALSE
1480972;Cloud Engineer;Durban;;Full-time;FALSE;March;TRUE
1484716;Cloud Engineer;Durban;;Full-time;FALSE;March;TRUE
1499325;Cloud Engineer;Durban;;Full-time;FALSE;March;FALSE
1502100;Senior Data Engineer;Durban;;Full-time;FALSE;April;FALSE
1503164;Software Engineer;Durban;;Full-time;FALSE;April;TRUE
1504318;Senior Data Engineer;Durban;;Full-time;FALSE;April;TRUE
1510217;Senior Data Scientist;Durban;;Full-time;FALSE;April;FALSE
1518911;Software Engineer;Durban;;Full-time;FALSE;April;FALSE
1522673;Data Scientist;Durban;;Full-time;FALSE;April;TRUE
1522776;Data Analyst;Durban;;Full-time;FALSE;April;FALSE
1527233;Business Analyst;Durban;;Full-time;FALSE;April;FALSE
1528016;Cloud Engineer;Durban;;Full-time;FALSE;April;TRUE
1528648;Senior Data Engineer;Durban;;Full-time;FALSE;April;FALSE
1530892;Data Scientist;Durban;;Full-time;FALSE;April;FALSE
1533771;Software Engineer;Durban;;Full-time;FALSE;April;TRUE
1533884;Cloud Engineer;Durban;;Full-time;FALSE;April;FALSE
1535139;Data Analyst;Durban;;Full-time;FALSE;April;FALSE
1535547;Software Engineer;Durban;;Full-time;FALSE;April;TRUE
1548961;Machine Learning Engineer;Durban;;Full-time;FALSE;May;FALSE
1551501;Data Analyst;Durban;;Full-time;FALSE;May;TRUE
1552230;Business Analyst;Durban;;Full-time;FALSE;May;FALSE
1552411;Data Analyst;Durban;;Full-time;FALSE;May;FALSE
1552661;Software Engineer;Durban;;Full-time;FALSE;May;FALSE
1556029;Data Analyst;Durban;;Full-time;FALSE;May;TRUE
1564890;Software Engineer;Durban;;Full-time;FALSE;May;TRUE
1567274;Data Scientist;Durban;;Full-time;FALSE;May;TRUE
1567580;Business Analyst;Durban;;Full-time;FALSE;May;TRUE
1569711;Cloud Engineer;Durban;;Full-time;FALSE;May;FALSE
1569956;Software Engineer;Durban;;Full-time;FALSE;May;FALSE
1571693;Cloud Engineer;Durban;;Full-time;FALSE;May;TRUE
1572969;Business Analyst;Durban;;Full-time;FALSE;May;TRUE
1578552;Data Scientist;Anywhere;;Full-time;TRUE;May;FALSE
1583318;Senior Data Analyst;Anywhere;;Full-time;TRUE;May;TRUE
1585298;Data Analyst;Anywhere;;Full-time;TRUE;May;TRUE
1590676;Data Analyst;Anywhere;;Full-time;TRUE;June;FALSE
1591187;Data Analyst;Anywhere;;Full-time;TRUE;June;FALSE
1591740;Data Analyst;Anywhere;;Full-time;TRUE;June;FALSE
1592539;Data Analyst;Anywhere;;Full-time;TRUE;June;FALSE
1592673;Machine Learning Engineer;Anywhere;;Full-time;TRUE;June;FALSE
1592715;Senior Data Analyst;Anywhere;;Full-time;TRUE;June;FALSE
1592716;Business Analyst;Anywhere;;Full-time;TRUE;June;FALSE
1593259;Data Analyst;Anywhere;;Full-time;TRUE;June;FALSE
1593332;Cloud Engineer;Anywhere;;Full-time;TRUE;June;FALSE
1599993;Software Engineer;Anywhere;;Full-time;TRUE;June;TRUE
1599994;Software Engineer;Anywhere;;Full-time;TRUE;June;TRUE
1600206;Data Analyst;Anywhere;;Full-time;TRUE;June;TRUE
1606951;Software Engineer;Anywhere;;Full-time;TRUE;June;FALSE
1607993;Software Engineer;Anywhere;;Full-time;TRUE;June;TRUE
1608588;Cloud Engineer;Anywhere;;Full-time;TRUE;June;FALSE
1615043;Data Analyst;Anywhere;;Full-time;TRUE;June;FALSE
1352092;Cloud Engineer;Anywhere;;Full-time;TRUE;February;TRUE
1360473;Data Analyst;Anywhere;;Full-time;TRUE;February;TRUE
1360474;Data Analyst;Anywhere;;Full-time;TRUE;February;FALSE
1360476;Senior Data Analyst;Anywhere;;Full-time;TRUE;February;FALSE
1416795;Data Scientist;Anywhere;;Full-time;TRUE;February;FALSE
1425884;Data Analyst;Anywhere;;Full-time;TRUE;February;FALSE
1438182;Data Scientist;Anywhere;;Full-time;TRUE;March;FALSE
1438243;Data Analyst;Anywhere;;Full-time;TRUE;March;TRUE
1441123;Senior Data Scientist;Anywhere;;Full-time;TRUE;March;FALSE
1443596;Data Analyst;Anywhere;;Full-time;TRUE;March;TRUE
1443600;Senior Data Scientist;Anywhere;;Full-time;TRUE;March;FALSE
1276249;Data Analyst;Anywhere;;Full-time;TRUE;January;FALSE
1276251;Data Analyst;Anywhere;;Full-time;TRUE;January;FALSE
1281634;Data Scientist;Anywhere;;Full-time;TRUE;January;FALSE
1282006;Cloud Engineer;Anywhere;;Full-time;TRUE;January;TRUE
1288398;Senior Data Engineer;Anywhere;;Full-time;TRUE;January;FALSE
1288685;Data Scientist;Anywhere;;Full-time;TRUE;January;FALSE
1289749;Data Scientist;Anywhere;;Full-time;TRUE;January;FALSE
1291583;Data Analyst;Anywhere;;Full-time;TRUE;January;FALSE
1299099;Data Scientist;Anywhere;;Full-time;TRUE;January;FALSE
1299577;Senior Data Scientist;Anywhere;;Full-time;TRUE;January;TRUE
1308054;Data Analyst;Anywhere;;Full-time;TRUE;January;FALSE
1312843;Data Analyst;Anywhere;;Full-time;TRUE;January;FALSE
1317306;Data Analyst;Anywhere;;Full-time;TRUE;January;FALSE
1320803;Machine Learning Engineer;Anywhere;;Full-time;TRUE;January;FALSE
1329756;Data Analyst;Anywhere;;Full-time;TRUE;January;TRUE
1329760;Data Scientist;Anywhere;;Full-time;TRUE;January;FALSE
1335476;Data Scientist;Anywhere;;Full-time;TRUE;January;FALSE
1483111;Senior Data Scientist;Anywhere;;Full-time;TRUE;March;FALSE
1505794;Data Analyst;Anywhere;;Full-time;TRUE;April;TRUE
1514639;Data Analyst;Anywhere;;Full-time;TRUE;April;TRUE
1515021;Data Analyst;Anywhere;;Full-time;TRUE;April;TRUE
1518506;Senior Data Engineer;Anywhere;;Full-time;TRUE;April;TRUE
1519581;Data Scientist;Anywhere;;Full-time;TRUE;April;FALSE
1520802;Data Scientist;Anywhere;;Full-time;TRUE;April;FALSE
1522775;Machine Learning Engineer;Anywhere;;Full-time;TRUE;April;FALSE
1528897;Senior Data Analyst;Anywhere;;Full-time;TRUE;April;TRUE
1529268;Software Engineer;Anywhere;;Full-time;TRUE;April;FALSE
1535770;Business Analyst;Anywhere;;Full-time;TRUE;April;FALSE
1569467;Data Analyst;Anywhere;;Full-time;TRUE;May;FALSE
1569468;Data Analyst;Anywhere;;Full-time;TRUE;May;FALSE
1569470;Senior Data Engineer;Anywhere;;Full-time;TRUE;May;FALSE
1571384;Senior Data Scientist;Anywhere;;Full-time;TRUE;May;FALSE
1571923;Software Engineer;Anywhere;;Full-time;TRUE;May;FALSE
1574235;Data Analyst;Anywhere;;Full-time;TRUE;May;TRUE
1580238;Business Analyst;Midrand;;Full-time;FALSE;May;FALSE
1580545;Cloud Engineer;Midrand;;Full-time;FALSE;May;FALSE
1577697;Business Analyst;Boksburg;;Full-time;FALSE;May;TRUE
1579535;Business Analyst;Kraaifontein;;Full-time;FALSE;May;TRUE
1579547;Data Analyst;uMhlanga;;Full-time;FALSE;May;TRUE
1583751;Data Scientist;Stellenbosch;;Full-time;FALSE;May;FALSE
1586838;Software Engineer;Gqeberha;;Full-time;FALSE;May;TRUE
1591460;Data Scientist;Stellenbosch;;Full-time;FALSE;June;FALSE
1591519;Data Analyst;Alberton;;Full-time;FALSE;June;TRUE
1591737;Business Analyst;Kimberley;;Full-time;FALSE;June;FALSE
1591744;Data Analyst;Kariega;;Full-time;FALSE;June;FALSE
1592135;Software Engineer;Knysna;;Full-time;FALSE;June;FALSE
1592432;Software Engineer;Eastern Cape;;Full-time;FALSE;June;FALSE
1592777;Business Analyst;Kempton Park;;Full-time;FALSE;June;FALSE
1593038;Software Engineer;Gqeberha;;Full-time;FALSE;June;FALSE
1594080;Senior Data Engineer;South Africa (+6 others);;Full-time;FALSE;June;TRUE
1596647;Data Analyst;George;;Full-time;FALSE;June;FALSE
1604172;Data Scientist;Paarl;;Full-time;FALSE;June;FALSE
1605521;Data Analyst;Diepsloot;;Full-time;FALSE;June;FALSE
1606332;Software Engineer;Gauteng;;Full-time;FALSE;June;TRUE
1606953;Software Engineer;Kempton Park;;Full-time;FALSE;June;FALSE
1607413;Machine Learning Engineer;Midrand;;Full-time;FALSE;June;FALSE
1607733;Senior Data Engineer;Germiston;;Full-time;FALSE;June;FALSE
1607803;Cloud Engineer;Midrand;;Full-time;FALSE;June;TRUE
1608264;Business Analyst;Gqeberha;;Full-time;FALSE;June;FALSE
1608334;Data Analyst;Bloemfontein;;Full-time;FALSE;June;TRUE
1609012;Data Analyst;Bloemfontein;;Full-time;FALSE;June;TRUE
1610303;Data Analyst;Mangaung;;Full-time;FALSE;June;TRUE
1610308;Cloud Engineer;Gqeberha;;Full-time;FALSE;June;FALSE
1610391;Business Analyst;Knysna;;Full-time;FALSE;June;FALSE
1610834;Software Engineer;uMhlanga;;Full-time;FALSE;June;FALSE
1614300;Software Engineer;Stellenbosch;;Full-time;FALSE;June;FALSE
1617835;Software Engineer;Soweto;;Full-time;FALSE;June;FALSE
1618424;Cloud Engineer;Richards Bay;;Full-time;FALSE;June;FALSE
1423732;Data Scientist;Bloemfontein;;Full-time;FALSE;February;TRUE
1423735;Data Scientist;Bloemfontein;;Full-time;FALSE;February;TRUE
1423772;Senior Data Scientist;Midrand;;Full-time;FALSE;February;TRUE
1423783;Data Scientist;Midrand;;Full-time;FALSE;February;TRUE
1423785;Data Scientist;uMhlanga;;Full-time;FALSE;February;FALSE
1423985;Data Scientist;Bloemfontein;;Full-time;FALSE;February;FALSE
1423988;Data Scientist;Midrand;;Full-time;FALSE;February;FALSE
1341622;Business Analyst;uMhlanga;;Full-time;FALSE;January;FALSE
1343552;Business Analyst;Newcastle;;Full-time;FALSE;January;FALSE
1353411;Machine Learning Engineer;Potchefstroom;;Full-time;FALSE;February;TRUE
1353413;Cloud Engineer;Marble Hall;;Full-time;FALSE;February;TRUE
1353415;Business Analyst;Sasolburg;;Full-time;FALSE;February;TRUE
1360077;Senior Data Engineer;Midrand;;Full-time;FALSE;February;TRUE
1361725;Cloud Engineer;Johannesburg South;;Full-time;FALSE;February;TRUE
1365345;Software Engineer;Mbombela;;Full-time;FALSE;February;TRUE
1367587;Software Engineer;Mbombela;;Full-time;FALSE;February;TRUE
1369883;Software Engineer;Mbombela;;Full-time;FALSE;February;TRUE
1371678;Business Analyst;Midrand;;Full-time;FALSE;February;FALSE
1372407;Software Engineer;Ballito;;Full-time;FALSE;February;TRUE
1372496;Software Engineer;Mbombela;;Full-time;FALSE;February;TRUE
1374346;Business Analyst;Midrand;;Full-time;FALSE;February;FALSE
1375096;Software Engineer;Ballito;;Full-time;FALSE;February;TRUE
1375196;Software Engineer;Mbombela;;Full-time;FALSE;February;TRUE
1377234;Business Analyst;Midrand;;Full-time;FALSE;February;FALSE
1378058;Software Engineer;Ballito;;Full-time;FALSE;February;TRUE
1378175;Software Engineer;Mbombela;;Full-time;FALSE;February;TRUE
1380062;Software Engineer;Soweto;;Full-time;FALSE;February;TRUE
1380542;Business Analyst;Midrand;;Full-time;FALSE;February;FALSE
1381494;Software Engineer;Ballito;;Full-time;FALSE;February;TRUE
1381585;Software Engineer;Mbombela;;Full-time;FALSE;February;TRUE
1383373;Business Analyst;Midrand;;Full-time;FALSE;February;FALSE
1384100;Software Engineer;Ballito;;Full-time;FALSE;February;TRUE
1384189;Software Engineer;Mbombela;;Full-time;FALSE;February;TRUE
1386004;Business Analyst;Midrand;;Full-time;FALSE;February;FALSE
1386744;Software Engineer;Ballito;;Full-time;FALSE;February;TRUE
1386829;Software Engineer;Mbombela;;Full-time;FALSE;February;TRUE
1389221;Software Engineer;Ballito;;Full-time;FALSE;February;TRUE
1389320;Software Engineer;Mbombela;;Full-time;FALSE;February;TRUE
1391328;Business Analyst;Midrand;;Full-time;FALSE;February;FALSE
1392140;Software Engineer;Ballito;;Full-time;FALSE;February;TRUE
1392236;Software Engineer;Mbombela;;Full-time;FALSE;February;TRUE
1394182;Business Analyst;Midrand;;Full-time;FALSE;February;FALSE
1394974;Software Engineer;Ballito;;Full-time;FALSE;February;TRUE
1395094;Software Engineer;Mbombela;;Full-time;FALSE;February;TRUE
1397059;Software Engineer;Soweto;;Full-time;FALSE;February;TRUE
1397558;Business Analyst;Midrand;;Full-time;FALSE;February;FALSE
1398556;Software Engineer;Ballito;;Full-time;FALSE;February;TRUE
1398684;Software Engineer;Mbombela;;Full-time;FALSE;February;TRUE
1400942;Software Engineer;Soweto;;Full-time;FALSE;February;TRUE
1401521;Business Analyst;Midrand;;Full-time;FALSE;February;FALSE
1402652;Software Engineer;Ballito;;Full-time;FALSE;February;TRUE
1402753;Software Engineer;Mbombela;;Full-time;FALSE;February;TRUE
1404779;Business Analyst;Midrand;;Full-time;FALSE;February;FALSE
1405597;Software Engineer;Ballito;;Full-time;FALSE;February;TRUE
1405691;Software Engineer;Mbombela;;Full-time;FALSE;February;TRUE
1407572;Business Analyst;Midrand;;Full-time;FALSE;February;FALSE
1408339;Software Engineer;Ballito;;Full-time;FALSE;February;TRUE
1408429;Software Engineer;Mbombela;;Full-time;FALSE;February;TRUE
1410235;Business Analyst;Midrand;;Full-time;FALSE;February;FALSE
1410972;Software Engineer;Ballito;;Full-time;FALSE;February;TRUE
1411075;Software Engineer;Mbombela;;Full-time;FALSE;February;TRUE
1413225;Business Analyst;Midrand;;Full-time;FALSE;February;FALSE
1414076;Software Engineer;Ballito;;Full-time;FALSE;February;TRUE
1414188;Software Engineer;Mbombela;;Full-time;FALSE;February;TRUE
1415996;Software Engineer;Soweto;;Full-time;FALSE;February;TRUE
1416464;Business Analyst;Midrand;;Full-time;FALSE;February;FALSE
1418905;Software Engineer;Ballito;;Full-time;FALSE;February;TRUE
1421608;Senior Data Scientist;Bloemfontein;;Full-time;FALSE;February;FALSE
1425669;Machine Learning Engineer;Kathu;;Full-time;FALSE;February;FALSE
1430720;Business Analyst;Kimberley;;Full-time;FALSE;March;FALSE
1430721;Data Scientist;Bloemfontein;;Full-time;FALSE;March;FALSE
1432413;Machine Learning Engineer;Bethlehem;;Full-time;FALSE;March;FALSE
1432668;Data Analyst;Adelaide;;Full-time;FALSE;March;TRUE
1435014;Data Analyst;George;;Full-time;FALSE;March;TRUE
1436244;Data Analyst;George;;Full-time;FALSE;March;FALSE
1438019;Cloud Engineer;Bethlehem;;Full-time;FALSE;March;TRUE
1438241;Data Analyst;Bloemfontein;;Full-time;FALSE;March;FALSE
1442224;Cloud Engineer;Westville;;Full-time;FALSE;March;FALSE
1442227;Software Engineer;Westville;;Full-time;FALSE;March;FALSE
1445521;Senior Data Engineer;Gqeberha;;Full-time;FALSE;March;TRUE
1445533;Senior Data Scientist;Gqeberha;;Full-time;FALSE;March;FALSE
1445538;Software Engineer;Boksburg;;Full-time;FALSE;March;FALSE
1451985;Senior Data Scientist;Bloemfontein;;Full-time;FALSE;March;FALSE
1276254;Senior Data Engineer;Midrand;;Full-time;FALSE;January;FALSE
1277451;Data Analyst;Gqeberha;;Full-time;FALSE;January;FALSE
1280165;Software Engineer;Wellington;;Full-time;FALSE;January;TRUE
1280678;Data Analyst;Kempton Park;;Full-time;FALSE;January;TRUE
1283740;Senior Data Scientist;Alberton;;Full-time;FALSE;January;FALSE
1284282;Data Analyst;Kempton Park;;Full-time;FALSE;January;TRUE
1284283;Data Scientist;Midrand;;Full-time;FALSE;January;FALSE
1284662;Senior Data Engineer;Midrand;;Full-time;FALSE;January;FALSE
1287580;Senior Data Engineer;Stellenbosch;;Full-time;FALSE;January;TRUE
1289314;Machine Learning Engineer;South Africa (+1 other);;Full-time;FALSE;January;FALSE
1291309;Data Analyst;Bloemfontein;;Full-time;FALSE;January;TRUE
1291310;Data Analyst;Kraaifontein;;Full-time;FALSE;January;TRUE
1291311;Data Analyst;Bloemfontein;;Full-time;FALSE;January;TRUE
1291313;Data Analyst;KwaNojoli;;Full-time;FALSE;January;TRUE
1295541;Business Analyst;Bloemfontein;;Full-time;FALSE;January;TRUE
1296888;Data Analyst;Knysna;;Full-time;FALSE;January;TRUE
1299098;Data Analyst;Adelaide;;Full-time;FALSE;January;TRUE
1300777;Data Scientist;Gauteng;;Full-time;FALSE;January;FALSE
1302839;Data Analyst;George;;Full-time;FALSE;January;TRUE
1305607;Senior Data Engineer;Gauteng;;Full-time;FALSE;January;FALSE
1305662;Data Analyst;Adelaide;;Full-time;FALSE;January;TRUE
1314268;Data Scientist;Knysna;;Full-time;FALSE;January;FALSE
1314271;Business Analyst;Kloof;;Full-time;FALSE;January;FALSE
1314651;Data Scientist;Midrand;;Full-time;FALSE;January;FALSE
1315067;Data Analyst;Diepsloot;;Full-time;FALSE;January;FALSE
1316247;Business Analyst;Stellenbosch;;Full-time;FALSE;January;TRUE
1318014;Data Analyst;Boksburg;;Full-time;FALSE;January;FALSE
1320039;Data Analyst;Adelaide;;Full-time;FALSE;January;FALSE
1320040;Data Analyst;South Africa (+1 other);;Full-time;FALSE;January;FALSE
1320494;Business Analyst;Bloemfontein;;Full-time;FALSE;January;FALSE
1320501;Data Analyst;Midrand;;Full-time;FALSE;January;TRUE
1320503;Data Scientist;Ballito;;Full-time;FALSE;January;FALSE
1321436;Software Engineer;Gqeberha;;Full-time;FALSE;January;TRUE
1323456;Data Analyst;George;;Full-time;FALSE;January;FALSE
1326055;Data Scientist;Knysna;;Full-time;FALSE;January;FALSE
1326859;Data Analyst;Boksburg;;Full-time;FALSE;January;FALSE
1328381;Data Analyst;George;;Full-time;FALSE;January;FALSE
1330728;Software Engineer;Germiston;;Full-time;FALSE;January;FALSE
1331844;Data Analyst;Kimberley;;Full-time;FALSE;January;TRUE
1335899;Data Analyst;Kempton Park;;Full-time;FALSE;January;FALSE
1335900;Data Scientist;Midrand;;Full-time;FALSE;January;FALSE
1338313;Data Analyst;George;;Full-time;FALSE;January;FALSE
1340710;Cloud Engineer;Marble Hall;;Full-time;FALSE;January;TRUE
1495974;Cloud Engineer;Midrand;;Full-time;FALSE;March;TRUE
1496305;Cloud Engineer;Midrand;;Full-time;FALSE;March;TRUE
1496910;Data Scientist;Bloemfontein;;Full-time;FALSE;March;FALSE
1496911;Data Scientist;Knysna;;Full-time;FALSE;March;FALSE
1496915;Cloud Engineer;Stellenbosch;;Full-time;FALSE;March;TRUE
1496988;Data Analyst;Bloemfontein;;Full-time;FALSE;March;TRUE
1496989;Data Scientist;Knysna;;Full-time;FALSE;March;FALSE
1496991;Data Analyst;Bloemfontein;;Full-time;FALSE;March;FALSE
1496992;Business Analyst;Kimberley;;Full-time;FALSE;March;FALSE
1497015;Data Scientist;Kempton Park;;Full-time;FALSE;March;TRUE
1497020;Senior Data Engineer;Stellenbosch;;Full-time;FALSE;March;TRUE
1525084;Software Engineer;Stellenbosch;;Full-time;FALSE;April;TRUE
1525979;Cloud Engineer;Midrand;;Full-time;FALSE;April;FALSE
1525983;Software Engineer;Soweto;;Full-time;FALSE;April;TRUE
1525992;Software Engineer;Midrand;;Full-time;FALSE;April;FALSE
1525998;Cloud Engineer;Stellenbosch;;Full-time;FALSE;April;TRUE
1526087;Senior Data Scientist;Bloemfontein;;Full-time;FALSE;April;FALSE
1526088;Data Scientist;Bloemfontein;;Full-time;FALSE;April;FALSE
1526113;Data Analyst;uMhlanga;;Full-time;FALSE;April;TRUE
1526116;Data Analyst;uMhlanga;;Full-time;FALSE;April;FALSE
1526224;Cloud Engineer;Ballito;;Full-time;FALSE;April;TRUE
1526428;Machine Learning Engineer;Pinetown;;Full-time;FALSE;April;TRUE
1454604;Senior Data Scientist;Bloemfontein;;Full-time;FALSE;March;FALSE
1457550;Senior Data Scientist;Bloemfontein;;Full-time;FALSE;March;FALSE
1471307;Senior Data Scientist;Bloemfontein;;Full-time;FALSE;March;FALSE
1474009;Senior Data Scientist;Bloemfontein;;Full-time;FALSE;March;FALSE
1479199;Software Engineer;Middelburg;;Full-time;FALSE;March;TRUE
1479200;Machine Learning Engineer;Plettenberg Bay;;Full-time;FALSE;March;TRUE
1479205;Data Scientist;Richards Bay;;Full-time;FALSE;March;FALSE
1479208;Software Engineer;Hermanus;;Full-time;FALSE;March;TRUE
1479210;Software Engineer;Mbombela;;Full-time;FALSE;March;TRUE
1479350;Software Engineer;Stellenbosch;;Full-time;FALSE;March;TRUE
1480968;Senior Data Scientist;Roodepoort;;Full-time;FALSE;March;TRUE
1482909;Cloud Engineer;Mthatha;;Full-time;FALSE;March;TRUE
1482910;Software Engineer;Sasolburg;;Full-time;FALSE;March;TRUE
1482911;Software Engineer;Lephalale;;Full-time;FALSE;March;FALSE
1482912;Cloud Engineer;Mossel Bay;;Full-time;FALSE;March;TRUE
1482913;Software Engineer;Sasolburg;;Full-time;FALSE;March;TRUE
1482914;Data Analyst;Lephalale;;Full-time;FALSE;March;TRUE
1490287;Data Analyst;Bloemfontein;;Full-time;FALSE;March;FALSE
1493393;Data Analyst;Hotazel;;Full-time;FALSE;March;TRUE
1493584;Data Analyst;George;;Full-time;FALSE;March;FALSE
1493585;Business Analyst;Midrand;;Full-time;FALSE;March;TRUE
1493762;Data Scientist;Mbombela;;Full-time;FALSE;March;FALSE
1493763;Senior Data Scientist;Mbombela;;Full-time;FALSE;March;TRUE
1493861;Data Analyst;Bloemfontein;;Full-time;FALSE;March;FALSE
1493866;Software Engineer;Gqeberha;;Full-time;FALSE;March;FALSE
1493867;Software Engineer;uMhlanga;;Full-time;FALSE;March;TRUE
1493869;Cloud Engineer;uMhlanga;;Full-time;FALSE;March;TRUE
1494207;Data Scientist;Midrand;;Full-time;FALSE;March;TRUE
1494525;Senior Data Scientist;Midrand;;Full-time;FALSE;March;FALSE
1494527;Software Engineer;Mbombela;;Full-time;FALSE;March;TRUE
1494791;Senior Data Engineer;Bloemfontein;;Full-time;FALSE;March;TRUE
1494795;Software Engineer;Midrand;;Full-time;FALSE;March;TRUE
1494796;Data Analyst;Midrand;;Full-time;FALSE;March;FALSE
1499326;Cloud Engineer;uMhlanga;;Full-time;FALSE;March;TRUE
1501509;Cloud Engineer;Ballito;;Full-time;FALSE;March;TRUE
1501911;Cloud Engineer;uMhlanga;;Full-time;FALSE;April;TRUE
1502934;Software Engineer;uMhlanga;;Full-time;FALSE;April;TRUE
1503778;Cloud Engineer;uMhlanga;;Full-time;FALSE;April;TRUE
1505048;Data Scientist;Kathu;;Full-time;FALSE;April;TRUE
1505049;Cloud Engineer;Queensburgh;;Full-time;FALSE;April;FALSE
1507706;Business Analyst;Ibhayi;;Full-time;FALSE;April;TRUE
1508907;Data Analyst;Vanderbijlpark;;Full-time;FALSE;April;TRUE
1508909;Software Engineer;Nigel;;Full-time;FALSE;April;FALSE
1509225;Cloud Engineer;Stellenbosch;;Full-time;FALSE;April;FALSE
1509558;Software Engineer;Bryanston;;Full-time;FALSE;April;TRUE
1509959;Software Engineer;Ibhayi;;Full-time;FALSE;April;TRUE
1512783;Data Analyst;George;;Full-time;FALSE;April;FALSE
1514425;Cloud Engineer;Brits;;Full-time;FALSE;April;FALSE
1514640;Cloud Engineer;Stellenbosch;;Full-time;FALSE;April;TRUE
1514642;Cloud Engineer;Stellenbosch;;Full-time;FALSE;April;TRUE
1514923;Cloud Engineer;uMhlanga;;Full-time;FALSE;April;FALSE
1514926;Cloud Engineer;Midrand;;Full-time;FALSE;April;TRUE
1514927;Software Engineer;Roodepoort;;Full-time;FALSE;April;TRUE
1515022;Data Analyst;George;;Full-time;FALSE;April;FALSE
1517202;Senior Data Analyst;Bloemfontein;;Full-time;FALSE;April;FALSE
1517605;Machine Learning Engineer;Durban North;;Full-time;FALSE;April;FALSE
1517608;Software Engineer;uMhlanga;;Full-time;FALSE;April;FALSE
1517769;Software Engineer;uMhlanga;;Full-time;FALSE;April;FALSE
1518332;Data Scientist;Mbombela;;Full-time;FALSE;April;FALSE
1518512;Cloud Engineer;uMhlanga;;Full-time;FALSE;April;TRUE
1518513;Software Engineer;uMhlanga;;Full-time;FALSE;April;TRUE
1518676;Machine Learning Engineer;Stellenbosch;;Full-time;FALSE;April;FALSE
1519334;Business Analyst;Kariega;;Full-time;FALSE;April;FALSE
1519750;Business Analyst;Midrand;;Full-time;FALSE;April;TRUE
1519980;Software Engineer;Roodepoort;;Full-time;FALSE;April;TRUE
1520362;Data Scientist;Midrand;;Full-time;FALSE;April;FALSE
1520363;Machine Learning Engineer;Midrand;;Full-time;FALSE;April;FALSE
1520806;Data Analyst;Roodepoort;;Full-time;FALSE;April;FALSE
1521051;Senior Data Scientist;KwaMashu;;Full-time;FALSE;April;FALSE
1521265;Cloud Engineer;Midrand;;Full-time;FALSE;April;FALSE
1522659;Data Analyst;Midrand;;Full-time;FALSE;April;TRUE
1522661;Data Scientist;Roodepoort;;Full-time;FALSE;April;FALSE
1522663;Machine Learning Engineer;Durban North;;Full-time;FALSE;April;FALSE
1522665;Senior Data Scientist;Mbombela;;Full-time;FALSE;April;FALSE
1522670;Data Scientist;Durban North;;Full-time;FALSE;April;FALSE
1522671;Software Engineer;Gqeberha;;Full-time;FALSE;April;TRUE
1522672;Cloud Engineer;Stellenbosch;;Full-time;FALSE;April;FALSE
1522678;Software Engineer;Stellenbosch;;Full-time;FALSE;April;TRUE
1522885;Data Analyst;Kathu;;Full-time;FALSE;April;TRUE
1522888;Data Scientist;Roodepoort;;Full-time;FALSE;April;TRUE
1522891;Cloud Engineer;Rustenburg;;Full-time;FALSE;April;FALSE
1523058;Cloud Engineer;Nottingham Road;;Full-time;FALSE;April;FALSE
1523805;Business Analyst;Midrand;;Full-time;FALSE;April;FALSE
1526906;Business Analyst;Midrand;;Full-time;FALSE;April;FALSE
1528471;Cloud Engineer;Gauteng;;Full-time;FALSE;April;TRUE
1528763;Senior Data Engineer;Stellenbosch;;Full-time;FALSE;April;FALSE
1529449;Data Analyst;Knysna;;Full-time;FALSE;April;FALSE
1529450;Software Engineer;uMhlanga;;Full-time;FALSE;April;TRUE
1529451;Cloud Engineer;Rustenburg;;Full-time;FALSE;April;TRUE
1529453;Cloud Engineer;Gqeberha;;Full-time;FALSE;April;TRUE
1529454;Cloud Engineer;Gqeberha;;Full-time;FALSE;April;TRUE
1530299;Software Engineer;Stellenbosch;;Full-time;FALSE;April;FALSE
1530369;Cloud Engineer;Knysna;;Full-time;FALSE;April;TRUE
1530418;Senior Data Scientist;uMhlanga;;Full-time;FALSE;April;TRUE
1530793;Data Scientist;Bloemfontein;;Full-time;FALSE;April;FALSE
1530797;Software Engineer;Germiston;;Full-time;FALSE;April;FALSE
1530798;Cloud Engineer;Stellenbosch;;Full-time;FALSE;April;FALSE
1530887;Senior Data Scientist;Bloemfontein;;Full-time;FALSE;April;FALSE
1530889;Software Engineer;George;;Full-time;FALSE;April;TRUE
1530893;Cloud Engineer;Kempton Park;;Full-time;FALSE;April;FALSE
1531269;Software Engineer;Roodepoort;;Full-time;FALSE;April;TRUE
1531580;Software Engineer;Velddrif;;Full-time;FALSE;April;FALSE
1532460;Data Analyst;Midrand;;Full-time;FALSE;April;TRUE
1532688;Machine Learning Engineer;Vereeniging;;Full-time;FALSE;April;TRUE
1533699;Data Analyst;George;;Full-time;FALSE;April;FALSE
1533703;Software Engineer;Stellenbosch;;Full-time;FALSE;April;FALSE
1533704;Software Engineer;Midrand;;Full-time;FALSE;April;TRUE
1533770;Software Engineer;KwaMashu;;Full-time;FALSE;April;TRUE
1533886;Cloud Engineer;uMhlanga;;Full-time;FALSE;April;TRUE
1533888;Cloud Engineer;Vereeniging;;Full-time;FALSE;April;FALSE
1533890;Business Analyst;Gqeberha;;Full-time;FALSE;April;TRUE
1534447;Data Scientist;George;;Full-time;FALSE;April;FALSE
1534448;Data Analyst;George;;Full-time;FALSE;April;FALSE
1534449;Data Scientist;George;;Full-time;FALSE;April;FALSE
1534714;Cloud Engineer;Midrand;;Full-time;FALSE;April;TRUE
1535327;Data Scientist;Knysna;;Full-time;FALSE;April;FALSE
1535610;Software Engineer;Midrand;;Full-time;FALSE;April;FALSE
1535612;Software Engineer;Midrand;;Full-time;FALSE;April;TRUE
1547533;Data Analyst;Kathu;;Full-time;FALSE;May;TRUE
1548956;Senior Data Analyst;Stellenbosch;;Full-time;FALSE;May;FALSE
1551316;Business Analyst;Stellenbosch;;Full-time;FALSE;May;TRUE
1551934;Data Analyst;George;;Full-time;FALSE;May;FALSE
1552164;Business Analyst;Vereeniging;;Full-time;FALSE;May;TRUE
1552412;Cloud Engineer;Boksburg;;Full-time;FALSE;May;FALSE
1552660;Business Analyst;Stellenbosch;;Full-time;FALSE;May;TRUE
1555213;Business Analyst;Gqeberha;;Full-time;FALSE;May;TRUE
1555948;Data Scientist;Midrand;;Full-time;FALSE;May;FALSE
1558514;Data Scientist;Johannesburg South;;Full-time;FALSE;May;FALSE
1558741;Software Engineer;Umhlanga Rocks;;Full-time;FALSE;May;TRUE
1558742;Cloud Engineer;Kariega;;Full-time;FALSE;May;FALSE
1564888;Business Analyst;Stellenbosch;;Full-time;FALSE;May;FALSE
1565810;Data Analyst;George;;Full-time;FALSE;May;FALSE
1566078;Software Engineer;Knysna;;Full-time;FALSE;May;TRUE
1566349;Software Engineer;Kempton Park;;Full-time;FALSE;May;FALSE
1566401;Business Analyst;Kathu;;Full-time;FALSE;May;FALSE
1567677;Business Analyst;Benoni;;Full-time;FALSE;May;TRUE
1568479;Data Analyst;Gauteng;;Full-time;FALSE;May;TRUE
1568586;Senior Data Scientist;Stellenbosch;;Full-time;FALSE;May;FALSE
1568845;Software Engineer;George;;Full-time;FALSE;May;TRUE
1568847;Data Analyst;Bloemfontein;;Full-time;FALSE;May;TRUE
1570107;Data Scientist;Westville;;Full-time;FALSE;May;FALSE
1570108;Business Analyst;KwaMashu;;Full-time;FALSE;May;FALSE
1570173;Cloud Engineer;Springs;;Full-time;FALSE;May;FALSE
1570682;Cloud Engineer;Midrand;;Full-time;FALSE;May;TRUE
1571689;Software Engineer;Oudtshoorn;;Full-time;FALSE;May;FALSE
1571690;Software Engineer;Gqeberha;;Full-time;FALSE;May;TRUE
1571922;Business Analyst;Stellenbosch;;Full-time;FALSE;May;FALSE
1572003;Cloud Engineer;Gqeberha;;Full-time;FALSE;May;TRUE
1572005;Data Scientist;Gqeberha;;Full-time;FALSE;May;TRUE
1572575;Senior Data Analyst;Midrand;;Full-time;FALSE;May;FALSE
1572576;Data Analyst;Roodepoort;;Full-time;FALSE;May;TRUE
1572578;Cloud Engineer;uMhlanga;;Full-time;FALSE;May;TRUE
1572875;Business Analyst;Stellenbosch;;Full-time;FALSE;May;TRUE
1573373;Senior Data Analyst;Bloemfontein;;Full-time;FALSE;May;FALSE
1574611;Business Analyst;Kempton Park;;Full-time;FALSE;May;TRUE
1575376;Cloud Engineer;Midrand;;Full-time;FALSE;May;TRUE
1575621;Software Engineer;East London;;Full-time;FALSE;May;TRUE
1579926;Software Engineer;Western Cape;;Full-time;FALSE;May;TRUE
1588440;Data Analyst;Western Cape;;Full-time;FALSE;June;TRUE
1590411;Business Analyst;Western Cape;;Full-time;FALSE;June;TRUE
1591092;Business Analyst;Western Cape;;Full-time;FALSE;June;FALSE
1591185;Data Analyst;Western Cape;;Full-time;FALSE;June;FALSE
1592537;Data Analyst;Western Cape;;Full-time;FALSE;June;TRUE
1592540;Data Analyst;Western Cape;;Full-time;FALSE;June;FALSE
1596817;Business Analyst;Western Cape;;Full-time;FALSE;June;TRUE
1599990;Data Analyst;Western Cape;;Full-time;FALSE;June;TRUE
1600159;Machine Learning Engineer;Western Cape;;Full-time;FALSE;June;FALSE
1601194;Data Analyst;Western Cape;;Full-time;FALSE;June;FALSE
1609102;Business Analyst;Western Cape;;Full-time;FALSE;June;FALSE
1610087;Senior Data Analyst;Western Cape;;Full-time;FALSE;June;TRUE
1610724;Business Analyst;Western Cape;;Full-time;FALSE;June;FALSE
1423730;Data Scientist;Western Cape;;Full-time;FALSE;February;FALSE
1423731;Data Analyst;Western Cape;;Full-time;FALSE;February;FALSE
1423733;Business Analyst;Western Cape;;Full-time;FALSE;February;FALSE
1423734;Data Analyst;Western Cape;;Full-time;FALSE;February;FALSE
1423736;Data Scientist;Western Cape;;Full-time;FALSE;February;FALSE
1423776;Senior Data Engineer;Western Cape;;Full-time;FALSE;February;FALSE
1423986;Data Scientist;Western Cape;;Full-time;FALSE;February;TRUE
1350810;Data Analyst;Western Cape;;Full-time;FALSE;February;FALSE
1356425;Software Engineer;Western Cape;;Full-time;FALSE;February;TRUE
1357006;Senior Data Analyst;Western Cape;;Full-time;FALSE;February;TRUE
1358795;Senior Data Scientist;Western Cape;;Full-time;FALSE;February;TRUE
1364904;Cloud Engineer;Western Cape;;Full-time;FALSE;February;TRUE
1367094;Cloud Engineer;Western Cape;;Full-time;FALSE;February;TRUE
1369372;Cloud Engineer;Western Cape;;Full-time;FALSE;February;TRUE
1371934;Cloud Engineer;Western Cape;;Full-time;FALSE;February;TRUE
1374607;Cloud Engineer;Western Cape;;Full-time;FALSE;February;TRUE
1377519;Cloud Engineer;Western Cape;;Full-time;FALSE;February;TRUE
1378158;Data Scientist;Western Cape;;Full-time;FALSE;February;FALSE
1380872;Cloud Engineer;Western Cape;;Full-time;FALSE;February;TRUE
1383629;Cloud Engineer;Western Cape;;Full-time;FALSE;February;TRUE
1386262;Cloud Engineer;Western Cape;;Full-time;FALSE;February;TRUE
1388768;Cloud Engineer;Western Cape;;Full-time;FALSE;February;TRUE
1391610;Cloud Engineer;Western Cape;;Full-time;FALSE;February;TRUE
1394456;Cloud Engineer;Western Cape;;Full-time;FALSE;February;TRUE
1395076;Data Scientist;Western Cape;;Full-time;FALSE;February;FALSE
1397898;Cloud Engineer;Western Cape;;Full-time;FALSE;February;TRUE
1398664;Data Scientist;Western Cape;;Full-time;FALSE;February;FALSE
1401907;Cloud Engineer;Western Cape;;Full-time;FALSE;February;TRUE
1405063;Cloud Engineer;Western Cape;;Full-time;FALSE;February;TRUE
1407839;Cloud Engineer;Western Cape;;Full-time;FALSE;February;TRUE
1410492;Cloud Engineer;Western Cape;;Full-time;FALSE;February;TRUE
1413523;Cloud Engineer;Western Cape;;Full-time;FALSE;February;TRUE
1414171;Data Scientist;Western Cape;;Full-time;FALSE;February;FALSE
1417778;Cloud Engineer;Western Cape;;Full-time;FALSE;February;TRUE
1419645;Data Analyst;Western Cape;;Full-time;FALSE;February;TRUE
1422609;Data Analyst;Western Cape;;Full-time;FALSE;February;TRUE
1429208;Data Analyst;Western Cape;;Full-time;FALSE;March;FALSE
1429209;Business Analyst;Western Cape;;Full-time;FALSE;March;FALSE
1429210;Data Analyst;Western Cape;;Full-time;FALSE;March;FALSE
1430858;Data Analyst;Western Cape;;Full-time;FALSE;March;FALSE
1437969;Senior Data Scientist;Western Cape;;Full-time;FALSE;March;TRUE
1438181;Data Analyst;Western Cape;;Full-time;FALSE;March;TRUE
1438242;Data Analyst;Western Cape;;Full-time;FALSE;March;TRUE
1441121;Data Analyst;Western Cape;;Full-time;FALSE;March;TRUE
1445530;Machine Learning Engineer;Western Cape;;Full-time;FALSE;March;FALSE
1446122;Data Analyst;Western Cape;;Full-time;FALSE;March;FALSE
1446251;Data Analyst;Western Cape;;Full-time;FALSE;March;FALSE
1448294;Data Analyst;Western Cape;;Full-time;FALSE;March;FALSE
1448445;Data Analyst;Western Cape;;Full-time;FALSE;March;FALSE
1450702;Data Analyst;Western Cape;;Full-time;FALSE;March;FALSE
1450860;Data Analyst;Western Cape;;Full-time;FALSE;March;FALSE
1276252;Data Analyst;Western Cape;;Full-time;FALSE;January;TRUE
1276253;Data Analyst;Western Cape;;Full-time;FALSE;January;TRUE
1282276;Data Scientist;Western Cape;;Full-time;FALSE;January;TRUE
1287225;Senior Data Analyst;Western Cape;;Full-time;FALSE;January;TRUE
1288686;Business Analyst;Western Cape;;Full-time;FALSE;January;FALSE
1293559;Data Analyst;Western Cape;;Full-time;FALSE;January;FALSE
1297259;Data Analyst;Western Cape;;Full-time;FALSE;January;TRUE
1322791;Data Analyst;Western Cape;;Full-time;FALSE;January;TRUE
1324324;Senior Data Analyst;Western Cape;;Full-time;FALSE;January;FALSE
1334172;Data Scientist;Western Cape;;Full-time;FALSE;January;FALSE
1334173;Data Analyst;Western Cape;;Full-time;FALSE;January;FALSE
1335475;Business Analyst;Western Cape;;Full-time;FALSE;January;FALSE
1338314;Data Analyst;Western Cape;;Full-time;FALSE;January;FALSE
1496302;Data Analyst;Western Cape;;Full-time;FALSE;March;TRUE
1496303;Data Scientist;Western Cape;;Full-time;FALSE;March;FALSE
1496990;Software Engineer;Western Cape;;Full-time;FALSE;March;FALSE
1525704;Data Scientist;Western Cape;;Full-time;FALSE;April;FALSE
1525960;Business Analyst;Western Cape;;Full-time;FALSE;April;TRUE
1525971;Senior Data Scientist;Western Cape;;Full-time;FALSE;April;FALSE
1526086;Senior Data Scientist;Western Cape;;Full-time;FALSE;April;TRUE
1526105;Senior Data Engineer;Western Cape;;Full-time;FALSE;April;TRUE
1526349;Software Engineer;Western Cape;;Full-time;FALSE;April;TRUE
1526350;Data Analyst;Western Cape;;Full-time;FALSE;April;TRUE
1453234;Data Analyst;Western Cape;;Full-time;FALSE;March;FALSE
1453409;Data Analyst;Western Cape;;Full-time;FALSE;March;FALSE
1455966;Data Analyst;Western Cape;;Full-time;FALSE;March;FALSE
1456184;Data Analyst;Western Cape;;Full-time;FALSE;March;FALSE
1458953;Data Analyst;Western Cape;;Full-time;FALSE;March;FALSE
1459099;Data Analyst;Western Cape;;Full-time;FALSE;March;FALSE
1461255;Data Analyst;Western Cape;;Full-time;FALSE;March;FALSE
1461385;Data Analyst;Western Cape;;Full-time;FALSE;March;FALSE
1463371;Data Analyst;Western Cape;;Full-time;FALSE;March;FALSE
1463499;Data Analyst;Western Cape;;Full-time;FALSE;March;FALSE
1465439;Data Analyst;Western Cape;;Full-time;FALSE;March;FALSE
1465573;Data Analyst;Western Cape;;Full-time;FALSE;March;FALSE
1467642;Data Analyst;Western Cape;;Full-time;FALSE;March;FALSE
1467786;Data Analyst;Western Cape;;Full-time;FALSE;March;FALSE
1469974;Data Analyst;Western Cape;;Full-time;FALSE;March;FALSE
1470146;Data Analyst;Western Cape;;Full-time;FALSE;March;FALSE
1472595;Data Analyst;Western Cape;;Full-time;FALSE;March;FALSE
1472778;Data Analyst;Western Cape;;Full-time;FALSE;March;FALSE
1475303;Data Analyst;Western Cape;;Full-time;FALSE;March;FALSE
1475435;Data Analyst;Western Cape;;Full-time;FALSE;March;FALSE
1477455;Data Analyst;Western Cape;;Full-time;FALSE;March;FALSE
1477573;Data Analyst;Western Cape;;Full-time;FALSE;March;FALSE
1479301;Data Analyst;Western Cape;;Full-time;FALSE;March;TRUE
1479512;Data Analyst;Western Cape;;Full-time;FALSE;March;FALSE
1479737;Data Analyst;Western Cape;;Full-time;FALSE;March;FALSE
1494523;Business Analyst;Western Cape;;Full-time;FALSE;March;TRUE
1495405;Data Analyst;Western Cape;;Full-time;FALSE;March;FALSE
1495557;Data Scientist;Western Cape;;Full-time;FALSE;March;TRUE
1495560;Senior Data Engineer;Western Cape;;Full-time;FALSE;March;FALSE
1509373;Data Analyst;Western Cape;;Full-time;FALSE;April;TRUE
1522657;Data Analyst;Western Cape;;Full-time;FALSE;April;FALSE
1522668;Cloud Engineer;Western Cape;;Full-time;FALSE;April;FALSE
1528901;Business Analyst;Western Cape;;Full-time;FALSE;April;TRUE
1529862;Business Analyst;Western Cape;;Full-time;FALSE;April;FALSE
1535279;Data Scientist;Western Cape;;Full-time;FALSE;April;TRUE
1558884;Business Analyst;Western Cape;;Full-time;FALSE;May;FALSE
1564802;Senior Data Analyst;Western Cape;;Full-time;FALSE;May;FALSE
1574547;Business Analyst;Western Cape;;Full-time;FALSE;May;TRUE
1575373;Data Analyst;Western Cape;;Full-time;FALSE;May;FALSE
1580201;Data Engineer;Durban;;Full-time;FALSE;May;FALSE
1580202;Data Engineer;Durban;;Full-time;FALSE;May;FALSE
1580534;Data Engineer;Centurion;;Full-time;FALSE;May;FALSE
1576986;Data Engineer;Durban;;Full-time;FALSE;May;TRUE
1579538;Data Engineer;Midrand;;Full-time;FALSE;May;TRUE
1579539;Data Engineer;Sandton;;Full-time;FALSE;May;TRUE
1579541;Data Engineer;Randburg;;Full-time;FALSE;May;FALSE
1579558;Data Engineer;Randburg;;Full-time;FALSE;May;TRUE
1579782;Data Engineer;George;;Full-time;FALSE;May;FALSE
1583587;Data Engineer;Randburg;;Full-time;FALSE;May;FALSE
1583983;Data Engineer;Centurion;;Full-time;FALSE;May;TRUE
1584074;Data Engineer;Midrand;;Full-time;FALSE;May;FALSE
1585299;Data Engineer;Centurion;;Full-time;FALSE;May;FALSE
1585301;Data Engineer;Gauteng;;Full-time;FALSE;May;TRUE
1586214;Data Engineer;Centurion;;Full-time;FALSE;May;TRUE
1586215;Data Engineer;Midrand;;Full-time;FALSE;May;TRUE
1587602;Data Engineer;Centurion;;Full-time;FALSE;June;TRUE
1589413;Data Engineer;Centurion;;Full-time;FALSE;June;FALSE
1593879;Data Engineer;Durban;;Full-time;FALSE;June;TRUE
1593940;Data Engineer;Centurion;;Full-time;FALSE;June;FALSE
1594805;Data Engineer;Sandton;;Full-time;FALSE;June;TRUE
1596118;Data Engineer;Midrand;;Full-time;FALSE;June;FALSE
1597187;Data Engineer;Centurion;;Full-time;FALSE;June;TRUE
1597191;Data Engineer;Midrand;;Full-time;FALSE;June;FALSE
1597192;Data Engineer;Durban;;Full-time;FALSE;June;FALSE
1597193;Data Engineer;Midrand;;Full-time;FALSE;June;FALSE
1597196;Data Engineer;Sandton;;Full-time;FALSE;June;FALSE
1597199;Data Engineer;Randburg;;Full-time;FALSE;June;FALSE
1597202;Data Engineer;Randburg;;Full-time;FALSE;June;FALSE
1598081;Data Engineer;Midrand;;Full-time;FALSE;June;FALSE
1599859;Data Engineer;Centurion;;Full-time;FALSE;June;FALSE
1600553;Data Engineer;Gauteng;;Full-time;FALSE;June;FALSE
1606431;Data Engineer;Soweto;;Full-time;FALSE;June;TRUE
1606432;Data Engineer;Midrand;;Full-time;FALSE;June;FALSE
1609103;Data Engineer;Western Cape;;Full-time;FALSE;June;TRUE
1609488;Data Engineer;Gauteng;;Full-time;FALSE;June;FALSE
1611446;Data Engineer;Midrand;;Full-time;FALSE;June;FALSE
1612087;Data Engineer;Pinetown;;Full-time;FALSE;June;FALSE
1612505;Data Engineer;Centurion;;Full-time;FALSE;June;TRUE
1613686;Data Engineer;Roodepoort;;Full-time;FALSE;June;FALSE
1615047;Data Engineer;Roodepoort;;Full-time;FALSE;June;TRUE
1616127;Data Engineer;Sandton;;Full-time;FALSE;June;FALSE
1616488;Data Engineer;Western Cape;;Full-time;FALSE;June;TRUE
1616489;Data Engineer;Centurion;;Full-time;FALSE;June;FALSE
1616621;Data Engineer;Centurion;;Full-time;FALSE;June;FALSE
1616835;Data Engineer;Randburg;;Full-time;FALSE;June;FALSE
1616836;Data Engineer;Centurion;;Full-time;FALSE;June;FALSE
1617437;Data Engineer;Randburg;;Full-time;FALSE;June;FALSE
1618772;Data Engineer;Anywhere;;Full-time;TRUE;June;FALSE
1618773;Data Engineer;Randburg;;Full-time;FALSE;June;FALSE
1423738;Data Engineer;Centurion;;Full-time;FALSE;February;FALSE
1423740;Data Engineer;Midrand;;Full-time;FALSE;February;FALSE
1423744;Data Engineer;Sandton;;Full-time;FALSE;February;TRUE
1423746;Data Engineer;Roodepoort;;Full-time;FALSE;February;TRUE
1423748;Data Engineer;Sandton;;Full-time;FALSE;February;FALSE
1423749;Data Engineer;Randburg;;Full-time;FALSE;February;FALSE
1423753;Data Engineer;Sandton;;Full-time;FALSE;February;FALSE
1423759;Data Engineer;Midrand;;Full-time;FALSE;February;FALSE
1423763;Data Engineer;Gqeberha;;Full-time;FALSE;February;TRUE
1423765;Data Engineer;Roodepoort;;Full-time;FALSE;February;TRUE
1423770;Data Engineer;Midrand;;Full-time;FALSE;February;FALSE
1423779;Data Engineer;Gqeberha;;Full-time;FALSE;February;TRUE
1423780;Data Engineer;Centurion;;Full-time;FALSE;February;FALSE
1423790;Data Engineer;Centurion;;Full-time;FALSE;February;TRUE
1423989;Data Engineer;Centurion;;Full-time;FALSE;February;TRUE
1423993;Data Engineer;Centurion;;Full-time;FALSE;February;TRUE
1423995;Data Engineer;Midrand;;Full-time;FALSE;February;FALSE
1423998;Data Engineer;Centurion;;Full-time;FALSE;February;FALSE
1424003;Data Engineer;Centurion;;Full-time;FALSE;February;FALSE
1424004;Data Engineer;Gqeberha;;Full-time;FALSE;February;TRUE
1424005;Data Engineer;Midrand;;Full-time;FALSE;February;FALSE
1424006;Data Engineer;Stellenbosch;;Full-time;FALSE;February;FALSE
1424009;Data Engineer;Midrand;;Full-time;FALSE;February;FALSE
1425309;Data Engineer;Centurion;;Full-time;FALSE;February;FALSE
1343977;Data Engineer;Midrand;;Full-time;FALSE;February;FALSE
1347150;Data Engineer;Anywhere;;Full-time;TRUE;February;FALSE
1355128;Data Engineer;Stellenbosch;;Full-time;FALSE;February;FALSE
1356868;Data Engineer;Midrand;;Full-time;FALSE;February;TRUE
1356869;Data Engineer;Stellenbosch;;Full-time;FALSE;February;TRUE
1357007;Data Engineer;Centurion;;Full-time;FALSE;February;FALSE
1357260;Data Engineer;Midrand;;Full-time;FALSE;February;FALSE
1358788;Data Engineer;Durban;;Full-time;FALSE;February;TRUE
1358794;Data Engineer;Midrand;;Full-time;FALSE;February;TRUE
1360481;Data Engineer;Midrand;;Full-time;FALSE;February;FALSE
1362092;Data Engineer;Nigel;;Full-time;FALSE;February;FALSE
1362946;Data Engineer;Sandton;;Full-time;FALSE;February;TRUE
1362953;Data Engineer;Durban;;Full-time;FALSE;February;TRUE
1362954;Data Engineer;Sandton;;Full-time;FALSE;February;TRUE
1365316;Data Engineer;Western Cape;;Full-time;FALSE;February;TRUE
1365516;Data Engineer;Sandton;;Full-time;FALSE;February;FALSE
1367557;Data Engineer;Western Cape;;Full-time;FALSE;February;TRUE
1367760;Data Engineer;Sandton;;Full-time;FALSE;February;FALSE
1369852;Data Engineer;Western Cape;;Full-time;FALSE;February;TRUE
1370078;Data Engineer;Sandton;;Full-time;FALSE;February;FALSE
1372465;Data Engineer;Western Cape;;Full-time;FALSE;February;TRUE
1372698;Data Engineer;Sandton;;Full-time;FALSE;February;FALSE
1375160;Data Engineer;Western Cape;;Full-time;FALSE;February;TRUE
1375409;Data Engineer;Sandton;;Full-time;FALSE;February;FALSE
1378132;Data Engineer;Western Cape;;Full-time;FALSE;February;TRUE
1378422;Data Engineer;Sandton;;Full-time;FALSE;February;FALSE
1381553;Data Engineer;Western Cape;;Full-time;FALSE;February;TRUE
1381777;Data Engineer;Sandton;;Full-time;FALSE;February;FALSE
1384158;Data Engineer;Western Cape;;Full-time;FALSE;February;TRUE
1384386;Data Engineer;Sandton;;Full-time;FALSE;February;FALSE
1386799;Data Engineer;Western Cape;;Full-time;FALSE;February;TRUE
1387014;Data Engineer;Sandton;;Full-time;FALSE;February;FALSE
1389283;Data Engineer;Western Cape;;Full-time;FALSE;February;TRUE
1389530;Data Engineer;Sandton;;Full-time;FALSE;February;FALSE
1392201;Data Engineer;Western Cape;;Full-time;FALSE;February;TRUE
1392441;Data Engineer;Sandton;;Full-time;FALSE;February;FALSE
1395050;Data Engineer;Western Cape;;Full-time;FALSE;February;TRUE
1395353;Data Engineer;Sandton;;Full-time;FALSE;February;FALSE
1398638;Data Engineer;Western Cape;;Full-time;FALSE;February;TRUE
1398986;Data Engineer;Sandton;;Full-time;FALSE;February;FALSE
1399026;Data Engineer;Gauteng;;Full-time;FALSE;February;FALSE
1402716;Data Engineer;Western Cape;;Full-time;FALSE;February;TRUE
1402963;Data Engineer;Sandton;;Full-time;FALSE;February;FALSE
1405655;Data Engineer;Western Cape;;Full-time;FALSE;February;TRUE
1405892;Data Engineer;Sandton;;Full-time;FALSE;February;FALSE
1408398;Data Engineer;Western Cape;;Full-time;FALSE;February;TRUE
1408624;Data Engineer;Sandton;;Full-time;FALSE;February;FALSE
1411039;Data Engineer;Western Cape;;Full-time;FALSE;February;TRUE
1411301;Data Engineer;Sandton;;Full-time;FALSE;February;FALSE
1414149;Data Engineer;Western Cape;;Full-time;FALSE;February;TRUE
1414428;Data Engineer;Sandton;;Full-time;FALSE;February;FALSE
1419649;Data Engineer;Midrand;;Full-time;FALSE;February;FALSE
1419650;Data Engineer;Western Cape;;Full-time;FALSE;February;TRUE
1419651;Data Engineer;Anywhere;;Full-time;TRUE;February;TRUE
1420156;Data Engineer;Sandton;;Full-time;FALSE;February;FALSE
1425668;Data Engineer;Randburg;;Full-time;FALSE;February;TRUE
1425670;Data Engineer;Thohoyandou;;Full-time;FALSE;February;TRUE
1425887;Data Engineer;Randburg;;Full-time;FALSE;February;FALSE
1426434;Data Engineer;Sandton;;Full-time;FALSE;February;TRUE
1427017;Data Engineer;Gqeberha;;Full-time;FALSE;February;FALSE
1433565;Data Engineer;Sandton;;Full-time;FALSE;March;TRUE
1436923;Data Engineer;Durban;;Full-time;FALSE;March;FALSE
1437833;Data Engineer;Stellenbosch;;Full-time;FALSE;March;FALSE
1439513;Data Engineer;Bryanston;;Full-time;FALSE;March;FALSE
1441125;Data Engineer;Randburg;;Full-time;FALSE;March;TRUE
1443023;Data Engineer;Centurion;;Full-time;FALSE;March;FALSE
1445515;Data Engineer;Boksburg;;Full-time;FALSE;March;TRUE
1445516;Data Engineer;Sandton;;Full-time;FALSE;March;TRUE
1445517;Data Engineer;Roodepoort;;Full-time;FALSE;March;TRUE
1445519;Data Engineer;Western Cape;;Full-time;FALSE;March;FALSE
1445520;Data Engineer;Durban;;Full-time;FALSE;March;TRUE
1447026;Data Engineer;Mbombela;;Full-time;FALSE;March;TRUE
1447280;Data Engineer;Durban;;Full-time;FALSE;March;FALSE
1447758;Data Engineer;Midrand;;Full-time;FALSE;March;FALSE
1449305;Data Engineer;Mbombela;;Full-time;FALSE;March;TRUE
1449593;Data Engineer;Durban;;Full-time;FALSE;March;FALSE
1450132;Data Engineer;Midrand;;Full-time;FALSE;March;FALSE
1451757;Data Engineer;Mbombela;;Full-time;FALSE;March;TRUE
1452057;Data Engineer;Durban;;Full-time;FALSE;March;FALSE
1452632;Data Engineer;Midrand;;Full-time;FALSE;March;FALSE
1276257;Data Engineer;Western Cape;;Full-time;FALSE;January;TRUE
1276259;Data Engineer;Sandton;;Full-time;FALSE;January;FALSE
1276260;Data Engineer;Western Cape;;Full-time;FALSE;January;TRUE
1276610;Data Engineer;uMhlanga;;Full-time;FALSE;January;FALSE
1276611;Data Engineer;Centurion;;Full-time;FALSE;January;TRUE
1280164;Data Engineer;Stellenbosch;;Full-time;FALSE;January;TRUE
1280241;Data Engineer;Gqeberha;;Full-time;FALSE;January;FALSE
1280414;Data Engineer;Western Cape;;Full-time;FALSE;January;FALSE
1280767;Data Engineer;Eastern Cape;;Full-time;FALSE;January;FALSE
1281280;Data Engineer;Sandton;;Full-time;FALSE;January;TRUE
1281312;Data Engineer;Anywhere;;Full-time;TRUE;January;FALSE
1284281;Data Engineer;Centurion;;Full-time;FALSE;January;FALSE
1287582;Data Engineer;Boksburg;;Full-time;FALSE;January;TRUE
1293655;Data Engineer;Anywhere;;Full-time;TRUE;January;FALSE
1297150;Data Engineer;Stellenbosch;;Full-time;FALSE;January;TRUE
1307047;Data Engineer;South Africa (+1 other);;Full-time;FALSE;January;FALSE
1307973;Data Engineer;Anywhere;;Full-time;TRUE;January;TRUE
1308701;Data Engineer;Western Cape;;Full-time;FALSE;January;FALSE
1311455;Data Engineer;Roodepoort;;Full-time;FALSE;January;FALSE
1311456;Data Engineer;Anywhere;;Full-time;TRUE;January;TRUE
1313306;Data Engineer;Midrand;;Full-time;FALSE;January;TRUE
1314069;Data Engineer;Sandton;;Full-time;FALSE;January;TRUE
1320700;Data Engineer;Midrand;;Full-time;FALSE;January;FALSE
1321105;Data Engineer;Anywhere;;Full-time;TRUE;January;FALSE
1321433;Data Engineer;Johannesburg South;;Full-time;FALSE;January;TRUE
1321435;Data Engineer;Johannesburg South;;Full-time;FALSE;January;FALSE
1322313;Data Engineer;Centurion;;Full-time;FALSE;January;TRUE
1322316;Data Engineer;Sandton;;Full-time;FALSE;January;TRUE
1322796;Data Engineer;South Africa (+1 other);;Full-time;FALSE;January;FALSE
1323465;Data Engineer;Centurion;;Full-time;FALSE;January;FALSE
1323698;Data Engineer;Centurion;;Full-time;FALSE;January;FALSE
1325676;Data Engineer;Durban;;Full-time;FALSE;January;FALSE
1327424;Data Engineer;Johannesburg South;;Full-time;FALSE;January;TRUE
1327592;Data Engineer;Durban North;;Full-time;FALSE;January;TRUE
1327869;Data Engineer;Western Cape;;Full-time;FALSE;January;FALSE
1327870;Data Engineer;Midrand;;Full-time;FALSE;January;FALSE
1330726;Data Engineer;Anywhere;;Full-time;TRUE;January;FALSE
1335478;Data Engineer;Sandton;;Full-time;FALSE;January;FALSE
1335756;Data Engineer;Pietermaritzburg;;Full-time;FALSE;January;TRUE
1337362;Data Engineer;Sandton;;Full-time;FALSE;January;FALSE
1337759;Data Engineer;Sandton;;Full-time;FALSE;January;TRUE
1338316;Data Engineer;Randburg;;Full-time;FALSE;January;FALSE
1339011;Data Engineer;Randburg;;Full-time;FALSE;January;FALSE
1495969;Data Engineer;Centurion;;Full-time;FALSE;March;FALSE
1495970;Data Engineer;Soweto;;Full-time;FALSE;March;TRUE
1496912;Data Engineer;Randburg;;Full-time;FALSE;March;FALSE
1496914;Data Engineer;Stellenbosch;;Full-time;FALSE;March;TRUE
1496916;Data Engineer;Durban;;Full-time;FALSE;March;FALSE
1496994;Data Engineer;Soweto;;Full-time;FALSE;March;FALSE
1496997;Data Engineer;Randburg;;Full-time;FALSE;March;TRUE
1496998;Data Engineer;Randburg;;Full-time;FALSE;March;FALSE
1497001;Data Engineer;Randburg;;Full-time;FALSE;March;TRUE
1497002;Data Engineer;Randburg;;Full-time;FALSE;March;TRUE
1497003;Data Engineer;Soweto;;Full-time;FALSE;March;TRUE
1497004;Data Engineer;Randburg;;Full-time;FALSE;March;TRUE
1497006;Data Engineer;Soweto;;Full-time;FALSE;March;FALSE
1497010;Data Engineer;Centurion;;Full-time;FALSE;March;TRUE
1497019;Data Engineer;Soweto;;Full-time;FALSE;March;TRUE
1497023;Data Engineer;Germiston;;Full-time;FALSE;March;FALSE
1497206;Data Engineer;Stellenbosch;;Full-time;FALSE;March;TRUE
1525445;Data Engineer;Sandton;;Full-time;FALSE;April;FALSE
1525652;Data Engineer;Sandton;;Full-time;FALSE;April;TRUE
1525961;Data Engineer;Soweto;;Full-time;FALSE;April;TRUE
1525962;Data Engineer;Western Cape;;Full-time;FALSE;April;TRUE
1525963;Data Engineer;Centurion;;Full-time;FALSE;April;TRUE
1525964;Data Engineer;Western Cape;;Full-time;FALSE;April;TRUE
1525969;Data Engineer;Western Cape;;Full-time;FALSE;April;TRUE
1525972;Data Engineer;Stellenbosch;;Full-time;FALSE;April;TRUE
1525990;Data Engineer;Randburg;;Full-time;FALSE;April;TRUE
1526090;Data Engineer;Roodepoort;;Full-time;FALSE;April;TRUE
1526091;Data Engineer;Randburg;;Full-time;FALSE;April;TRUE
1526093;Data Engineer;Western Cape;;Full-time;FALSE;April;FALSE
1526097;Data Engineer;Randburg;;Full-time;FALSE;April;TRUE
1526099;Data Engineer;Roodepoort;;Full-time;FALSE;April;FALSE
1526102;Data Engineer;Western Cape;;Full-time;FALSE;April;TRUE
1526348;Data Engineer;Sandton;;Full-time;FALSE;April;FALSE
1526476;Data Engineer;Durban;;Full-time;FALSE;April;TRUE
1454356;Data Engineer;Mbombela;;Full-time;FALSE;March;TRUE
1454683;Data Engineer;Durban;;Full-time;FALSE;March;FALSE
1455301;Data Engineer;Midrand;;Full-time;FALSE;March;FALSE
1457269;Data Engineer;Mbombela;;Full-time;FALSE;March;TRUE
1457638;Data Engineer;Durban;;Full-time;FALSE;March;FALSE
1458339;Data Engineer;Midrand;;Full-time;FALSE;March;FALSE
1459930;Data Engineer;Mbombela;;Full-time;FALSE;March;TRUE
1460208;Data Engineer;Durban;;Full-time;FALSE;March;FALSE
1460728;Data Engineer;Midrand;;Full-time;FALSE;March;FALSE
1462154;Data Engineer;Mbombela;;Full-time;FALSE;March;TRUE
1462405;Data Engineer;Durban;;Full-time;FALSE;March;FALSE
1462877;Data Engineer;Midrand;;Full-time;FALSE;March;FALSE
1464234;Data Engineer;Mbombela;;Full-time;FALSE;March;TRUE
1464479;Data Engineer;Durban;;Full-time;FALSE;March;FALSE
1464935;Data Engineer;Midrand;;Full-time;FALSE;March;FALSE
1466363;Data Engineer;Mbombela;;Full-time;FALSE;March;TRUE
1466628;Data Engineer;Durban;;Full-time;FALSE;March;FALSE
1467123;Data Engineer;Midrand;;Full-time;FALSE;March;FALSE
1468613;Data Engineer;Mbombela;;Full-time;FALSE;March;TRUE
1468889;Data Engineer;Durban;;Full-time;FALSE;March;FALSE
1469408;Data Engineer;Midrand;;Full-time;FALSE;March;FALSE
1471068;Data Engineer;Mbombela;;Full-time;FALSE;March;TRUE
1471382;Data Engineer;Durban;;Full-time;FALSE;March;FALSE
1471974;Data Engineer;Midrand;;Full-time;FALSE;March;FALSE
1473753;Data Engineer;Mbombela;;Full-time;FALSE;March;TRUE
1474090;Data Engineer;Durban;;Full-time;FALSE;March;FALSE
1474723;Data Engineer;Midrand;;Full-time;FALSE;March;FALSE
1476218;Data Engineer;Mbombela;;Full-time;FALSE;March;TRUE
1476482;Data Engineer;Durban;;Full-time;FALSE;March;FALSE
1476972;Data Engineer;Midrand;;Full-time;FALSE;March;FALSE
1478258;Data Engineer;Mbombela;;Full-time;FALSE;March;TRUE
1478485;Data Engineer;Durban;;Full-time;FALSE;March;FALSE
1478904;Data Engineer;Midrand;;Full-time;FALSE;March;FALSE
1479195;Data Engineer;Mthatha;;Full-time;FALSE;March;TRUE
1479197;Data Engineer;Stellenbosch;;Full-time;FALSE;March;TRUE
1479198;Data Engineer;Franschhoek;;Full-time;FALSE;March;TRUE
1479202;Data Engineer;De Aar;;Full-time;FALSE;March;TRUE
1479302;Data Engineer;Secunda;;Full-time;FALSE;March;FALSE
1480964;Data Engineer;Sandton;;Full-time;FALSE;March;TRUE
1480969;Data Engineer;Stellenbosch;;Full-time;FALSE;March;FALSE
1481233;Data Engineer;Mbombela;;Full-time;FALSE;March;TRUE
1482517;Data Engineer;Midrand;;Full-time;FALSE;March;FALSE
1486110;Data Engineer;Western Cape;;Full-time;FALSE;March;TRUE
1487059;Data Engineer;Stellenbosch;;Full-time;FALSE;March;FALSE
1487061;Data Engineer;Stellenbosch;;Full-time;FALSE;March;FALSE
1487930;Data Engineer;Sandton;;Full-time;FALSE;March;TRUE
1490290;Data Engineer;Randburg;;Full-time;FALSE;March;FALSE
1492970;Data Engineer;Randburg;;Full-time;FALSE;March;FALSE
1493769;Data Engineer;Mbombela;;Full-time;FALSE;March;TRUE
1493864;Data Engineer;uMhlanga;;Full-time;FALSE;March;TRUE
1494458;Data Engineer;Centurion;;Full-time;FALSE;March;TRUE
1495012;Data Engineer;Durban;;Full-time;FALSE;March;FALSE
1495406;Data Engineer;Sandton;;Full-time;FALSE;March;TRUE
1495558;Data Engineer;Durban;;Full-time;FALSE;March;TRUE
1495562;Data Engineer;Western Cape;;Full-time;FALSE;March;FALSE
1510216;Data Engineer;Sandton;;Full-time;FALSE;April;TRUE
1511252;Data Engineer;Western Cape;;Full-time;FALSE;April;TRUE
1511254;Data Engineer;Centurion;;Full-time;FALSE;April;TRUE
1513934;Data Engineer;Midrand;;Full-time;FALSE;April;TRUE
1515025;Data Engineer;Anywhere;;Full-time;TRUE;April;FALSE
1517403;Data Engineer;Durban North;;Full-time;FALSE;April;FALSE
1517607;Data Engineer;Centurion;;Full-time;FALSE;April;TRUE
1517768;Data Engineer;uMhlanga;;Full-time;FALSE;April;TRUE
1519584;Data Engineer;Gauteng;;Full-time;FALSE;April;FALSE
1519888;Data Engineer;Bloemfontein;;Full-time;FALSE;April;FALSE
1520148;Data Engineer;Durban;;Full-time;FALSE;April;FALSE
1520222;Data Engineer;Anywhere;;Full-time;TRUE;April;TRUE
1520529;Data Engineer;Centurion;;Full-time;FALSE;April;TRUE
1520964;Data Engineer;Nigel;;Full-time;FALSE;April;TRUE
1520965;Data Engineer;Sandton;;Full-time;FALSE;April;TRUE
1522658;Data Engineer;Sandton;;Full-time;FALSE;April;FALSE
1523257;Data Engineer;Centurion;;Full-time;FALSE;April;FALSE
1528567;Data Engineer;Randburg;;Full-time;FALSE;April;TRUE
1528815;Data Engineer;Centurion;;Full-time;FALSE;April;FALSE
1528818;Data Engineer;Midrand;;Full-time;FALSE;April;TRUE
1529028;Data Engineer;Randburg;;Full-time;FALSE;April;TRUE
1529267;Data Engineer;Randburg;;Full-time;FALSE;April;TRUE
1529440;Data Engineer;Knysna;;Full-time;FALSE;April;FALSE
1529441;Data Engineer;Sandton;;Full-time;FALSE;April;FALSE
1529442;Data Engineer;Western Cape;;Full-time;FALSE;April;TRUE
1529443;Data Engineer;Sandton;;Full-time;FALSE;April;TRUE
1529444;Data Engineer;Western Cape;;Full-time;FALSE;April;TRUE
1529445;Data Engineer;Sandton;;Full-time;FALSE;April;TRUE
1530794;Data Engineer;Centurion;;Full-time;FALSE;April;TRUE
1530888;Data Engineer;Durban;;Full-time;FALSE;April;TRUE
1533217;Data Engineer;Anywhere;;Full-time;TRUE;April;TRUE
1533511;Data Engineer;Stellenbosch;;Full-time;FALSE;April;TRUE
1533654;Data Engineer;Randburg;;Full-time;FALSE;April;FALSE
1533863;Data Engineer;Benoni;;Full-time;FALSE;April;FALSE
1535605;Data Engineer;Durban;;Full-time;FALSE;April;TRUE
1536746;Data Engineer;Western Cape;;Full-time;FALSE;April;TRUE
1536758;Data Engineer;Centurion;;Full-time;FALSE;April;TRUE
1537780;Data Engineer;Western Cape;;Full-time;FALSE;April;TRUE
1537793;Data Engineer;Centurion;;Full-time;FALSE;April;TRUE
1538985;Data Engineer;Western Cape;;Full-time;FALSE;April;TRUE
1538999;Data Engineer;Centurion;;Full-time;FALSE;April;TRUE
1540284;Data Engineer;Western Cape;;Full-time;FALSE;April;TRUE
1540296;Data Engineer;Centurion;;Full-time;FALSE;April;TRUE
1541265;Data Engineer;Western Cape;;Full-time;FALSE;April;TRUE
1541277;Data Engineer;Centurion;;Full-time;FALSE;April;TRUE
1542191;Data Engineer;Western Cape;;Full-time;FALSE;April;TRUE
1542203;Data Engineer;Centurion;;Full-time;FALSE;April;TRUE
1543160;Data Engineer;Western Cape;;Full-time;FALSE;April;TRUE
1543173;Data Engineer;Centurion;;Full-time;FALSE;April;TRUE
1544246;Data Engineer;Western Cape;;Full-time;FALSE;April;TRUE
1544259;Data Engineer;Centurion;;Full-time;FALSE;April;TRUE
1545376;Data Engineer;Western Cape;;Full-time;FALSE;April;TRUE
1545389;Data Engineer;Centurion;;Full-time;FALSE;April;TRUE
1546721;Data Engineer;Western Cape;;Full-time;FALSE;May;TRUE
1546736;Data Engineer;Centurion;;Full-time;FALSE;May;TRUE
1548453;Data Engineer;Western Cape;;Full-time;FALSE;May;TRUE
1548466;Data Engineer;Centurion;;Full-time;FALSE;May;TRUE
1548954;Data Engineer;Sandton;;Full-time;FALSE;May;FALSE
1551939;Data Engineer;Anywhere;;Full-time;TRUE;May;TRUE
1552856;Data Engineer;Sandton;;Full-time;FALSE;May;FALSE
1553348;Data Engineer;Gauteng;;Full-time;FALSE;May;FALSE
1553680;Data Engineer;Centurion;;Full-time;FALSE;May;FALSE
1555214;Data Engineer;Gqeberha;;Full-time;FALSE;May;TRUE
1555292;Data Engineer;Durban;;Full-time;FALSE;May;FALSE
1555494;Data Engineer;Centurion;;Full-time;FALSE;May;FALSE
1557924;Data Engineer;Gauteng;;Full-time;FALSE;May;FALSE
1558282;Data Engineer;Roodepoort;;Full-time;FALSE;May;TRUE
1559148;Data Engineer;Sandton;;Full-time;FALSE;May;FALSE
1559322;Data Engineer;Centurion;;Full-time;FALSE;May;FALSE
1561156;Data Engineer;Durban;;Full-time;FALSE;May;TRUE
1563570;Data Engineer;Centurion;;Full-time;FALSE;May;TRUE
1563940;Data Engineer;Centurion;;Full-time;FALSE;May;TRUE
1564020;Data Engineer;Durban;;Full-time;FALSE;May;FALSE
1564841;Data Engineer;Randburg;;Full-time;FALSE;May;FALSE
1564984;Data Engineer;Centurion;;Full-time;FALSE;May;FALSE
1565558;Data Engineer;Anywhere;;Full-time;TRUE;May;TRUE
1565559;Data Engineer;Centurion;;Full-time;FALSE;May;FALSE
1566076;Data Engineer;Roodepoort;;Full-time;FALSE;May;TRUE
1566966;Data Engineer;Centurion;;Full-time;FALSE;May;TRUE
1567137;Data Engineer;Durban;;Full-time;FALSE;May;FALSE
1568480;Data Engineer;Centurion;;Full-time;FALSE;May;TRUE
1568673;Data Engineer;Centurion;;Full-time;FALSE;May;FALSE
1570964;Data Engineer;Gqeberha;;Full-time;FALSE;May;FALSE
1571610;Data Engineer;Sandton;;Full-time;FALSE;May;FALSE
1572063;Data Engineer;Centurion;;Full-time;FALSE;May;FALSE
1572064;Data Engineer;Randburg;;Full-time;FALSE;May;TRUE
1572574;Data Engineer;Durban;;Full-time;FALSE;May;TRUE
1573155;Data Engineer;George;;Full-time;FALSE;May;TRUE
1573157;Data Engineer;Randburg;;Full-time;FALSE;May;FALSE
1573162;Data Engineer;Durban;;Full-time;FALSE;May;FALSE
1573378;Data Engineer;Centurion;;Full-time;FALSE;May;TRUE
1574548;Data Engineer;Midrand;;Full-time;FALSE;May;TRUE
1574607;Data Engineer;Randburg;;Full-time;FALSE;May;FALSE
1580203;Data Engineer;Pretoria;;Full-time;FALSE;May;FALSE
1580210;Data Engineer;Pretoria;;Full-time;FALSE;May;FALSE
1580214;Cloud Engineer;Pretoria;;Full-time;FALSE;May;TRUE
1580220;Software Engineer;Pretoria;;Full-time;FALSE;May;TRUE
1580226;Data Engineer;Pretoria;;Full-time;FALSE;May;TRUE
1580230;Cloud Engineer;Pretoria;;Full-time;FALSE;May;TRUE
1580237;Cloud Engineer;Pretoria;;Full-time;FALSE;May;FALSE
1580532;Data Engineer;Pretoria;;Full-time;FALSE;May;FALSE
1577615;Software Engineer;Pretoria;;Full-time;FALSE;May;FALSE
1579388;Senior Data Engineer;Pretoria;;Full-time;FALSE;May;FALSE
1579544;Data Engineer;Pretoria;;Full-time;FALSE;May;TRUE
1583586;Software Engineer;Pretoria;;Full-time;FALSE;May;FALSE
1583593;Software Engineer;Pretoria;;Full-time;FALSE;May;FALSE
1583594;Business Analyst;Pretoria;;Full-time;FALSE;May;FALSE
1583981;Data Engineer;Pretoria;;Full-time;FALSE;May;TRUE
1583985;Business Analyst;Pretoria;;Full-time;FALSE;May;TRUE
1584822;Software Engineer;Pretoria;;Full-time;FALSE;May;FALSE
1584987;Data Scientist;Pretoria;;Full-time;FALSE;May;FALSE
1585496;Data Engineer;Pretoria;;Full-time;FALSE;May;FALSE
1585500;Machine Learning Engineer;Pretoria;;Full-time;FALSE;May;FALSE
1586083;Software Engineer;Pretoria;;Full-time;FALSE;May;TRUE
1586216;Machine Learning Engineer;Pretoria;;Full-time;FALSE;May;TRUE
1586218;Software Engineer;Pretoria;;Full-time;FALSE;May;TRUE
1586992;Senior Data Engineer;Pretoria;;Full-time;FALSE;June;FALSE
1588874;Software Engineer;Pretoria;;Full-time;FALSE;June;TRUE
1589447;Data Engineer;Pretoria;;Full-time;FALSE;June;TRUE
1590045;Data Scientist;Pretoria;;Full-time;FALSE;June;FALSE
1590047;Data Scientist;Pretoria;;Full-time;FALSE;June;FALSE
1591386;Data Engineer;Pretoria;;Full-time;FALSE;June;FALSE
1594031;Software Engineer;Pretoria;;Full-time;FALSE;June;FALSE
1597779;Data Engineer;Pretoria;;Full-time;FALSE;June;FALSE
1598708;Software Engineer;Pretoria;;Full-time;FALSE;June;TRUE
1599142;Data Scientist;Pretoria;;Full-time;FALSE;June;FALSE
1603525;Senior Data Engineer;Pretoria;;Full-time;FALSE;June;FALSE
1604115;Data Scientist;Pretoria;;Full-time;FALSE;June;TRUE
1604117;Data Scientist;Pretoria;;Full-time;FALSE;June;FALSE
1604536;Data Engineer;Pretoria;;Full-time;FALSE;June;TRUE
1605078;Cloud Engineer;Pretoria;;Full-time;FALSE;June;FALSE
1606238;Data Engineer;Pretoria;;Full-time;FALSE;June;TRUE
1606436;Software Engineer;Pretoria;;Full-time;FALSE;June;FALSE
1606952;Data Engineer;Pretoria;;Full-time;FALSE;June;FALSE
1609060;Data Engineer;Pretoria;;Full-time;FALSE;June;FALSE
1609145;Data Engineer;Pretoria;;Full-time;FALSE;June;FALSE
1613685;Senior Data Engineer;Pretoria;;Full-time;FALSE;June;TRUE
1615780;Machine Learning Engineer;Pretoria;;Full-time;FALSE;June;FALSE
1342981;Cloud Engineer;Pretoria;;Full-time;FALSE;January;TRUE
1437967;Cloud Engineer;Pretoria;;Full-time;FALSE;March;TRUE
1438941;Software Engineer;Pretoria;;Full-time;FALSE;March;FALSE
1440216;Data Scientist;Pretoria;;Full-time;FALSE;March;FALSE
1445411;Software Engineer;Pretoria;;Full-time;FALSE;March;TRUE
1445525;Data Engineer;Pretoria;;Full-time;FALSE;March;FALSE
1445528;Data Scientist;Pretoria;;Full-time;FALSE;March;FALSE
1445793;Software Engineer;Pretoria;;Full-time;FALSE;March;FALSE
1446344;Software Engineer;Pretoria;;Full-time;FALSE;March;FALSE
1446885;Data Analyst;Pretoria;;Full-time;FALSE;March;TRUE
1448551;Software Engineer;Pretoria;;Full-time;FALSE;March;FALSE
1449147;Data Analyst;Pretoria;;Full-time;FALSE;March;TRUE
1450967;Software Engineer;Pretoria;;Full-time;FALSE;March;FALSE
1451592;Data Analyst;Pretoria;;Full-time;FALSE;March;TRUE
1281281;Data Engineer;Pretoria;;Full-time;FALSE;January;TRUE
1282831;Data Engineer;Pretoria;;Full-time;FALSE;January;TRUE
1282832;Data Scientist;Pretoria;;Full-time;FALSE;January;FALSE
1291315;Data Engineer;Pretoria;;Full-time;FALSE;January;TRUE
1306542;Data Engineer;Pretoria;;Full-time;FALSE;January;FALSE
1320044;Data Engineer;Pretoria;;Full-time;FALSE;January;TRUE
1323899;Senior Data Engineer;Pretoria;;Full-time;FALSE;January;FALSE
1334174;Data Engineer;Pretoria;;Full-time;FALSE;January;FALSE
1335479;Data Engineer;Pretoria;;Full-time;FALSE;January;FALSE
1336125;Data Analyst;Pretoria;;Full-time;FALSE;January;FALSE
1336332;Data Engineer;Pretoria;;Full-time;FALSE;January;FALSE
1337280;Data Scientist;Pretoria;;Full-time;FALSE;January;FALSE
1339734;Cloud Engineer;Pretoria;;Full-time;FALSE;January;TRUE
1340089;Business Analyst;Pretoria;;Full-time;FALSE;January;FALSE
1341145;Data Engineer;Pretoria;;Full-time;FALSE;January;TRUE
1495973;Data Scientist;Pretoria;;Full-time;FALSE;March;FALSE
1496167;Senior Data Engineer;Pretoria;;Full-time;FALSE;March;FALSE
1496168;Data Engineer;Pretoria;;Full-time;FALSE;March;FALSE
1496737;Data Engineer;Pretoria;;Full-time;FALSE;March;TRUE
1496913;Data Engineer;Pretoria;;Full-time;FALSE;March;FALSE
1496917;Cloud Engineer;Pretoria;;Full-time;FALSE;March;TRUE
1496918;Data Analyst;Pretoria;;Full-time;FALSE;March;TRUE
1496993;Data Engineer;Pretoria;;Full-time;FALSE;March;TRUE
1496996;Data Engineer;Pretoria;;Full-time;FALSE;March;FALSE
1497011;Cloud Engineer;Pretoria;;Full-time;FALSE;March;TRUE
1497013;Data Engineer;Pretoria;;Full-time;FALSE;March;TRUE
1497017;Data Engineer;Pretoria;;Full-time;FALSE;March;FALSE
1497021;Data Engineer;Pretoria;;Full-time;FALSE;March;TRUE
1497022;Cloud Engineer;Pretoria;;Full-time;FALSE;March;TRUE
1497027;Cloud Engineer;Pretoria;;Full-time;FALSE;March;TRUE
1525444;Data Engineer;Pretoria;;Full-time;FALSE;April;FALSE
1525604;Data Scientist;Pretoria;;Full-time;FALSE;April;FALSE
1525967;Data Engineer;Pretoria;;Full-time;FALSE;April;TRUE
1525968;Data Engineer;Pretoria;;Full-time;FALSE;April;TRUE
1525975;Data Engineer;Pretoria;;Full-time;FALSE;April;FALSE
1525981;Data Engineer;Pretoria;;Full-time;FALSE;April;TRUE
1525991;Cloud Engineer;Pretoria;;Full-time;FALSE;April;TRUE
1526092;Data Engineer;Pretoria;;Full-time;FALSE;April;TRUE
1526098;Data Engineer;Pretoria;;Full-time;FALSE;April;TRUE
1526106;Data Engineer;Pretoria;;Full-time;FALSE;April;TRUE
1526108;Data Engineer;Pretoria;;Full-time;FALSE;April;TRUE
1526115;Software Engineer;Pretoria;;Full-time;FALSE;April;TRUE
1526117;Cloud Engineer;Pretoria;;Full-time;FALSE;April;FALSE
1526351;Software Engineer;Pretoria;;Full-time;FALSE;April;TRUE
1453523;Software Engineer;Pretoria;;Full-time;FALSE;March;FALSE
1454183;Data Analyst;Pretoria;;Full-time;FALSE;March;TRUE
1456313;Software Engineer;Pretoria;;Full-time;FALSE;March;FALSE
1457073;Data Analyst;Pretoria;;Full-time;FALSE;March;TRUE
1459199;Software Engineer;Pretoria;;Full-time;FALSE;March;FALSE
1459777;Data Analyst;Pretoria;;Full-time;FALSE;March;TRUE
1461478;Software Engineer;Pretoria;;Full-time;FALSE;March;FALSE
1462013;Data Analyst;Pretoria;;Full-time;FALSE;March;TRUE
1463590;Software Engineer;Pretoria;;Full-time;FALSE;March;FALSE
1464099;Data Analyst;Pretoria;;Full-time;FALSE;March;TRUE
1465669;Software Engineer;Pretoria;;Full-time;FALSE;March;FALSE
1466219;Data Analyst;Pretoria;;Full-time;FALSE;March;TRUE
1467886;Software Engineer;Pretoria;;Full-time;FALSE;March;FALSE
1468461;Data Analyst;Pretoria;;Full-time;FALSE;March;TRUE
1470256;Software Engineer;Pretoria;;Full-time;FALSE;March;FALSE
1470902;Data Analyst;Pretoria;;Full-time;FALSE;March;TRUE
1472896;Software Engineer;Pretoria;;Full-time;FALSE;March;FALSE
1473573;Data Analyst;Pretoria;;Full-time;FALSE;March;TRUE
1475531;Software Engineer;Pretoria;;Full-time;FALSE;March;FALSE
1476077;Data Analyst;Pretoria;;Full-time;FALSE;March;TRUE
1477659;Software Engineer;Pretoria;;Full-time;FALSE;March;FALSE
1478134;Data Analyst;Pretoria;;Full-time;FALSE;March;TRUE
1479206;Business Analyst;Pretoria;;Full-time;FALSE;March;FALSE
1479866;Software Engineer;Pretoria;;Full-time;FALSE;March;FALSE
1480806;Data Analyst;Pretoria;;Full-time;FALSE;March;TRUE
1482484;Data Engineer;Pretoria;;Full-time;FALSE;March;FALSE
1483994;Software Engineer;Pretoria;;Full-time;FALSE;March;FALSE
1487924;Data Engineer;Pretoria;;Full-time;FALSE;March;TRUE
1488091;Data Engineer;Pretoria;;Full-time;FALSE;March;FALSE
1489905;Data Scientist;Pretoria;;Full-time;FALSE;March;FALSE
1493474;Machine Learning Engineer;Pretoria;;Full-time;FALSE;March;FALSE
1495409;Data Analyst;Pretoria;;Full-time;FALSE;March;TRUE
1500634;Software Engineer;Pretoria;;Full-time;FALSE;March;FALSE
1509374;Cloud Engineer;Pretoria;;Full-time;FALSE;April;TRUE
1512787;Data Engineer;Pretoria;;Full-time;FALSE;April;TRUE
1514426;Data Scientist;Pretoria;;Full-time;FALSE;April;FALSE
1514647;Data Analyst;Pretoria;;Full-time;FALSE;April;TRUE
1514921;Senior Data Analyst;Pretoria;;Full-time;FALSE;April;TRUE
1514922;Data Engineer;Pretoria;;Full-time;FALSE;April;FALSE
1518908;Data Engineer;Pretoria;;Full-time;FALSE;April;TRUE
1518977;Senior Data Scientist;Pretoria;;Full-time;FALSE;April;FALSE
1519070;Data Engineer;Pretoria;;Full-time;FALSE;April;FALSE
1519749;Cloud Engineer;Pretoria;;Full-time;FALSE;April;TRUE
1519890;Cloud Engineer;Pretoria;;Full-time;FALSE;April;FALSE
1520093;Cloud Engineer;Pretoria;;Full-time;FALSE;April;TRUE
1521053;Machine Learning Engineer;Pretoria;;Full-time;FALSE;April;TRUE
1521562;Software Engineer;Pretoria;;Full-time;FALSE;April;TRUE
1521565;Software Engineer;Pretoria;;Full-time;FALSE;April;TRUE
1522277;Data Analyst;Pretoria;;Full-time;FALSE;April;FALSE
1522669;Data Analyst;Pretoria;;Full-time;FALSE;April;TRUE
1522889;Cloud Engineer;Pretoria;;Full-time;FALSE;April;TRUE
1527235;Business Analyst;Pretoria;;Full-time;FALSE;April;FALSE
1527579;Business Analyst;Pretoria;;Full-time;FALSE;April;FALSE
1529452;Data Scientist;Pretoria;;Full-time;FALSE;April;FALSE
1530131;Cloud Engineer;Pretoria;;Full-time;FALSE;April;TRUE
1530796;Data Scientist;Pretoria;;Full-time;FALSE;April;TRUE
1530891;Data Scientist;Pretoria;;Full-time;FALSE;April;FALSE
1530978;Business Analyst;Pretoria;;Full-time;FALSE;April;FALSE
1532314;Cloud Engineer;Pretoria;;Full-time;FALSE;April;FALSE
1533003;Cloud Engineer;Pretoria;;Full-time;FALSE;April;FALSE
1533006;Software Engineer;Pretoria;;Full-time;FALSE;April;FALSE
1534239;Business Analyst;Pretoria;;Full-time;FALSE;April;TRUE
1534613;Software Engineer;Pretoria;;Full-time;FALSE;April;FALSE
1534614;Data Scientist;Pretoria;;Full-time;FALSE;April;FALSE
1535137;Software Engineer;Pretoria;;Full-time;FALSE;April;TRUE
1535604;Data Engineer;Pretoria;;Full-time;FALSE;April;TRUE
1535607;Cloud Engineer;Pretoria;;Full-time;FALSE;April;TRUE
1535609;Data Scientist;Pretoria;;Full-time;FALSE;April;FALSE
1535613;Cloud Engineer;Pretoria;;Full-time;FALSE;April;TRUE
1535614;Cloud Engineer;Pretoria;;Full-time;FALSE;April;TRUE
1548960;Software Engineer;Pretoria;;Full-time;FALSE;May;FALSE
1548963;Cloud Engineer;Pretoria;;Full-time;FALSE;May;FALSE
1551938;Data Engineer;Pretoria;;Full-time;FALSE;May;FALSE
1552662;Senior Data Scientist;Pretoria;;Full-time;FALSE;May;TRUE
1554033;Data Scientist;Pretoria;;Full-time;FALSE;May;FALSE
1559051;Data Scientist;Pretoria;;Full-time;FALSE;May;FALSE
1563773;Cloud Engineer;Pretoria;;Full-time;FALSE;May;FALSE
1565773;Data Scientist;Pretoria;;Full-time;FALSE;May;FALSE
1566000;Software Engineer;Pretoria;;Full-time;FALSE;May;FALSE
1566001;Data Analyst;Pretoria;;Full-time;FALSE;May;FALSE
1566402;Software Engineer;Pretoria;;Full-time;FALSE;May;TRUE
1568478;Data Engineer;Pretoria;;Full-time;FALSE;May;FALSE
1569469;Data Engineer;Pretoria;;Full-time;FALSE;May;TRUE
1569908;Software Engineer;Pretoria;;Full-time;FALSE;May;TRUE
1570110;Senior Data Scientist;Pretoria;;Full-time;FALSE;May;FALSE
1570134;Data Engineer;Pretoria;;Full-time;FALSE;May;TRUE
1570926;Software Engineer;Pretoria;;Full-time;FALSE;May;FALSE
1571692;Data Engineer;Pretoria;;Full-time;FALSE;May;TRUE
1573160;Data Scientist;Pretoria;;Full-time;FALSE;May;TRUE
1573383;Data Scientist;Pretoria;;Full-time;FALSE;May;FALSE
1574497;Software Engineer;Pretoria;;Full-time;FALSE;May;FALSE
1574608;Business Analyst;Pretoria;;Full-time;FALSE;May;TRUE
1423758;Data Scientist;Pretoria;;Full-time;FALSE;February;FALSE
1423761;Data Engineer;Pretoria;;Full-time;FALSE;February;TRUE
1423766;Data Engineer;Pretoria;;Full-time;FALSE;February;TRUE
1423767;Data Engineer;Pretoria;;Full-time;FALSE;February;FALSE
1423769;Data Engineer;Pretoria;;Full-time;FALSE;February;FALSE
1423771;Data Engineer;Pretoria;;Full-time;FALSE;February;TRUE
1423773;Data Engineer;Pretoria;;Full-time;FALSE;February;FALSE
1423786;Data Analyst;Pretoria;;Full-time;FALSE;February;TRUE
1423795;Cloud Engineer;Pretoria;;Full-time;FALSE;February;FALSE
1423997;Data Engineer;Pretoria;;Full-time;FALSE;February;FALSE
1424016;Data Engineer;Pretoria;;Full-time;FALSE;February;FALSE
1424017;Data Scientist;Pretoria;;Full-time;FALSE;February;FALSE
1424121;Data Engineer;Pretoria;;Full-time;FALSE;February;TRUE
1345450;Cloud Engineer;Pretoria;;Full-time;FALSE;February;TRUE
1345451;Cloud Engineer;Pretoria;;Full-time;FALSE;February;TRUE
1354681;Data Engineer;Pretoria;;Full-time;FALSE;February;FALSE
1358783;Data Engineer;Pretoria;;Full-time;FALSE;February;TRUE
1358787;Senior Data Scientist;Pretoria;;Full-time;FALSE;February;TRUE
1358792;Machine Learning Engineer;Pretoria;;Full-time;FALSE;February;FALSE
1360079;Cloud Engineer;Pretoria;;Full-time;FALSE;February;FALSE
1362949;Data Engineer;Pretoria;;Full-time;FALSE;February;FALSE
1362950;Data Scientist;Pretoria;;Full-time;FALSE;February;FALSE
1362957;Data Scientist;Pretoria;;Full-time;FALSE;February;FALSE
1362959;Business Analyst;Pretoria;;Full-time;FALSE;February;TRUE
1362961;Data Scientist;Pretoria;;Full-time;FALSE;February;FALSE
1365363;Data Scientist;Pretoria;;Full-time;FALSE;February;FALSE
1366103;Software Engineer;Pretoria;;Full-time;FALSE;February;FALSE
1366104;Business Analyst;Pretoria;;Full-time;FALSE;February;TRUE
1366171;Data Engineer;Pretoria;;Full-time;FALSE;February;FALSE
1366399;Data Engineer;Pretoria;;Full-time;FALSE;February;FALSE
1367605;Data Scientist;Pretoria;;Full-time;FALSE;February;FALSE
1368362;Software Engineer;Pretoria;;Full-time;FALSE;February;FALSE
1368363;Business Analyst;Pretoria;;Full-time;FALSE;February;TRUE
1368433;Data Engineer;Pretoria;;Full-time;FALSE;February;FALSE
1368666;Data Engineer;Pretoria;;Full-time;FALSE;February;FALSE
1369902;Data Scientist;Pretoria;;Full-time;FALSE;February;FALSE
1370766;Software Engineer;Pretoria;;Full-time;FALSE;February;FALSE
1370767;Business Analyst;Pretoria;;Full-time;FALSE;February;TRUE
1370847;Data Engineer;Pretoria;;Full-time;FALSE;February;FALSE
1371113;Data Engineer;Pretoria;;Full-time;FALSE;February;FALSE
1372515;Data Scientist;Pretoria;;Full-time;FALSE;February;FALSE
1373402;Software Engineer;Pretoria;;Full-time;FALSE;February;FALSE
1373403;Business Analyst;Pretoria;;Full-time;FALSE;February;TRUE
1373484;Data Engineer;Pretoria;;Full-time;FALSE;February;FALSE
1373762;Data Engineer;Pretoria;;Full-time;FALSE;February;FALSE
1375214;Data Scientist;Pretoria;;Full-time;FALSE;February;FALSE
1376187;Software Engineer;Pretoria;;Full-time;FALSE;February;FALSE
1376188;Business Analyst;Pretoria;;Full-time;FALSE;February;TRUE
1376276;Data Engineer;Pretoria;;Full-time;FALSE;February;FALSE
1376584;Data Engineer;Pretoria;;Full-time;FALSE;February;FALSE
1378194;Data Scientist;Pretoria;;Full-time;FALSE;February;FALSE
1379330;Software Engineer;Pretoria;;Full-time;FALSE;February;FALSE
1379331;Business Analyst;Pretoria;;Full-time;FALSE;February;TRUE
1379435;Data Engineer;Pretoria;;Full-time;FALSE;February;FALSE
1379797;Data Engineer;Pretoria;;Full-time;FALSE;February;FALSE
1380471;Data Engineer;Pretoria;;Full-time;FALSE;February;FALSE
1381603;Data Scientist;Pretoria;;Full-time;FALSE;February;FALSE
1382464;Software Engineer;Pretoria;;Full-time;FALSE;February;FALSE
1382465;Business Analyst;Pretoria;;Full-time;FALSE;February;TRUE
1382545;Data Engineer;Pretoria;;Full-time;FALSE;February;FALSE
1382811;Data Engineer;Pretoria;;Full-time;FALSE;February;FALSE
1384208;Data Scientist;Pretoria;;Full-time;FALSE;February;FALSE
1385078;Software Engineer;Pretoria;;Full-time;FALSE;February;FALSE
1385079;Business Analyst;Pretoria;;Full-time;FALSE;February;TRUE
1385160;Data Engineer;Pretoria;;Full-time;FALSE;February;FALSE
1385430;Data Engineer;Pretoria;;Full-time;FALSE;February;FALSE
1386848;Data Scientist;Pretoria;;Full-time;FALSE;February;FALSE
1387664;Software Engineer;Pretoria;;Full-time;FALSE;February;FALSE
1387665;Business Analyst;Pretoria;;Full-time;FALSE;February;TRUE
1387742;Data Engineer;Pretoria;;Full-time;FALSE;February;FALSE
1387997;Data Engineer;Pretoria;;Full-time;FALSE;February;FALSE
1389338;Data Scientist;Pretoria;;Full-time;FALSE;February;FALSE
1390297;Software Engineer;Pretoria;;Full-time;FALSE;February;FALSE
1390298;Business Analyst;Pretoria;;Full-time;FALSE;February;TRUE
1390385;Data Engineer;Pretoria;;Full-time;FALSE;February;FALSE
1390687;Data Engineer;Pretoria;;Full-time;FALSE;February;FALSE
1392255;Data Scientist;Pretoria;;Full-time;FALSE;February;FALSE
1393186;Software Engineer;Pretoria;;Full-time;FALSE;February;FALSE
1393187;Business Analyst;Pretoria;;Full-time;FALSE;February;TRUE
1393274;Data Engineer;Pretoria;;Full-time;FALSE;February;FALSE
1393565;Data Engineer;Pretoria;;Full-time;FALSE;February;FALSE
1395113;Data Scientist;Pretoria;;Full-time;FALSE;February;FALSE
1395826;Data Engineer;Pretoria;;Full-time;FALSE;February;TRUE
1396296;Software Engineer;Pretoria;;Full-time;FALSE;February;FALSE
1396297;Business Analyst;Pretoria;;Full-time;FALSE;February;TRUE
1396406;Data Engineer;Pretoria;;Full-time;FALSE;February;FALSE
1396783;Data Engineer;Pretoria;;Full-time;FALSE;February;FALSE
1397487;Data Engineer;Pretoria;;Full-time;FALSE;February;FALSE
1398705;Data Scientist;Pretoria;;Full-time;FALSE;February;FALSE
1399541;Data Engineer;Pretoria;;Full-time;FALSE;February;TRUE
1400070;Software Engineer;Pretoria;;Full-time;FALSE;February;FALSE
1400071;Business Analyst;Pretoria;;Full-time;FALSE;February;TRUE
1400186;Data Engineer;Pretoria;;Full-time;FALSE;February;FALSE
1400626;Data Engineer;Pretoria;;Full-time;FALSE;February;FALSE
1401433;Data Engineer;Pretoria;;Full-time;FALSE;February;FALSE
1402771;Data Scientist;Pretoria;;Full-time;FALSE;February;FALSE
1403737;Software Engineer;Pretoria;;Full-time;FALSE;February;FALSE
1403738;Business Analyst;Pretoria;;Full-time;FALSE;February;TRUE
1403826;Data Engineer;Pretoria;;Full-time;FALSE;February;FALSE
1404133;Data Engineer;Pretoria;;Full-time;FALSE;February;FALSE
1405709;Data Scientist;Pretoria;;Full-time;FALSE;February;FALSE
1406607;Software Engineer;Pretoria;;Full-time;FALSE;February;FALSE
1406608;Business Analyst;Pretoria;;Full-time;FALSE;February;TRUE
1406693;Data Engineer;Pretoria;;Full-time;FALSE;February;FALSE
1406978;Data Engineer;Pretoria;;Full-time;FALSE;February;FALSE
1408447;Data Scientist;Pretoria;;Full-time;FALSE;February;FALSE
1409315;Software Engineer;Pretoria;;Full-time;FALSE;February;FALSE
1409316;Business Analyst;Pretoria;;Full-time;FALSE;February;TRUE
1409396;Data Engineer;Pretoria;;Full-time;FALSE;February;FALSE
1409663;Data Engineer;Pretoria;;Full-time;FALSE;February;FALSE
1411095;Data Scientist;Pretoria;;Full-time;FALSE;February;FALSE
1412122;Software Engineer;Pretoria;;Full-time;FALSE;February;FALSE
1412123;Business Analyst;Pretoria;;Full-time;FALSE;February;TRUE
1412216;Data Engineer;Pretoria;;Full-time;FALSE;February;FALSE
1412543;Data Engineer;Pretoria;;Full-time;FALSE;February;FALSE
1413164;Data Engineer;Pretoria;;Full-time;FALSE;February;FALSE
1414207;Data Scientist;Pretoria;;Full-time;FALSE;February;FALSE
1415296;Software Engineer;Pretoria;;Full-time;FALSE;February;FALSE
1415297;Business Analyst;Pretoria;;Full-time;FALSE;February;TRUE
1415395;Data Engineer;Pretoria;;Full-time;FALSE;February;FALSE
1415743;Data Engineer;Pretoria;;Full-time;FALSE;February;FALSE
1416397;Data Engineer;Pretoria;;Full-time;FALSE;February;FALSE
834317;Data Engineer;Johannesburg;BeBee;Contractor;FALSE;January;FALSE
28657;Data Engineer;Johannesburg;BeBee;Contractor;FALSE;September;TRUE
399725;Data Engineer;Johannesburg;BeBee;Contractor;FALSE;February;FALSE
634085;Software Engineer;Johannesburg;BeBee;Contractor;FALSE;August;FALSE
1173708;Software Engineer;Johannesburg;BeBee;Contractor;FALSE;July;TRUE
1821822;Data Scientist;Johannesburg;BeBee;Contractor;FALSE;August;FALSE
57788;Data Engineer;Johannesburg;BeBee;Contractor;FALSE;April;TRUE
347944;Senior Data Engineer;Johannesburg;BeBee;Contractor;FALSE;April;TRUE
365784;Data Engineer;Johannesburg;BeBee;Contractor;FALSE;August;TRUE
378628;Senior Data Engineer;Johannesburg;BeBee;Contractor;FALSE;February;TRUE
424369;Software Engineer;Johannesburg;BeBee;Contractor;FALSE;August;FALSE
1059857;Business Analyst;Johannesburg;BeBee;Contractor;FALSE;August;FALSE
1216572;Data Analyst;Johannesburg;BeBee;Contractor;FALSE;July;FALSE
1341179;Cloud Engineer;Johannesburg;BeBee;Contractor;FALSE;April;FALSE
36035;Data Analyst;Johannesburg;BeBee;Contractor;FALSE;April;TRUE
405974;Data Analyst;Johannesburg;BeBee;Contractor;FALSE;August;TRUE
155283;Data Engineer;Johannesburg;BeBee;Contractor;FALSE;May;FALSE
179701;Data Engineer;Johannesburg;BeBee;Contractor;FALSE;March;FALSE
269446;Data Engineer;Johannesburg;BeBee;Contractor;FALSE;July;FALSE
491171;Data Scientist;Johannesburg;BeBee;Contractor;FALSE;May;FALSE
1327017;Data Engineer;Johannesburg;BeBee;Contractor;FALSE;May;FALSE
1327502;Data Engineer;Johannesburg;BeBee;Contractor;FALSE;February;TRUE
1466532;Data Analyst;Johannesburg;BeBee;Contractor;FALSE;April;FALSE
1731145;Data Scientist;Johannesburg;BeBee;Contractor;FALSE;September;FALSE
147507;Software Engineer;Johannesburg;BeBee;Contractor;FALSE;February;FALSE
372526;Software Engineer;Johannesburg;BeBee;Contractor;FALSE;July;TRUE
502120;Software Engineer;Johannesburg;BeBee;Contractor;FALSE;February;TRUE
598101;Software Engineer;Johannesburg;BeBee;Contractor;FALSE;July;FALSE
823894;Senior Data Engineer;Johannesburg;BeBee;Contractor;FALSE;February;TRUE
916999;Data Scientist;Johannesburg;BeBee;Contractor;FALSE;March;TRUE
1291119;Software Engineer;Johannesburg;BeBee;Contractor;FALSE;July;TRUE
1707273;Software Engineer;Johannesburg;BeBee;Contractor;FALSE;July;FALSE
134611;Data Engineer;Johannesburg;BeBee;Contractor;FALSE;July;TRUE
1037055;Senior Data Scientist;Johannesburg;BeBee;Contractor;FALSE;January;TRUE
1113240;Data Engineer;Johannesburg;BeBee;Contractor;FALSE;January;TRUE
210777;Data Engineer;Johannesburg;BeBee;Contractor;FALSE;February;TRUE
391612;Data Engineer;Johannesburg;BeBee;Contractor;FALSE;June;TRUE
438448;Software Engineer;Johannesburg;BeBee;Contractor;FALSE;January;TRUE
1540089;Senior Data Scientist;Johannesburg;BeBee;Contractor;FALSE;January;TRUE
85644;Senior Data Engineer;Johannesburg;BeBee;Contractor;FALSE;February;FALSE
1706270;Data Engineer;Johannesburg;BeBee;Contractor;FALSE;April;FALSE
573953;Data Scientist;Johannesburg;BeBee;Contractor;FALSE;May;FALSE
1352942;Senior Data Engineer;Johannesburg;BeBee;Contractor;FALSE;March;TRUE
30103;Senior Data Engineer;Johannesburg;BeBee;Contractor;FALSE;February;TRUE
1061203;Data Engineer;Johannesburg;BeBee;Contractor;FALSE;July;TRUE
10516;Data Engineer;Johannesburg;BeBee;Contractor;FALSE;May;FALSE
332977;Data Engineer;Johannesburg;BeBee;Contractor;FALSE;May;FALSE
1264443;Data Scientist;Johannesburg;BeBee;Contractor;FALSE;June;FALSE
232080;Data Engineer;Johannesburg;BeBee;Contractor;FALSE;August;TRUE
603773;Data Engineer;Johannesburg;BeBee;Contractor;FALSE;June;TRUE
825339;Data Engineer;Johannesburg;BeBee;Contractor;FALSE;July;TRUE
895222;Cloud Engineer;Johannesburg;BeBee;Contractor;FALSE;August;TRUE
1513974;Data Engineer;Johannesburg;BeBee;Contractor;FALSE;January;TRUE
1815315;Software Engineer;Johannesburg;BeBee;Contractor;FALSE;January;TRUE
4396;Data Scientist;Johannesburg;BeBee;Contractor;FALSE;August;FALSE
116603;Cloud Engineer;Johannesburg;BeBee;Contractor;FALSE;May;FALSE
446558;Software Engineer;Johannesburg;BeBee;Contractor;FALSE;September;TRUE
1651692;Data Engineer;Johannesburg;BeBee;Contractor;FALSE;May;TRUE
849878;Software Engineer;Johannesburg;BeBee;Contractor;FALSE;July;TRUE
150713;Senior Data Engineer;Johannesburg;BeBee;Contractor;FALSE;January;TRUE
370275;Senior Data Analyst;Johannesburg;BeBee;Contractor;FALSE;January;FALSE
660126;Software Engineer;Johannesburg;BeBee;Contractor;FALSE;September;FALSE
1543451;Business Analyst;Johannesburg;BeBee;Contractor;FALSE;July;FALSE
444833;Data Analyst;Johannesburg;BeBee;Contractor;FALSE;May;FALSE
771720;Data Engineer;Johannesburg;BeBee;Contractor;FALSE;January;FALSE
338067;Software Engineer;Johannesburg;BeBee;Contractor;FALSE;September;TRUE
356197;Senior Data Engineer;Johannesburg;BeBee;Contractor;FALSE;April;TRUE
558280;Data Engineer;Johannesburg;BeBee;Contractor;FALSE;July;TRUE
975856;Data Engineer;Johannesburg;BeBee;Contractor;FALSE;May;FALSE
134569;Software Engineer;Johannesburg;BeBee;Contractor;FALSE;September;FALSE
1008285;Senior Data Engineer;Johannesburg;BeBee;Contractor;FALSE;June;FALSE
1751588;Software Engineer;Johannesburg;BeBee;Contractor;FALSE;July;TRUE
229305;Software Engineer;Johannesburg;BeBee;Contractor;FALSE;February;FALSE
1335022;Software Engineer;Johannesburg;BeBee;Contractor;FALSE;January;TRUE
631682;Data Analyst;Johannesburg;LinkedIn;Contractor;FALSE;September;TRUE
1174554;Data Engineer;Johannesburg;LinkedIn;Contractor;FALSE;December;TRUE
1461138;Data Engineer;Johannesburg;LinkedIn;Contractor;FALSE;April;FALSE
260003;Data Engineer;Johannesburg;LinkedIn;Contractor;FALSE;December;TRUE
340471;Data Analyst;Johannesburg;LinkedIn;Contractor;FALSE;July;FALSE
455564;Data Engineer;Johannesburg;LinkedIn;Contractor;FALSE;June;FALSE
800978;Data Engineer;Johannesburg;LinkedIn;Contractor;FALSE;June;FALSE
868333;Data Engineer;Johannesburg;LinkedIn;Contractor;FALSE;February;TRUE
1150526;Senior Data Analyst;Johannesburg;LinkedIn;Contractor;FALSE;October;TRUE
1297517;Business Analyst;Johannesburg;LinkedIn;Contractor;FALSE;August;TRUE
1443859;Data Scientist;Johannesburg;LinkedIn;Contractor;FALSE;February;FALSE
1570213;Cloud Engineer;Johannesburg;LinkedIn;Contractor;FALSE;March;FALSE
864481;Data Analyst;Johannesburg;LinkedIn;Contractor;FALSE;July;TRUE
1318851;Data Engineer;Johannesburg;LinkedIn;Contractor;FALSE;July;TRUE
1346669;Data Engineer;Johannesburg;LinkedIn;Contractor;FALSE;March;TRUE
1389477;Data Engineer;Johannesburg;LinkedIn;Contractor;FALSE;July;FALSE
1442383;Senior Data Engineer;Johannesburg;LinkedIn;Contractor;FALSE;August;TRUE
328918;Data Analyst;Johannesburg;LinkedIn;Contractor;FALSE;April;FALSE
546533;Data Engineer;Johannesburg;LinkedIn;Contractor;FALSE;May;FALSE
876560;Data Engineer;Johannesburg;LinkedIn;Contractor;FALSE;September;FALSE
964943;Data Engineer;Johannesburg;LinkedIn;Contractor;FALSE;January;FALSE
1533708;Data Scientist;Johannesburg;LinkedIn;Contractor;FALSE;April;FALSE
1645359;Senior Data Engineer;Johannesburg;LinkedIn;Contractor;FALSE;May;FALSE
1733797;Data Engineer;Johannesburg;LinkedIn;Contractor;FALSE;June;TRUE
144261;Senior Data Analyst;Johannesburg;LinkedIn;Contractor;FALSE;January;FALSE
416820;Data Analyst;Johannesburg;LinkedIn;Contractor;FALSE;August;FALSE
816358;Software Engineer;Johannesburg;LinkedIn;Contractor;FALSE;March;FALSE
879497;Data Engineer;Johannesburg;LinkedIn;Contractor;FALSE;January;FALSE
1085205;Data Engineer;Johannesburg;LinkedIn;Contractor;FALSE;July;TRUE
1137014;Data Scientist;Johannesburg;LinkedIn;Contractor;FALSE;July;FALSE
1303328;Data Analyst;Johannesburg;LinkedIn;Contractor;FALSE;February;FALSE
944804;Data Engineer;Johannesburg;LinkedIn;Contractor;FALSE;January;FALSE
1610104;Senior Data Engineer;Johannesburg;LinkedIn;Contractor;FALSE;June;FALSE
419026;Data Engineer;Johannesburg;LinkedIn;Contractor;FALSE;October;FALSE
1028503;Data Engineer;Johannesburg;LinkedIn;Contractor;FALSE;March;FALSE
1578531;Machine Learning Engineer;Johannesburg;LinkedIn;Contractor;FALSE;November;FALSE
951903;Data Analyst;Johannesburg;LinkedIn;Contractor;FALSE;October;FALSE
135662;Data Engineer;Johannesburg;LinkedIn;Contractor;FALSE;June;TRUE
366401;Data Engineer;Johannesburg;LinkedIn;Contractor;FALSE;February;FALSE
690380;Data Engineer;Johannesburg;LinkedIn;Contractor;FALSE;June;TRUE
973022;Senior Data Analyst;Johannesburg;LinkedIn;Contractor;FALSE;March;TRUE
1173801;Data Scientist;Johannesburg;LinkedIn;Contractor;FALSE;May;TRUE
382336;Data Analyst;Johannesburg;LinkedIn;Contractor;FALSE;February;TRUE
220795;Data Engineer;Johannesburg;LinkedIn;Contractor;FALSE;September;FALSE
737019;Senior Data Analyst;Johannesburg;LinkedIn;Contractor;FALSE;October;TRUE
934484;Data Engineer;Johannesburg;LinkedIn;Contractor;FALSE;February;FALSE
1155462;Data Analyst;Johannesburg;LinkedIn;Contractor;FALSE;February;TRUE
1616867;Cloud Engineer;Johannesburg;LinkedIn;Contractor;FALSE;November;TRUE
864485;Data Engineer;Johannesburg;LinkedIn;Contractor;FALSE;May;FALSE
940382;Data Scientist;Johannesburg;LinkedIn;Contractor;FALSE;March;TRUE
225396;Data Scientist;Johannesburg;LinkedIn;Contractor;FALSE;July;FALSE
266030;Data Scientist;Johannesburg;LinkedIn;Contractor;FALSE;November;TRUE
346644;Data Engineer;Johannesburg;LinkedIn;Contractor;FALSE;March;FALSE
924426;Data Analyst;Johannesburg;LinkedIn;Contractor;FALSE;September;TRUE
1792505;Data Engineer;Johannesburg;LinkedIn;Contractor;FALSE;September;FALSE
1227207;Senior Data Scientist;Johannesburg;LinkedIn;Contractor;FALSE;July;TRUE
651388;Data Analyst;Johannesburg;LinkedIn;Contractor;FALSE;February;TRUE
1466084;Data Engineer;Johannesburg;LinkedIn;Contractor;FALSE;April;FALSE
783788;Data Engineer;Johannesburg;LinkedIn;Contractor;FALSE;October;TRUE
397052;Software Engineer;Johannesburg;LinkedIn;Contractor;FALSE;February;FALSE
97376;Data Analyst;Johannesburg;LinkedIn;Contractor;FALSE;July;FALSE
958081;Software Engineer;Johannesburg;LinkedIn;Contractor;FALSE;December;FALSE
479792;Data Analyst;Johannesburg;LinkedIn;Contractor;FALSE;July;FALSE
1709148;Data Engineer;Johannesburg;LinkedIn;Contractor;FALSE;August;TRUE
1444932;Data Scientist;Johannesburg;LinkedIn;Contractor;FALSE;March;FALSE
1567893;Data Engineer;Johannesburg;LinkedIn;Contractor;FALSE;June;TRUE
417348;Data Engineer;Johannesburg;CareerJunction;Contractor;FALSE;January;TRUE
950201;Data Engineer;Johannesburg;Indeed;Contractor;FALSE;May;TRUE
1587734;Data Engineer;Johannesburg;Indeed;Contractor;FALSE;May;TRUE
340955;Data Engineer;Johannesburg;Indeed;Contractor;FALSE;April;FALSE
453601;Data Engineer;Johannesburg;CareerJunction;Contractor;FALSE;September;FALSE
1380807;Data Scientist;Johannesburg;Indeed;Contractor;FALSE;February;FALSE
1731554;Data Engineer;Johannesburg;SimplyHired,;Contractor;FALSE;July;TRUE
59743;Senior Data Engineer;Johannesburg;CareerJunction;Contractor;FALSE;July;TRUE
459921;Senior Data Engineer;Johannesburg;Pnet;Contractor;FALSE;September;TRUE
386626;Data Engineer;Johannesburg;Gumtree;Contractor;FALSE;January;TRUE
539404;Data Engineer;Johannesburg;Recruit.net;Contractor;FALSE;March;TRUE
623030;Data Scientist;Johannesburg;Gumtree;Contractor;FALSE;January;FALSE
815978;Data Engineer;Johannesburg;Gumtree;Contractor;FALSE;July;TRUE
925451;Senior Data Engineer;Johannesburg;Gumtree;Contractor;FALSE;January;TRUE
1017925;Senior Data Scientist;Johannesburg;Gumtree;Contractor;FALSE;January;FALSE
1079222;Data Engineer;Johannesburg;Gumtree;Contractor;FALSE;January;FALSE
1379413;Senior Data Engineer;Johannesburg;Gumtree;Contractor;FALSE;January;TRUE
1411619;Data Scientist;Johannesburg;Gumtree;Contractor;FALSE;August;FALSE
1727789;Data Scientist;Johannesburg;Gumtree;Contractor;FALSE;January;FALSE
1767640;Data Engineer;Johannesburg;Gumtree;Contractor;FALSE;August;FALSE
1801250;Data Engineer;Johannesburg;Gumtree;Contractor;FALSE;January;FALSE
1804156;Senior Data Engineer;Johannesburg;Gumtree;Contractor;FALSE;January;FALSE
1823034;Data Scientist;Johannesburg;WhatJobs;Contractor;FALSE;August;FALSE
10777;Data Scientist;Johannesburg;Gumtree;Contractor;FALSE;January;FALSE
106900;Data Scientist;Johannesburg;Gumtree;Contractor;FALSE;January;FALSE
206567;Senior Data Engineer;Johannesburg;Gumtree;Contractor;FALSE;April;TRUE
274132;Data Engineer;Johannesburg;Gumtree;Contractor;FALSE;June;TRUE
292758;Data Engineer;Johannesburg;Recruit.net;Contractor;FALSE;June;TRUE
380011;Data Engineer;Johannesburg;Gumtree;Contractor;FALSE;March;FALSE
381497;Senior Data Engineer;Johannesburg;Gumtree;Contractor;FALSE;March;TRUE
410177;Data Scientist;Johannesburg;Gumtree;Contractor;FALSE;January;FALSE
476236;Senior Data Engineer;Johannesburg;Gumtree;Contractor;FALSE;January;FALSE
594358;Data Engineer;Johannesburg;Learn4Good;Contractor;FALSE;October;FALSE
780250;Senior Data Engineer;Johannesburg;Gumtree;Contractor;FALSE;April;TRUE
862512;Senior Data Engineer;Johannesburg;Gumtree;Contractor;FALSE;January;TRUE
937688;Data Engineer;Johannesburg;Gumtree;Contractor;FALSE;January;TRUE
968862;Data Engineer;Johannesburg;Gumtree;Contractor;FALSE;April;FALSE
1177563;Data Scientist;Johannesburg;Gumtree;Contractor;FALSE;March;FALSE
1267505;Data Engineer;Johannesburg;Learn4Good.com;Contractor;FALSE;August;TRUE
1279170;Data Analyst;Johannesburg;Gumtree;Contractor;FALSE;October;FALSE
1311827;Senior Data Engineer;Johannesburg;Gumtree;Contractor;FALSE;July;FALSE
1378891;Data Scientist;Johannesburg;Gumtree;Contractor;FALSE;October;FALSE
1393672;Business Analyst;Johannesburg;Gumtree;Contractor;FALSE;February;TRUE
1585847;Data Engineer;Johannesburg;Sercanto;Contractor;FALSE;January;FALSE
1693240;Data Scientist;Johannesburg;WhatJobs;Contractor;FALSE;August;FALSE
1216682;Machine Learning Engineer;Johannesburg;Gumtree;Contractor;FALSE;February;FALSE
1295459;Data Scientist;Johannesburg;Emprego;Contractor;FALSE;September;FALSE
1502800;Data Engineer;Johannesburg;Indeed;Contractor;FALSE;June;FALSE
1673221;Data Engineer;Johannesburg;Smart;Contractor;FALSE;December;FALSE
441213;Data Scientist;Johannesburg;Www.jobsnearmehiring.online;Contractor;FALSE;July;FALSE
199391;Data Engineer;Johannesburg;SimplyHired,;Contractor;FALSE;July;TRUE
208794;Data Scientist;Johannesburg;Jobs;Contractor;FALSE;July;FALSE
9242;Data Scientist;Johannesburg;Pnet;Contractor;FALSE;October;FALSE
377698;Data Engineer;Johannesburg;Indeed;Contractor;FALSE;March;TRUE
1587816;Data Scientist;Johannesburg;Pnet;Contractor;FALSE;November;FALSE
1335085;Data Engineer;Johannesburg;Indeed;Contractor;FALSE;April;TRUE
747306;Data Scientist;Johannesburg;HR;Contractor;FALSE;June;FALSE
1003434;Data Scientist;Johannesburg;Pnet;Contractor;FALSE;December;FALSE
377236;Data Engineer;Johannesburg;Indeed;Contractor;FALSE;June;FALSE
743013;Senior Data Engineer;Johannesburg;SimplyHired,;Contractor;FALSE;June;FALSE
959578;Data Scientist;Johannesburg;Indeed;Contractor;FALSE;October;FALSE
1236054;Data Engineer;Johannesburg;SimplyHired,;Contractor;FALSE;July;TRUE
677463;Data Scientist;Johannesburg;Insticcdigital.freshteam.com;Contractor;FALSE;February;FALSE
993553;Data Scientist;Johannesburg;Indeed;Contractor;FALSE;September;FALSE
1080632;Data Engineer;Johannesburg;Indeed;Contractor;FALSE;July;TRUE
1649842;Data Engineer;Johannesburg;Indeed;Contractor;FALSE;June;TRUE
449372;Data Engineer;Johannesburg;Indeed;Contractor;FALSE;July;TRUE
890999;Data Scientist;Johannesburg;HR;Contractor;FALSE;February;FALSE
38234;Data Scientist;Johannesburg;Indeed;Contractor;FALSE;June;FALSE
13291;Business Analyst;Johannesburg;Quanta-Cs.com;Contractor;FALSE;October;TRUE
322920;Data Scientist;Johannesburg;Pnet;Contractor;FALSE;October;FALSE
1477261;Business Analyst;Johannesburg;Quanta-Cs.com;Contractor;FALSE;October;FALSE
1560891;Data Analyst;Johannesburg;Indeed;Contractor;FALSE;September;TRUE
1652184;Data Engineer;Johannesburg;Pnet;Contractor;FALSE;October;FALSE
1580228;Software Engineer;Johannesburg;;Contractor;FALSE;May;TRUE
1580529;Data Engineer;Johannesburg;;Contractor;FALSE;May;FALSE
1580536;Data Engineer;Johannesburg;;Contractor;FALSE;May;FALSE
1580539;Data Analyst;Johannesburg;;Contractor;FALSE;May;FALSE
1578381;Software Engineer;Johannesburg;;Contractor;FALSE;May;FALSE
1579553;Software Engineer;Johannesburg;;Contractor;FALSE;May;FALSE
1585504;Software Engineer;Johannesburg;;Contractor;FALSE;May;FALSE
1599291;Data Engineer;Johannesburg;;Contractor;FALSE;June;TRUE
1603391;Senior Data Analyst;Johannesburg;;Contractor;FALSE;June;FALSE
1343174;Software Engineer;Johannesburg;South;Contractor;FALSE;January;TRUE
1365876;Software Engineer;Johannesburg;;Contractor;FALSE;February;FALSE
1368133;Software Engineer;Johannesburg;;Contractor;FALSE;February;FALSE
1370500;Software Engineer;Johannesburg;;Contractor;FALSE;February;FALSE
1373129;Software Engineer;Johannesburg;;Contractor;FALSE;February;FALSE
1375884;Software Engineer;Johannesburg;;Contractor;FALSE;February;FALSE
1378983;Software Engineer;Johannesburg;;Contractor;FALSE;February;FALSE
1382198;Software Engineer;Johannesburg;;Contractor;FALSE;February;FALSE
1384810;Software Engineer;Johannesburg;;Contractor;FALSE;February;FALSE
1387418;Software Engineer;Johannesburg;;Contractor;FALSE;February;FALSE
1390000;Software Engineer;Johannesburg;;Contractor;FALSE;February;FALSE
1392896;Software Engineer;Johannesburg;;Contractor;FALSE;February;FALSE
1395940;Software Engineer;Johannesburg;;Contractor;FALSE;February;FALSE
1399668;Software Engineer;Johannesburg;;Contractor;FALSE;February;FALSE
1403435;Software Engineer;Johannesburg;;Contractor;FALSE;February;FALSE
1406331;Software Engineer;Johannesburg;;Contractor;FALSE;February;FALSE
1409047;Software Engineer;Johannesburg;;Contractor;FALSE;February;FALSE
1411806;Software Engineer;Johannesburg;;Contractor;FALSE;February;FALSE
1414963;Software Engineer;Johannesburg;;Contractor;FALSE;February;FALSE
1422627;Data Engineer;Johannesburg;Frank;Contractor;FALSE;February;FALSE
1440402;Senior Data Engineer;Johannesburg;South;Contractor;FALSE;March;TRUE
1289593;Software Engineer;Johannesburg;;Contractor;FALSE;January;TRUE
1293492;Machine Learning Engineer;Johannesburg;South;Contractor;FALSE;January;FALSE
1307369;Senior Data Engineer;Johannesburg;South;Contractor;FALSE;January;FALSE
1315753;Business Analyst;Johannesburg;South;Contractor;FALSE;January;FALSE
1320502;Machine Learning Engineer;Johannesburg;;Contractor;FALSE;January;FALSE
1526217;Software Engineer;Johannesburg;;Contractor;FALSE;April;TRUE
1485728;Data Engineer;Johannesburg;;Contractor;FALSE;March;TRUE
1489575;Business Analyst;Johannesburg;;Contractor;FALSE;March;FALSE
1498911;Data Engineer;Johannesburg;;Contractor;FALSE;March;TRUE
1505979;Data Analyst;Johannesburg;;Contractor;FALSE;April;TRUE
1518808;Data Scientist;Johannesburg;;Contractor;FALSE;April;FALSE
1521169;Data Engineer;Johannesburg;;Contractor;FALSE;April;TRUE
1521502;Senior Data Engineer;Johannesburg;;Contractor;FALSE;April;FALSE
1521793;Data Engineer;Johannesburg;;Contractor;FALSE;April;FALSE
1556545;Data Engineer;Johannesburg;;Contractor;FALSE;May;FALSE
1558139;Data Engineer;Johannesburg;;Contractor;FALSE;May;TRUE
1561155;Data Engineer;Johannesburg;;Contractor;FALSE;May;TRUE
1564666;Data Engineer;Johannesburg;;Contractor;FALSE;May;FALSE
1567275;Cloud Engineer;Johannesburg;;Contractor;FALSE;May;TRUE
744952;Data Analyst;Johannesburg;BeBee;Internship;FALSE;August;FALSE
1033102;Data Analyst;Johannesburg;Indeed;Temp work;FALSE;October;FALSE
1174554;Data Engineer;Johannesburg;LinkedIn;Temp work;FALSE;December;TRUE
260003;Data Engineer;Johannesburg;LinkedIn;Temp work;FALSE;December;TRUE
488186;Data Engineer;Johannesburg;Pnet;Temp work;FALSE;September;FALSE
643668;Data Engineer;Johannesburg;Indeed;Internship;FALSE;September;FALSE
894333;Data Analyst;Johannesburg;Pnet;Temp work;FALSE;September;FALSE
1750119;Data Analyst;Johannesburg;Indeed;Temp work;FALSE;October;FALSE
55062;Data Analyst;Johannesburg;BeBee;Internship;FALSE;August;FALSE
752160;Data Scientist;Johannesburg;Pnet;Temp work;FALSE;November;FALSE
459921;Senior Data Engineer;Johannesburg;Pnet;Part-time;FALSE;September;TRUE
459921;Senior Data Engineer;Johannesburg;Pnet;Temp work;FALSE;September;TRUE
929756;Senior Data Analyst;Johannesburg;Pnet;Temp work;FALSE;October;FALSE
980443;Data Analyst;Johannesburg;Indeed;Internship;FALSE;October;FALSE
1325746;Data Engineer;Johannesburg;Ai-Jobs.net;Internship;FALSE;December;FALSE
989691;Data Engineer;Johannesburg;LinkedIn;Part-time;FALSE;November;FALSE
1086554;Data Scientist;Johannesburg;Recruit.net;Internship;FALSE;March;FALSE
182578;Data Scientist;Johannesburg;Indeed;Temp work;FALSE;October;FALSE
243985;Data Engineer;Johannesburg;Pnet;Temp work;FALSE;October;TRUE
376382;Data Engineer;Johannesburg;Indeed;Temp work;FALSE;October;TRUE
459974;Data Engineer;Johannesburg;Indeed;Temp work;FALSE;December;FALSE
1673221;Data Engineer;Johannesburg;Smart;Internship;FALSE;December;FALSE
964525;Software Engineer;Johannesburg;Pnet;Part-time;FALSE;August;FALSE
1578531;Machine Learning Engineer;Johannesburg;LinkedIn;Temp work;FALSE;November;FALSE
951903;Data Analyst;Johannesburg;LinkedIn;Temp work;FALSE;October;FALSE
1696493;Data Engineer;Johannesburg;Indeed;Temp work;FALSE;October;TRUE
243969;Data Analyst;Johannesburg;Pnet;Part-time;FALSE;January;TRUE
220795;Data Engineer;Johannesburg;LinkedIn;Temp work;FALSE;September;FALSE
253110;Senior Data Scientist;Johannesburg;Pnet;Temp work;FALSE;December;FALSE
772900;Data Scientist;Johannesburg;Indeed;Temp work;FALSE;October;FALSE
1580588;Machine Learning Engineer;Johannesburg;Pnet;Temp work;FALSE;December;FALSE
1660685;Senior Data Engineer;Johannesburg;Pnet;Temp work;FALSE;December;FALSE
399990;Data Analyst;Johannesburg;LinkedIn;Internship;FALSE;November;FALSE
1443654;Data Engineer;Johannesburg;Indeed;Temp work;FALSE;October;TRUE
322920;Data Scientist;Johannesburg;Pnet;Part-time;FALSE;October;FALSE
322920;Data Scientist;Johannesburg;Pnet;Temp work;FALSE;October;FALSE
782344;Data Analyst;Johannesburg;Pnet;Internship;FALSE;October;FALSE
1610392;Software Engineer;Johannesburg;Page;Part-time;FALSE;June;TRUE
1282277;Business Analyst;Johannesburg;;Full-time and Part-time;FALSE;January;FALSE
1322318;Data Engineer;Johannesburg;;Internship;FALSE;January;FALSE
1326857;Data Engineer;Johannesburg;;Full-time and Contractor;FALSE;January;TRUE
1282277;Business Analyst;Johannesburg;;Full-time and Part-time;FALSE;January;FALSE
1326857;Data Engineer;Johannesburg;;Full-time and Contractor;FALSE;January;TRUE
1525446;Software Engineer;Johannesburg;;Full-time and Contractor;FALSE;April;TRUE
1519068;Senior Data Engineer;Johannesburg;;Full-time and Contractor;FALSE;April;TRUE
1555206;Senior Data Engineer;Johannesburg;;Part-time;FALSE;May;FALSE
1525446;Software Engineer;Johannesburg;;Full-time and Contractor;FALSE;April;TRUE
1519068;Senior Data Engineer;Johannesburg;;Full-time and Contractor;FALSE;April;TRUE
745820;Data Engineer;Anywhere;LinkedIn;Internship;TRUE;December;FALSE
214584;Data Scientist;Cape Town;BeBee;Internship;FALSE;August;FALSE
552046;Data Scientist;Sandton;Pnet;Part-time;FALSE;January;FALSE
812531;Data Scientist;Anywhere;LinkedIn;Temp work;TRUE;September;FALSE
1594549;Data Scientist;Sandton;Graduates24;Internship;FALSE;December;FALSE
289324;Data Analyst;Anywhere;LinkedIn;Part-time;TRUE;April;TRUE
311283;Data Engineer;Cape Town;BeBee;Internship;FALSE;February;FALSE
662258;Data Analyst;Anywhere;LinkedIn;Part-time;TRUE;November;FALSE
956226;Data Analyst;Anywhere;LinkedIn;Part-time;TRUE;December;FALSE
1106509;Data Analyst;Sandton;BeBee;Part-time;FALSE;January;TRUE
1413567;Data Analyst;Cape Town;Ai-Jobs.net;Internship;FALSE;February;FALSE
530026;Data Engineer;Cape Town;Career;Internship;FALSE;April;FALSE
67653;Data Scientist;Pretoria;Indeed;Temp work;FALSE;October;FALSE
127792;Business Analyst;Anywhere;LinkedIn;Part-time;TRUE;March;TRUE
221693;Data Scientist;Sandton;LinkedIn;Internship;FALSE;September;FALSE
492209;Data Analyst;Kempton Park;LinkedIn;Internship;FALSE;October;FALSE
1328531;Data Analyst;Sandton;Pnet;Part-time;FALSE;January;FALSE
1694880;Data Analyst;Gauteng;Indeed;Temp work;FALSE;December;FALSE
164444;Data Scientist;Anywhere;LinkedIn;Part-time;TRUE;June;FALSE
458291;Data Analyst;Cape Town;BeBee;Internship;FALSE;August;FALSE
672931;Data Scientist;Durban;BeBee;Internship;FALSE;August;FALSE
1505338;Data Analyst;Randburg;Pnet;Temp work;FALSE;October;FALSE
552248;Data Engineer;Sandton;Pnet;Part-time;FALSE;November;FALSE
1667610;Data Analyst;Western Cape;Indeed;Temp work;FALSE;November;FALSE
79551;Data Engineer;Bethlehem;Recruit.net;Internship;FALSE;December;FALSE
86837;Data Analyst;Bloemfontein;Jobtome;Internship;FALSE;December;FALSE
427777;Software Engineer;Anywhere;Recruit.net;Part-time;TRUE;January;TRUE
1027344;Data Engineer;Midrand;Energy;Part-time;FALSE;June;FALSE
1710104;Data Engineer;Cape Town;Recruit.net;Internship;FALSE;August;FALSE
517048;Data Scientist;Anywhere;LinkedIn;Part-time;TRUE;September;FALSE
1333722;Data Engineer;Sandton;BeBee;Part-time;FALSE;June;FALSE
6139;Data Scientist;Midrand;BeBee;Temp work;FALSE;September;FALSE
87762;Data Scientist;Sandton;Pnet;Part-time;FALSE;January;FALSE
161564;Data Scientist;Pretoria;LinkedIn;Temp work;FALSE;October;FALSE
257245;Data Scientist;Anywhere;LinkedIn;Temp work;TRUE;October;FALSE
394865;Data Engineer;Pretoria;Pnet;Part-time;FALSE;July;FALSE
571462;Data Scientist;Midrand;BeBee;Temp work;FALSE;September;FALSE
924089;Data Analyst;Midrand;Pnet;Part-time;FALSE;July;FALSE
1088416;Data Analyst;Kathu;SmartRecruiters;Temp work;FALSE;September;FALSE
1088416;Data Analyst;Kathu;SmartRecruiters;Internship;FALSE;September;FALSE
1736254;Data Scientist;Sandton;Indeed;Internship;FALSE;December;FALSE
285290;Senior Data Engineer;Anywhere;LinkedIn;Part-time;TRUE;June;FALSE
727350;Software Engineer;Cape Town;LinkedIn;Internship;FALSE;January;FALSE
93539;Data Engineer;Gauteng;Indeed;Part-time;FALSE;April;FALSE
4015;Data Analyst;Anywhere;LinkedIn;Part-time;TRUE;October;TRUE
158823;Data Engineer;Pretoria;Pnet;Part-time;FALSE;December;TRUE
158823;Data Engineer;Pretoria;Pnet;Temp work;FALSE;December;TRUE
806741;Data Analyst;Western Cape;Indeed;Internship;FALSE;November;FALSE
1027025;Data Analyst;Eastern Cape;JobZilla24;Temp work;FALSE;September;TRUE
845647;Machine Learning Engineer;Stellenbosch;LinkedIn;Part-time;FALSE;June;FALSE
1136697;Data Engineer;Cape Town;LinkedIn;Part-time;FALSE;November;FALSE
1206269;Data Engineer;Cape Town;Pnet;Part-time;FALSE;June;FALSE
1289229;Business Analyst;Anywhere;LinkedIn;Part-time;TRUE;March;TRUE
80254;Data Analyst;Anywhere;LinkedIn;Part-time;TRUE;November;FALSE
297773;Cloud Engineer;Roodepoort;LinkedIn;Temp work;FALSE;December;TRUE
1292687;Data Analyst;Centurion;Pnet;Temp work;FALSE;September;FALSE
995250;Senior Data Engineer;Cape Town;BeBee;Part-time;FALSE;May;FALSE
162010;Data Analyst;Bloemfontein;SimplyHired,;Part-time;FALSE;June;FALSE
507453;Data Scientist;Centurion;Pnet;Temp work;FALSE;October;FALSE
1744046;Cloud Engineer;Anywhere;LinkedIn;Part-time;TRUE;November;TRUE
181402;Data Engineer;Sandton;Pnet;Part-time;FALSE;October;FALSE
203759;Business Analyst;Randburg;Pnet;Temp work;FALSE;November;FALSE
1360862;Data Engineer;Randburg;Pnet;Part-time;FALSE;May;FALSE
1679241;Data Scientist;Durban;The;Internship;FALSE;July;FALSE
393926;Data Scientist;Cape Town;BeBee;Internship;FALSE;August;FALSE
570463;Data Analyst;Midrand;Adzuna;Temp work;FALSE;November;TRUE
772768;Senior Data Scientist;Pretoria;LinkedIn;Temp work;FALSE;October;FALSE
1773595;Data Analyst;Anywhere;LinkedIn;Part-time;TRUE;October;FALSE
15486;Data Analyst;Cape Town;Indeed;Part-time;FALSE;January;FALSE
437364;Data Analyst;Anywhere;LinkedIn;Internship;TRUE;July;FALSE
1143293;Cloud Engineer;Cape Town;BeBee;Part-time;FALSE;January;FALSE
304409;Data Analyst;Sandton;BeBee;Internship;FALSE;January;FALSE
802148;Data Analyst;Cape Town;BeBee;Internship;FALSE;September;FALSE
65755;Senior Data Engineer;Centurion;Pnet;Part-time;FALSE;December;FALSE
1432544;Data Scientist;Anywhere;Indeed;Internship;TRUE;October;FALSE
1737784;Data Engineer;Sandton;LinkedIn;Part-time;FALSE;June;FALSE
369070;Senior Data Engineer;Cape Town;Pnet;Temp work;FALSE;October;FALSE
1021685;Data Analyst;Anywhere;LinkedIn;Part-time;TRUE;February;TRUE
1580653;Data Scientist;Centurion;Trabajo.org;Part-time;FALSE;May;TRUE
1581297;Business Analyst;South Africa (+26 others);Internships;Internship;FALSE;May;FALSE
1578077;Machine Learning Engineer;Rustenburg;;Part-time;FALSE;May;TRUE
1585201;Software Engineer;Durban North;;Part-time;FALSE;May;TRUE
1591190;Senior Data Engineer;Anywhere;;Part-time;TRUE;June;TRUE
1609139;Data Analyst;Knysna;;Part-time and Contractor;FALSE;June;TRUE
1609140;Data Analyst;Kimberley;;Part-time;FALSE;June;TRUE
1609141;Data Analyst;Upington;;Part-time and Contractor;FALSE;June;TRUE
1615680;Data Analyst;Anywhere;;Part-time;TRUE;June;TRUE
1609139;Data Analyst;Knysna;;Part-time and Contractor;FALSE;June;TRUE
1609141;Data Analyst;Upington;;Part-time and Contractor;FALSE;June;TRUE
1434458;Data Analyst;Anywhere;;Part-time;TRUE;March;FALSE
1445522;Data Engineer;Kempton Park;;Full-time and Contractor;FALSE;March;TRUE
1445523;Data Engineer;Kempton Park;;Full-time and Contractor;FALSE;March;TRUE
1446479;Business Analyst;South Africa (+26 others);Internships;Internship;FALSE;March;FALSE
1448701;Business Analyst;South Africa (+26 others);Internships;Internship;FALSE;March;FALSE
1451122;Business Analyst;South Africa (+26 others);Internships;Internship;FALSE;March;FALSE
1445522;Data Engineer;Kempton Park;;Full-time and Contractor;FALSE;March;TRUE
1445523;Data Engineer;Kempton Park;;Full-time and Contractor;FALSE;March;TRUE
1282835;Software Engineer;Centurion;;Internship;FALSE;January;FALSE
1284495;Software Engineer;Midrand;;Full-time and Contractor;FALSE;January;TRUE
1285632;Business Analyst;Anywhere;;Part-time;TRUE;January;TRUE
1313307;Data Engineer;South Africa (+1 other);;Part-time;FALSE;January;TRUE
1284495;Software Engineer;Midrand;;Full-time and Contractor;FALSE;January;TRUE
1497238;Business Analyst;Bloemfontein;;Internship;FALSE;March;FALSE
1453691;Business Analyst;South Africa (+26 others);Internships;Internship;FALSE;March;FALSE
1456512;Business Analyst;South Africa (+26 others);Internships;Internship;FALSE;March;FALSE
1459345;Business Analyst;South Africa (+26 others);Internships;Internship;FALSE;March;FALSE
1461613;Business Analyst;South Africa (+26 others);Internships;Internship;FALSE;March;FALSE
1463715;Business Analyst;South Africa (+26 others);Internships;Internship;FALSE;March;FALSE
1465807;Business Analyst;South Africa (+26 others);Internships;Internship;FALSE;March;FALSE
1468032;Business Analyst;South Africa (+26 others);Internships;Internship;FALSE;March;FALSE
1470419;Business Analyst;South Africa (+26 others);Internships;Internship;FALSE;March;FALSE
1473069;Business Analyst;South Africa (+26 others);Internships;Internship;FALSE;March;FALSE
1475667;Business Analyst;South Africa (+26 others);Internships;Internship;FALSE;March;FALSE
1477776;Business Analyst;South Africa (+26 others);Internships;Internship;FALSE;March;FALSE
1480080;Business Analyst;South Africa (+26 others);Internships;Internship;FALSE;March;FALSE
1492754;Business Analyst;Durban;;Internship;FALSE;March;FALSE
1499841;Data Engineer;Cape Town;;Full-time and Contractor;FALSE;March;TRUE
1520056;Data Analyst;Western Cape;;Internship;FALSE;April;FALSE
1524419;Data Analyst;Western Cape;;Internship;FALSE;April;FALSE
1528324;Data Engineer;Anywhere;;Full-time and Part-time;TRUE;April;FALSE
1535769;Data Analyst;Bloemfontein;;Internship;FALSE;April;FALSE
1499841;Data Engineer;Cape Town;;Full-time and Contractor;FALSE;March;TRUE
1528324;Data Engineer;Anywhere;;Full-time and Part-time;TRUE;April;FALSE
45147;Data Analyst;Cape Town;BeBee;Contractor;FALSE;August;FALSE
75154;Business Analyst;Cape Town;CareerJunction;Contractor;FALSE;September;FALSE
233112;Senior Data Analyst;South Africa  (+1 other);Pnet;Contractor;FALSE;November;FALSE
852550;Data Analyst;Cape Town;BeBee;Contractor;FALSE;April;FALSE
960975;Cloud Engineer;Randburg;BeBee;Contractor;FALSE;June;FALSE
1710768;Software Engineer;Cape Town;CompuJobs;Contractor;FALSE;September;FALSE
245239;Data Scientist;South Africa  (+1 other);Pnet;Contractor;FALSE;November;FALSE
1720982;Senior Data Engineer;South Africa  (+1 other);Pnet;Contractor;FALSE;November;TRUE
37273;Business Analyst;Botshabelo;BeBee;Contractor;FALSE;August;FALSE
67653;Data Scientist;Pretoria;Indeed;Contractor;FALSE;October;FALSE
555493;Data Scientist;Pretoria;BeBee;Contractor;FALSE;March;FALSE
1630695;Machine Learning Engineer;Anywhere;AngelList;Contractor;TRUE;January;FALSE
883649;Data Scientist;Sandton;Trabajo.org;Contractor;FALSE;September;FALSE
1552446;Data Analyst;Randburg;BeBee;Contractor;FALSE;June;FALSE
1592668;Senior Data Analyst;Western Cape;KingsleyIrons;Contractor;FALSE;January;FALSE
55359;Data Analyst;Midrand;SimplyHired,;Contractor;FALSE;July;TRUE
1021101;Senior Data Engineer;Cape Town;CareerJunction;Contractor;FALSE;November;FALSE
1723190;Senior Data Engineer;Centurion;CareerJunction;Contractor;FALSE;August;TRUE
255887;Data Scientist;Eastern Cape;Gumtree;Contractor;FALSE;December;FALSE
1379766;Data Scientist;City of Tshwane Metropolitan Municipality;Gumtree;Contractor;FALSE;January;FALSE
252824;Data Scientist;Pretoria;Gumtree;Contractor;FALSE;January;FALSE
272494;Data Scientist;Cape Town;Gumtree;Contractor;FALSE;April;FALSE
328102;Data Scientist;City of Tshwane Metropolitan Municipality;Gumtree;Contractor;FALSE;January;FALSE
550378;Data Scientist;City of Tshwane Metropolitan Municipality;Gumtree;Contractor;FALSE;November;FALSE
700759;Software Engineer;Centurion;Gumtree;Contractor;FALSE;November;FALSE
871777;Senior Data Scientist;Pretoria;Gumtree;Contractor;FALSE;January;FALSE
962151;Senior Data Engineer;Cape Town;Gumtree;Contractor;FALSE;January;FALSE
1038680;Data Scientist;North West;Gumtree;Contractor;FALSE;January;FALSE
1099872;Senior Data Engineer;Cape Town;Pnet;Contractor;FALSE;December;FALSE
1310610;Data Analyst;Cape Town;Learn4Good;Contractor;FALSE;March;TRUE
1393257;Data Scientist;Pretoria;SimplyHired,;Contractor;FALSE;July;FALSE
1658944;Senior Data Scientist;City of Tshwane Metropolitan Municipality;Gumtree;Contractor;FALSE;February;FALSE
1357202;Data Analyst;Midrand;CareerJunction;Contractor;FALSE;February;FALSE
1421581;Senior Data Scientist;Mpumalanga;Indeed;Contractor;FALSE;March;FALSE
1193848;Data Scientist;Randburg;Gumtree;Contractor;FALSE;April;FALSE
356570;Data Scientist;Sandton;BeBee;Contractor;FALSE;March;TRUE
907309;Senior Data Engineer;Anywhere;Indeed;Contractor;TRUE;October;TRUE
1250325;Senior Data Engineer;Sandton;CareerJunction;Contractor;FALSE;March;TRUE
984886;Data Analyst;Bloemfontein;SimplyHired;Contractor;FALSE;November;FALSE
81818;Data Analyst;Anywhere;Indeed;Contractor;TRUE;February;TRUE
196774;Data Scientist;Pretoria;Indeed;Contractor;FALSE;January;FALSE
879220;Software Engineer;Pretoria;SimplyHired,;Contractor;FALSE;July;FALSE
1388345;Data Analyst;Cape Town;BeBee;Contractor;FALSE;June;FALSE
59287;Data Scientist;Pretoria;BeBee;Contractor;FALSE;January;FALSE
78858;Cloud Engineer;Pretoria;BeBee;Contractor;FALSE;January;TRUE
180377;Data Analyst;Cape Town;BeBee;Contractor;FALSE;January;TRUE
570463;Data Analyst;Midrand;Adzuna;Contractor;FALSE;November;TRUE
596048;Data Analyst;Pretoria;BeBee;Contractor;FALSE;January;FALSE
967216;Cloud Engineer;Pretoria;BeBee;Contractor;FALSE;January;TRUE
1002544;Cloud Engineer;Durban;Watershed;Contractor;FALSE;April;TRUE
1270788;Senior Data Engineer;Cape Town;Gisajob;Contractor;FALSE;January;TRUE
1750860;Data Analyst;Anywhere;Startup;Contractor;TRUE;February;TRUE
151794;Business Analyst;Bloemfontein;BeBee;Contractor;FALSE;August;FALSE
341003;Data Analyst;Bloemfontein;BeBee;Contractor;FALSE;August;FALSE
924575;Cloud Engineer;Bloemfontein;BeBee;Contractor;FALSE;August;FALSE
1725324;Data Scientist;Sandton;SimplyHired,;Contractor;FALSE;January;FALSE
1351688;Business Analyst;Botshabelo;BeBee;Contractor;FALSE;August;FALSE
1818822;Data Scientist;Midrand;Ai-Jobs.net;Contractor;FALSE;March;FALSE
851125;Data Scientist;Durban;BeBee;Contractor;FALSE;September;FALSE
1184623;Senior Data Engineer;Cape Town;Indeed;Contractor;FALSE;January;FALSE
195692;Senior Data Analyst;Pretoria;BeBee;Contractor;FALSE;September;FALSE
699707;Data Scientist;Cape Town;Indeed;Contractor;FALSE;October;FALSE
859367;Senior Data Engineer;Cape Town;Indeed;Contractor;FALSE;October;TRUE
896816;Data Scientist;Pretoria;BeBee;Contractor;FALSE;June;FALSE
1627874;Data Analyst;Randburg;Pnet;Contractor;FALSE;October;FALSE
1675790;Machine Learning Engineer;Randburg;Ai-Jobs.net;Contractor;FALSE;March;TRUE
1583860;Data Analyst;Anywhere;Indeed;Contractor;TRUE;June;TRUE
264843;Software Engineer;Sandton;Watershed;Contractor;FALSE;April;TRUE
814821;Data Analyst;Cape Town;BeBee;Contractor;FALSE;January;FALSE
1117945;Data Analyst;Randburg;BeBee;Contractor;FALSE;January;TRUE
1604608;Software Engineer;Pretoria;BeBee;Contractor;FALSE;January;TRUE
1607403;Data Analyst;Anywhere;General;Contractor;TRUE;June;FALSE
1299097;Data Analyst;Anywhere;At;Contractor;TRUE;January;TRUE
1332394;Data Analyst;Anywhere;At;Contractor;TRUE;January;FALSE
1334673;Data Scientist;Pretoria;South;Contractor;FALSE;January;FALSE
1554193;Senior Data Engineer;Cape Town;Software;Contractor;FALSE;May;TRUE
1560366;Cloud Engineer;Durban;Resolve;Contractor;FALSE;May;FALSE
681821;Data Engineer;Randburg;BeBee;Contractor;FALSE;June;FALSE
31121;Data Engineer;Sandton;Indeed;Contractor;FALSE;July;FALSE
535170;Data Engineer;Pretoria;BeBee;Contractor;FALSE;February;FALSE
612305;Data Engineer;Pretoria;Jooble;Contractor;FALSE;September;TRUE
1130450;Data Engineer;Paarl;Adzuna;Contractor;FALSE;October;FALSE
692051;Data Engineer;Pretoria;BeBee;Contractor;FALSE;March;TRUE
928074;Data Engineer;Germiston;BeBee;Contractor;FALSE;March;FALSE
61946;Data Engineer;Centurion;Pnet;Contractor;FALSE;November;TRUE
303796;Data Engineer;Cape Town;Indeed;Contractor;FALSE;March;TRUE
487458;Data Engineer;Pretoria;BeBee;Contractor;FALSE;June;FALSE
954386;Data Engineer;Roodepoort;Smart;Contractor;FALSE;March;TRUE
178195;Data Engineer;Cape Town;BeBee;Contractor;FALSE;May;TRUE
248333;Data Engineer;Pretoria;BeBee;Contractor;FALSE;May;TRUE
437952;Data Engineer;Sandton;Indeed;Contractor;FALSE;July;FALSE
479995;Data Engineer;Centurion;BeBee;Contractor;FALSE;May;FALSE
728417;Data Engineer;Sandton;BeBee;Contractor;FALSE;May;FALSE
853294;Data Engineer;Midrand;BeBee;Contractor;FALSE;May;TRUE
886716;Data Engineer;Centurion;Jooble;Contractor;FALSE;November;TRUE
899412;Data Engineer;Randburg;BeBee;Contractor;FALSE;May;FALSE
1299616;Data Engineer;Midrand;BeBee;Contractor;FALSE;March;TRUE
1309819;Data Engineer;Germiston;BeBee;Contractor;FALSE;April;TRUE
1596392;Data Engineer;Cape Town;Indeed;Contractor;FALSE;March;FALSE
1734370;Data Engineer;Cape Town;BeBee;Contractor;FALSE;June;FALSE
36375;Data Engineer;Pretoria;BeBee;Contractor;FALSE;January;FALSE
364971;Data Engineer;Boksburg;Adzuna;Contractor;FALSE;October;FALSE
1278599;Data Engineer;Edenvale;Adzuna;Contractor;FALSE;October;TRUE
1322264;Data Engineer;Pretoria;BeBee;Contractor;FALSE;March;TRUE
1431149;Data Engineer;Randburg;Indeed;Contractor;FALSE;January;TRUE
1436595;Data Engineer;Midrand;Indeed;Contractor;FALSE;October;FALSE
19310;Data Engineer;Cape Town;Gumtree;Contractor;FALSE;January;FALSE
77396;Data Engineer;East London;Gumtree;Contractor;FALSE;January;FALSE
257147;Data Engineer;Randburg;Recruit.net;Contractor;FALSE;May;FALSE
387493;Data Engineer;Kempton Park;Gumtree;Contractor;FALSE;January;FALSE
393067;Data Engineer;Cape Town;Recruit.net;Contractor;FALSE;June;TRUE
417846;Data Engineer;City of Tshwane Metropolitan Municipality;Gumtree;Contractor;FALSE;July;FALSE
660896;Data Engineer;Anywhere;Recruit.net;Contractor;TRUE;March;TRUE
936462;Data Engineer;City of Tshwane Metropolitan Municipality;Gumtree;Contractor;FALSE;November;TRUE
1158848;Data Engineer;Centurion;Gumtree;Contractor;FALSE;January;FALSE
1392701;Data Engineer;City of Tshwane Metropolitan Municipality;Gumtree;Contractor;FALSE;September;FALSE
1727855;Data Engineer;Pretoria;Recruit.net;Contractor;FALSE;March;TRUE
110608;Data Engineer;Sandton;Sercanto;Contractor;FALSE;January;TRUE
308428;Data Engineer;Centurion;Sercanto;Contractor;FALSE;January;TRUE
461004;Data Engineer;Centurion;Recruit.net;Contractor;FALSE;June;FALSE
477258;Data Engineer;City of Tshwane Metropolitan Municipality;Gumtree;Contractor;FALSE;October;FALSE
548189;Data Engineer;City of Tshwane Metropolitan Municipality;Gumtree;Contractor;FALSE;April;FALSE
549214;Data Engineer;Centurion;Gumtree;Contractor;FALSE;January;FALSE
785620;Data Engineer;Cape Town;Learn4Good;Contractor;FALSE;October;TRUE
993006;Data Engineer;Cape Town;Gumtree;Contractor;FALSE;April;TRUE
1196980;Data Engineer;Cape Town;Gumtree;Contractor;FALSE;October;TRUE
1429235;Data Engineer;Cape Town;Gumtree;Contractor;FALSE;September;TRUE
1455720;Data Engineer;Midrand;Gumtree;Contractor;FALSE;March;TRUE
1720718;Data Engineer;Cape Town;Gumtree;Contractor;FALSE;April;FALSE
1764068;Data Engineer;Stellenbosch;Gumtree;Contractor;FALSE;January;TRUE
1210873;Data Engineer;Randburg;Recruit.net;Contractor;FALSE;June;TRUE
1345919;Data Engineer;Centurion;Gumtree;Contractor;FALSE;March;TRUE
1616265;Data Engineer;Pretoria;BeBee;Contractor;FALSE;February;FALSE
1665500;Data Engineer;Randburg;Smart;Contractor;FALSE;March;TRUE
1760398;Data Engineer;Cape Town;BeBee;Contractor;FALSE;April;TRUE
290191;Data Engineer;Midrand;BeBee;Contractor;FALSE;June;FALSE
380188;Data Engineer;Sandton;SimplyHired,;Contractor;FALSE;January;FALSE
6615;Data Engineer;Cape Town;HR;Contractor;FALSE;June;TRUE
44805;Data Engineer;Pretoria;BeBee;Contractor;FALSE;March;FALSE
102823;Data Engineer;Pretoria;BeBee;Contractor;FALSE;March;FALSE
418792;Data Engineer;Pretoria;BeBee;Contractor;FALSE;January;FALSE
443607;Data Engineer;Cape Town;Indeed;Contractor;FALSE;June;FALSE
60951;Data Engineer;Pretoria;BeBee;Contractor;FALSE;April;TRUE
115201;Data Engineer;Pretoria;BeBee;Contractor;FALSE;April;TRUE
380659;Data Engineer;Boksburg;Adzuna;Contractor;FALSE;November;FALSE
140816;Data Engineer;Cape Town;Lifecheq.freshteam.com;Contractor;FALSE;August;TRUE
158823;Data Engineer;Pretoria;Pnet;Contractor;FALSE;December;TRUE
423077;Data Engineer;Cape Town;BeBee;Contractor;FALSE;July;FALSE
712153;Data Engineer;Pretoria;BeBee;Contractor;FALSE;April;TRUE
41013;Data Engineer;Pretoria;BeBee;Contractor;FALSE;May;FALSE
100594;Data Engineer;Centurion;Pnet;Contractor;FALSE;December;TRUE
539442;Data Engineer;Centurion;BeBee;Contractor;FALSE;July;FALSE
1221040;Data Engineer;Randburg;Watershed;Contractor;FALSE;January;TRUE
1696320;Data Engineer;Roodepoort;Smart;Contractor;FALSE;March;TRUE
4982;Data Engineer;Anywhere;Indeed;Contractor;TRUE;May;TRUE
389644;Data Engineer;Centurion;SimplyHired,;Contractor;FALSE;July;TRUE
419517;Data Engineer;Midrand;BeBee;Contractor;FALSE;June;FALSE
887432;Data Engineer;Krugersdorp;Adzuna;Contractor;FALSE;December;TRUE
801597;Data Engineer;Centurion;SimplyHired,;Contractor;FALSE;June;TRUE
943436;Data Engineer;Cape Town;Indeed;Contractor;FALSE;February;FALSE
1033774;Data Engineer;Midrand;Pnet;Contractor;FALSE;November;FALSE
1641831;Data Engineer;Centurion;Indeed;Contractor;FALSE;June;FALSE
118379;Data Engineer;Western Cape;Indeed;Contractor;FALSE;May;FALSE
397317;Data Engineer;Pretoria;BeBee;Contractor;FALSE;August;FALSE
488252;Data Engineer;Midrand;Indeed;Contractor;FALSE;May;TRUE
488397;Data Engineer;Centurion;Jooble;Contractor;FALSE;October;TRUE
494322;Data Engineer;Pretoria;BeBee;Contractor;FALSE;January;FALSE
721865;Data Engineer;Midrand;Indeed;Contractor;FALSE;May;FALSE
1342975;Data Engineer;Midrand;Pnet;Contractor;FALSE;September;FALSE
237552;Data Engineer;Pretoria;BeBee;Contractor;FALSE;April;TRUE
535093;Data Engineer;Sandton;BeBee;Contractor;FALSE;January;FALSE
801821;Data Engineer;Sandton;SimplyHired,;Contractor;FALSE;June;FALSE
781482;Data Engineer;Cape Town;BeBee;Contractor;FALSE;July;FALSE
1019173;Data Engineer;Pretoria;BeBee;Contractor;FALSE;January;FALSE
1028025;Data Engineer;Randburg;BeBee;Contractor;FALSE;June;FALSE
1073967;Data Engineer;Randburg;Pnet;Contractor;FALSE;October;FALSE
1077610;Data Engineer;Centurion;Indeed;Contractor;FALSE;April;TRUE
177836;Data Engineer;Midrand;Career;Contractor;FALSE;September;FALSE
1739702;Data Engineer;Randburg;SmartRecruiters;Contractor;FALSE;January;TRUE
1489856;Data Engineer;Midrand;Indeed;Contractor;FALSE;May;FALSE
1276258;Data Engineer;Randburg;Frank;Contractor;FALSE;January;TRUE
1565993;Data Engineer;Centurion;Mail;Contractor;FALSE;May;FALSE
1580538;Data Engineer;Pretoria;;Contractor;FALSE;May;TRUE
1578551;Data Analyst;Bloemfontein;;Contractor;FALSE;May;TRUE
1579389;Senior Data Engineer;Pretoria;;Contractor;FALSE;May;FALSE
1579785;Data Engineer;Pretoria;;Contractor;FALSE;May;TRUE
1582161;Data Engineer;Sandton;;Contractor;FALSE;May;TRUE
1583982;Data Engineer;Pretoria;;Contractor;FALSE;May;FALSE
1585297;Data Analyst;Western Cape;;Contractor;FALSE;May;FALSE
1590044;Machine Learning Engineer;Pretoria;;Contractor;FALSE;June;FALSE
1591584;Machine Learning Engineer;Cape Town;;Contractor;FALSE;June;FALSE
1591824;Machine Learning Engineer;Centurion;;Contractor;FALSE;June;FALSE
1592670;Data Engineer;Anywhere;;Contractor;TRUE;June;TRUE
1594802;Data Analyst;Knysna;;Contractor;FALSE;June;TRUE
1595807;Business Analyst;Anywhere;;Contractor;TRUE;June;TRUE
1595894;Data Analyst;Cape Town;;Contractor;FALSE;June;TRUE
1596117;Data Engineer;Boksburg;;Contractor;FALSE;June;FALSE
1596119;Data Engineer;Anywhere;;Contractor;TRUE;June;FALSE
1598877;Business Analyst;Benoni;;Contractor;FALSE;June;TRUE
1598953;Data Engineer;Centurion;;Contractor;FALSE;June;FALSE
1603242;Data Engineer;Pretoria;;Contractor;FALSE;June;TRUE
1604173;Data Engineer;Pretoria;;Contractor;FALSE;June;FALSE
1605393;Data Engineer;Cape Town;;Contractor;FALSE;June;FALSE
1605524;Business Analyst;Cape Town;;Contractor;FALSE;June;FALSE
1606330;Machine Learning Engineer;Pretoria;;Contractor;FALSE;June;FALSE
1607801;Data Analyst;Knysna;;Contractor;FALSE;June;TRUE
1612947;Data Scientist;Pretoria;;Contractor;FALSE;June;FALSE
1613280;Data Engineer;Pretoria;;Contractor;FALSE;June;TRUE
1613823;Data Scientist;Pretoria;;Contractor;FALSE;June;FALSE
1616834;Machine Learning Engineer;Pretoria;;Contractor;FALSE;June;FALSE
1617009;Data Analyst;Anywhere;;Contractor;TRUE;June;FALSE
1353919;Data Engineer;Midrand;;Contractor;FALSE;February;FALSE
1355664;Data Engineer;Anywhere;;Contractor;TRUE;February;TRUE
1362956;Data Engineer;Sandton;;Contractor;FALSE;February;TRUE
1364615;Data Engineer;Anywhere;;Contractor;TRUE;February;TRUE
1433238;Data Engineer;Pretoria;;Contractor;FALSE;March;FALSE
1435498;Data Engineer;Brakpan;;Contractor;FALSE;March;FALSE
1443597;Data Analyst;Western Cape;;Contractor;FALSE;March;FALSE
1446103;Data Analyst;Knysna;;Contractor;FALSE;March;TRUE
1446104;Data Engineer;Sandton;;Contractor;FALSE;March;TRUE
1446607;Data Engineer;Anywhere;;Contractor;TRUE;March;TRUE
1448275;Data Analyst;Knysna;;Contractor;FALSE;March;TRUE
1448276;Data Engineer;Sandton;;Contractor;FALSE;March;TRUE
1448841;Data Engineer;Anywhere;;Contractor;TRUE;March;TRUE
1450682;Data Analyst;Knysna;;Contractor;FALSE;March;TRUE
1450683;Data Engineer;Sandton;;Contractor;FALSE;March;TRUE
1451272;Data Engineer;Anywhere;;Contractor;TRUE;March;TRUE
1276250;Data Analyst;Anywhere;;Contractor;TRUE;January;FALSE
1282165;Business Analyst;Anywhere;;Contractor;TRUE;January;FALSE
1283182;Data Scientist;Anywhere;;Contractor;TRUE;January;FALSE
1286995;Data Engineer;Sandton;;Contractor;FALSE;January;FALSE
1287186;Software Engineer;Anywhere;;Contractor;TRUE;January;TRUE
1288511;Data Engineer;Gqeberha;;Contractor;FALSE;January;FALSE
1290693;Data Analyst;Anywhere;;Contractor;TRUE;January;FALSE
1297277;Data Analyst;Anywhere;;Contractor;TRUE;January;FALSE
1318224;Data Analyst;Kempton Park;;Contractor;FALSE;January;FALSE
1319766;Business Analyst;Bloemfontein;;Contractor;FALSE;January;TRUE
1320928;Data Engineer;Cape Town;;Contractor;FALSE;January;TRUE
1325332;Data Engineer;Cape Town;;Contractor;FALSE;January;TRUE
1325333;Data Engineer;Centurion;;Contractor;FALSE;January;TRUE
1333317;Data Engineer;Cape Town;;Contractor;FALSE;January;FALSE
1496557;Data Engineer;Pretoria;;Contractor;FALSE;March;TRUE
1453212;Data Analyst;Knysna;;Contractor;FALSE;March;TRUE
1453213;Data Engineer;Sandton;;Contractor;FALSE;March;TRUE
1453850;Data Engineer;Anywhere;;Contractor;TRUE;March;TRUE
1455943;Data Analyst;Knysna;;Contractor;FALSE;March;TRUE
1455944;Data Engineer;Sandton;;Contractor;FALSE;March;TRUE
1456699;Data Engineer;Anywhere;;Contractor;TRUE;March;TRUE
1458936;Data Analyst;Knysna;;Contractor;FALSE;March;TRUE
1458937;Data Engineer;Sandton;;Contractor;FALSE;March;TRUE
1459481;Data Engineer;Anywhere;;Contractor;TRUE;March;TRUE
1461237;Data Analyst;Knysna;;Contractor;FALSE;March;TRUE
1461238;Data Engineer;Sandton;;Contractor;FALSE;March;TRUE
1461740;Data Engineer;Anywhere;;Contractor;TRUE;March;TRUE
1463354;Data Analyst;Knysna;;Contractor;FALSE;March;TRUE
1463355;Data Engineer;Sandton;;Contractor;FALSE;March;TRUE
1463838;Data Engineer;Anywhere;;Contractor;TRUE;March;TRUE
1465422;Data Analyst;Knysna;;Contractor;FALSE;March;TRUE
1465423;Data Engineer;Sandton;;Contractor;FALSE;March;TRUE
1465937;Data Engineer;Anywhere;;Contractor;TRUE;March;TRUE
1467625;Data Analyst;Knysna;;Contractor;FALSE;March;TRUE
1467626;Data Engineer;Sandton;;Contractor;FALSE;March;TRUE
1468167;Data Engineer;Anywhere;;Contractor;TRUE;March;TRUE
1469955;Data Analyst;Knysna;;Contractor;FALSE;March;TRUE
1469956;Data Engineer;Sandton;;Contractor;FALSE;March;TRUE
1470575;Data Engineer;Anywhere;;Contractor;TRUE;March;TRUE
1472574;Data Analyst;Knysna;;Contractor;FALSE;March;TRUE
1472575;Data Engineer;Sandton;;Contractor;FALSE;March;TRUE
1473236;Data Engineer;Anywhere;;Contractor;TRUE;March;TRUE
1475285;Data Analyst;Knysna;;Contractor;FALSE;March;TRUE
1475286;Data Engineer;Sandton;;Contractor;FALSE;March;TRUE
1475796;Data Engineer;Anywhere;;Contractor;TRUE;March;TRUE
1477438;Data Analyst;Knysna;;Contractor;FALSE;March;TRUE
1477890;Data Engineer;Anywhere;;Contractor;TRUE;March;TRUE
1479496;Data Analyst;Knysna;;Contractor;FALSE;March;TRUE
1479615;Senior Data Engineer;Gauteng;;Contractor;FALSE;March;FALSE
1480378;Data Engineer;Anywhere;;Contractor;TRUE;March;TRUE
1487624;Software Engineer;Centurion;;Contractor;FALSE;March;TRUE
1491386;Data Scientist;Anywhere;;Contractor;TRUE;March;FALSE
1519748;Business Analyst;Pretoria;;Contractor;FALSE;April;TRUE
1519893;Machine Learning Engineer;Pretoria;;Contractor;FALSE;April;TRUE
1521264;Data Analyst;Midrand;;Contractor;FALSE;April;TRUE
1522276;Data Engineer;Randburg;;Contractor;FALSE;April;FALSE
1523918;Data Engineer;Sandton;;Contractor;FALSE;April;TRUE
1524422;Data Engineer;Knysna;;Contractor;FALSE;April;FALSE
1527577;Software Engineer;Randburg;;Contractor;FALSE;April;FALSE
1529448;Machine Learning Engineer;Anywhere;;Contractor;TRUE;April;FALSE
1533702;Software Engineer;Pretoria;;Contractor;FALSE;April;TRUE
1553686;Business Analyst;Centurion;;Contractor;FALSE;May;FALSE
1554510;Cloud Engineer;Cape Town;;Contractor;FALSE;May;FALSE
1563906;Data Scientist;Cape Town;;Contractor;FALSE;May;TRUE
1564842;Data Engineer;Centurion;;Contractor;FALSE;May;FALSE
1565811;Data Engineer;Anywhere;;Contractor;TRUE;May;TRUE
1566705;Data Engineer;Anywhere;;Contractor;TRUE;May;TRUE
1566964;Software Engineer;Centurion;;Contractor;FALSE;May;TRUE
1569078;Data Engineer;Anywhere;;Contractor;TRUE;May;FALSE
1571385;Data Engineer;Sandton;;Contractor;FALSE;May;TRUE
1572807;Machine Learning Engineer;Sandton;;Contractor;FALSE;May;FALSE
478844;Data Engineer;Sandton;LinkedIn;Contractor;FALSE;January;FALSE
1621736;Data Engineer;Cape Town;LinkedIn;Contractor;FALSE;April;FALSE
412917;Data Analyst;Anywhere;LinkedIn;Contractor;TRUE;September;FALSE
977894;Data Engineer;East London;LinkedIn;Contractor;FALSE;April;FALSE
1380965;Data Scientist;Pretoria;LinkedIn;Contractor;FALSE;October;FALSE
25563;Data Analyst;Sandton;LinkedIn;Contractor;FALSE;September;FALSE
70176;Data Scientist;Sandton;LinkedIn;Contractor;FALSE;January;FALSE
172541;Data Engineer;Cape Town;LinkedIn;Contractor;FALSE;June;FALSE
584048;Data Analyst;Anywhere;LinkedIn;Contractor;TRUE;July;TRUE
699743;Data Analyst;Rustenburg;LinkedIn;Contractor;FALSE;May;FALSE
953687;Data Engineer;Anywhere;LinkedIn;Contractor;TRUE;November;FALSE
1104771;Software Engineer;Sandton;LinkedIn;Contractor;FALSE;September;FALSE
1240639;Data Analyst;Sandton;LinkedIn;Contractor;FALSE;July;FALSE
1262104;Data Analyst;Sandton;LinkedIn;Contractor;FALSE;January;FALSE
1287203;Senior Data Engineer;Anywhere;LinkedIn;Contractor;TRUE;June;FALSE
1525334;Data Engineer;Midrand;LinkedIn;Contractor;FALSE;December;TRUE
1762209;Business Analyst;Anywhere;LinkedIn;Contractor;TRUE;September;FALSE
647263;Data Engineer;Anywhere;LinkedIn;Contractor;TRUE;November;TRUE
1445208;Software Engineer;Anywhere;LinkedIn;Contractor;TRUE;October;FALSE
1568192;Data Engineer;Sandton;LinkedIn;Contractor;FALSE;July;FALSE
1792773;Cloud Engineer;Anywhere;LinkedIn;Contractor;TRUE;May;FALSE
82622;Data Scientist;Anywhere;LinkedIn;Contractor;TRUE;November;FALSE
183627;Data Analyst;Sandton;LinkedIn;Contractor;FALSE;July;FALSE
244572;Data Engineer;Midrand;LinkedIn;Contractor;FALSE;August;FALSE
265215;Software Engineer;Pretoria;LinkedIn;Contractor;FALSE;October;TRUE
397245;Data Analyst;Midrand;LinkedIn;Contractor;FALSE;May;FALSE
539567;Data Engineer;Anywhere;LinkedIn;Contractor;TRUE;September;TRUE
645110;Data Engineer;Centurion;LinkedIn;Contractor;FALSE;November;FALSE
770321;Data Analyst;Sandton;LinkedIn;Contractor;FALSE;July;FALSE
815136;Data Analyst;Randburg;LinkedIn;Contractor;FALSE;July;FALSE
860574;Data Analyst;Cape Town;LinkedIn;Contractor;FALSE;April;FALSE
1001807;Data Analyst;Anywhere;LinkedIn;Contractor;TRUE;October;TRUE
1145401;Data Scientist;Randburg;LinkedIn;Contractor;FALSE;April;FALSE
1167587;Senior Data Engineer;Cape Town;LinkedIn;Contractor;FALSE;November;FALSE
1312826;Data Engineer;Midrand;LinkedIn;Contractor;FALSE;July;TRUE
1509371;Data Analyst;Cape Town;LinkedIn;Contractor;FALSE;March;FALSE
1527972;Data Scientist;Anywhere;LinkedIn;Contractor;TRUE;July;FALSE
1633932;Data Analyst;Cape Town;LinkedIn;Contractor;FALSE;March;FALSE
1681324;Senior Data Engineer;Cape Town;LinkedIn;Contractor;FALSE;August;TRUE
53441;Data Analyst;Cape Town;LinkedIn;Contractor;FALSE;July;FALSE
84631;Data Analyst;Anywhere;LinkedIn;Contractor;TRUE;March;TRUE
102133;Data Analyst;Randburg;LinkedIn;Contractor;FALSE;July;FALSE
113672;Data Engineer;Anywhere;LinkedIn;Contractor;TRUE;September;FALSE
152887;Data Scientist;Anywhere;LinkedIn;Contractor;TRUE;March;FALSE
154633;Data Analyst;Pretoria;LinkedIn;Contractor;FALSE;September;TRUE
405751;Data Engineer;Centurion;LinkedIn;Contractor;FALSE;May;FALSE
406888;Machine Learning Engineer;Durban;LinkedIn;Contractor;FALSE;May;TRUE
475488;Senior Data Engineer;Anywhere;LinkedIn;Contractor;TRUE;September;TRUE
532853;Data Engineer;Anywhere;LinkedIn;Contractor;TRUE;February;FALSE
747462;Senior Data Analyst;Anywhere;LinkedIn;Contractor;TRUE;December;TRUE
1298785;Data Engineer;Anywhere;LinkedIn;Contractor;TRUE;November;TRUE
1363186;Data Analyst;Anywhere;LinkedIn;Contractor;TRUE;March;FALSE
1448562;Data Analyst;Anywhere;LinkedIn;Contractor;TRUE;November;TRUE
1680479;Data Engineer;Sandton;LinkedIn;Contractor;FALSE;July;TRUE
1710418;Data Engineer;Centurion;LinkedIn;Contractor;FALSE;January;FALSE
78825;Data Engineer;Cape Town;LinkedIn;Contractor;FALSE;February;FALSE
81224;Machine Learning Engineer;Sandton;LinkedIn;Contractor;FALSE;October;FALSE
100520;Data Analyst;Pretoria;LinkedIn;Contractor;FALSE;May;FALSE
531397;Data Scientist;Sandton;LinkedIn;Contractor;FALSE;January;FALSE
715559;Data Scientist;Sandton;LinkedIn;Contractor;FALSE;July;FALSE
856881;Data Scientist;Sandton;LinkedIn;Contractor;FALSE;January;FALSE
871506;Machine Learning Engineer;Cape Town;LinkedIn;Contractor;FALSE;March;FALSE
1528864;Data Scientist;Cape Town;LinkedIn;Contractor;FALSE;March;FALSE
161564;Data Scientist;Pretoria;LinkedIn;Contractor;FALSE;October;FALSE
262137;Machine Learning Engineer;Brits;LinkedIn;Contractor;FALSE;April;FALSE
269111;Software Engineer;Cape Town;LinkedIn;Contractor;FALSE;February;FALSE
313022;Data Engineer;Cape Town;LinkedIn;Contractor;FALSE;February;FALSE
599187;Data Scientist;Randburg;LinkedIn;Contractor;FALSE;April;FALSE
756625;Data Analyst;Knysna;LinkedIn;Contractor;FALSE;September;FALSE
826593;Data Engineer;Anywhere;LinkedIn;Contractor;TRUE;February;TRUE
961500;Data Analyst;Anywhere;LinkedIn;Contractor;TRUE;January;TRUE
1043293;Data Engineer;Randburg;LinkedIn;Contractor;FALSE;June;FALSE
1070492;Data Engineer;Knysna;LinkedIn;Contractor;FALSE;September;FALSE
1223201;Senior Data Engineer;Anywhere;LinkedIn;Contractor;TRUE;June;FALSE
1249868;Software Engineer;Anywhere;LinkedIn;Contractor;TRUE;August;TRUE
1584525;Data Engineer;Cape Town;LinkedIn;Contractor;FALSE;March;FALSE
1652116;Cloud Engineer;Cape Town;LinkedIn;Contractor;FALSE;October;FALSE
1718308;Data Scientist;Anywhere;LinkedIn;Contractor;TRUE;February;FALSE
1360342;Data Engineer;Sandton;LinkedIn;Contractor;FALSE;June;FALSE
542537;Data Scientist;Anywhere;LinkedIn;Contractor;TRUE;May;FALSE
19556;Cloud Engineer;Mbombela;LinkedIn;Contractor;FALSE;March;FALSE
23759;Cloud Engineer;Randburg;LinkedIn;Contractor;FALSE;June;FALSE
92971;Data Scientist;Midrand;LinkedIn;Contractor;FALSE;December;FALSE
373465;Data Engineer;Randburg;LinkedIn;Contractor;FALSE;June;FALSE
380186;Senior Data Engineer;Cape Town;LinkedIn;Contractor;FALSE;July;FALSE
706924;Senior Data Engineer;Cape Town;LinkedIn;Contractor;FALSE;January;FALSE
1365137;Data Analyst;Sandton;LinkedIn;Contractor;FALSE;September;FALSE
1577841;Data Engineer;Cape Town;LinkedIn;Contractor;FALSE;October;FALSE
1586780;Data Analyst;Pretoria;LinkedIn;Contractor;FALSE;March;FALSE
153910;Data Analyst;Anywhere;LinkedIn;Contractor;TRUE;August;TRUE
967723;Data Scientist;Centurion;LinkedIn;Contractor;FALSE;September;FALSE
1028425;Data Engineer;Centurion;LinkedIn;Contractor;FALSE;June;FALSE
1091774;Data Engineer;Centurion;LinkedIn;Contractor;FALSE;April;FALSE
163397;Data Scientist;Anywhere;LinkedIn;Contractor;TRUE;August;FALSE
297773;Cloud Engineer;Roodepoort;LinkedIn;Contractor;FALSE;December;TRUE
323311;Data Engineer;Cape Town;LinkedIn;Contractor;FALSE;May;FALSE
431169;Data Engineer;Pretoria;LinkedIn;Contractor;FALSE;February;FALSE
445060;Data Scientist;Pretoria;LinkedIn;Contractor;FALSE;July;FALSE
486057;Senior Data Engineer;Anywhere;LinkedIn;Contractor;TRUE;February;FALSE
495521;Business Analyst;Cape Town;LinkedIn;Contractor;FALSE;August;FALSE
756535;Data Analyst;Pretoria;LinkedIn;Contractor;FALSE;September;FALSE
904080;Data Analyst;uMhlanga;LinkedIn;Contractor;FALSE;August;TRUE
1021527;Senior Data Engineer;Pretoria;LinkedIn;Contractor;FALSE;November;TRUE
1025807;Data Analyst;Midrand;LinkedIn;Contractor;FALSE;December;FALSE
837826;Data Engineer;Centurion;LinkedIn;Contractor;FALSE;May;FALSE
1037654;Data Analyst;Cape Town;LinkedIn;Contractor;FALSE;July;FALSE
1367383;Data Analyst;Anywhere;LinkedIn;Contractor;TRUE;May;TRUE
1310760;Data Engineer;Anywhere;LinkedIn;Contractor;TRUE;November;FALSE
212577;Data Engineer;Anywhere;LinkedIn;Contractor;TRUE;September;TRUE
388308;Business Analyst;Anywhere;LinkedIn;Contractor;TRUE;April;FALSE
410523;Data Analyst;Anywhere;LinkedIn;Contractor;TRUE;May;FALSE
52018;Data Analyst;Cape Town;LinkedIn;Contractor;FALSE;April;FALSE
90110;Data Analyst;Anywhere;LinkedIn;Contractor;TRUE;October;TRUE
499377;Data Engineer;Cape Town;LinkedIn;Contractor;FALSE;September;FALSE
545685;Software Engineer;Cape Town;LinkedIn;Contractor;FALSE;December;TRUE
964005;Data Engineer;Cape Town;LinkedIn;Contractor;FALSE;April;FALSE
972733;Data Scientist;Gqeberha;LinkedIn;Contractor;FALSE;July;FALSE
16749;Data Engineer;Anywhere;LinkedIn;Contractor;TRUE;October;TRUE
67374;Data Scientist;Anywhere;LinkedIn;Contractor;TRUE;May;FALSE
196862;Data Analyst;Anywhere;LinkedIn;Contractor;TRUE;September;TRUE
1729493;Data Engineer;Cape Town;LinkedIn;Contractor;FALSE;January;FALSE
25222;Data Analyst;Anywhere;LinkedIn;Contractor;TRUE;October;TRUE
282331;Data Engineer;Cape Town;LinkedIn;Contractor;FALSE;July;FALSE
314224;Data Analyst;Anywhere;LinkedIn;Contractor;TRUE;September;TRUE
315480;Software Engineer;Cape Town;LinkedIn;Contractor;FALSE;September;TRUE
381459;Data Scientist;Belfast;LinkedIn;Contractor;FALSE;March;FALSE
548598;Data Engineer;Anywhere;LinkedIn;Contractor;TRUE;April;FALSE
591653;Data Engineer;Cape Town;LinkedIn;Contractor;FALSE;June;FALSE
700817;Data Engineer;Anywhere;LinkedIn;Contractor;TRUE;April;FALSE
793057;Senior Data Analyst;Anywhere;LinkedIn;Contractor;TRUE;November;TRUE
920310;Data Engineer;Midrand;LinkedIn;Contractor;FALSE;October;TRUE
923141;Data Engineer;Anywhere;LinkedIn;Contractor;TRUE;March;FALSE
1060569;Machine Learning Engineer;Cape Town;LinkedIn;Contractor;FALSE;September;TRUE
1296906;Data Scientist;Anywhere;LinkedIn;Contractor;TRUE;July;FALSE
1325469;Data Analyst;Anywhere;LinkedIn;Contractor;TRUE;September;FALSE
1678867;Data Scientist;Anywhere;LinkedIn;Contractor;TRUE;January;FALSE
284105;Data Engineer;Anywhere;LinkedIn;Contractor;TRUE;March;FALSE
289535;Data Scientist;Cape Town;LinkedIn;Contractor;FALSE;September;FALSE
368292;Data Analyst;Cape Town;LinkedIn;Contractor;FALSE;June;FALSE
1422390;Data Analyst;Cape Town;LinkedIn;Contractor;FALSE;June;FALSE
1773595;Data Analyst;Anywhere;LinkedIn;Contractor;TRUE;October;FALSE
561298;Senior Data Engineer;Cape Town;LinkedIn;Contractor;FALSE;January;FALSE
359935;Data Analyst;Cape Town;LinkedIn;Contractor;FALSE;September;TRUE
383512;Data Engineer;Anywhere;LinkedIn;Contractor;TRUE;February;TRUE
758876;Data Analyst;Sandton;LinkedIn;Contractor;FALSE;June;FALSE
1611523;Data Engineer;Anywhere;LinkedIn;Contractor;TRUE;September;TRUE
428231;Data Analyst;Stellenbosch;LinkedIn;Contractor;FALSE;January;TRUE
888259;Data Engineer;Anywhere;LinkedIn;Contractor;TRUE;January;FALSE
1261427;Software Engineer;Pretoria;LinkedIn;Contractor;FALSE;August;TRUE
1823113;Data Analyst;Anywhere;LinkedIn;Contractor;TRUE;April;TRUE
63736;Cloud Engineer;Pretoria;LinkedIn;Contractor;FALSE;October;TRUE
97715;Senior Data Engineer;Cape Town;LinkedIn;Contractor;FALSE;July;FALSE
1444970;Data Engineer;Pretoria;LinkedIn;Contractor;FALSE;April;FALSE
1330948;Software Engineer;Centurion;LinkedIn;Contractor;FALSE;June;FALSE
736179;Senior Data Analyst;Cape Town;LinkedIn;Contractor;FALSE;June;FALSE
721834;Data Engineer;Cape Town;LinkedIn;Contractor;FALSE;July;FALSE
836267;Data Engineer;Cape Town;LinkedIn;Contractor;FALSE;September;TRUE
1026891;Software Engineer;Anywhere;LinkedIn;Contractor;TRUE;December;TRUE
1291178;Data Engineer;Utrecht;LinkedIn;Contractor;FALSE;March;TRUE
88806;Data Analyst;Midrand;LinkedIn;Contractor;FALSE;May;TRUE
1338895;Data Engineer;Kempton Park;LinkedIn;Contractor;FALSE;April;FALSE
1399724;Data Analyst;Midrand;LinkedIn;Contractor;FALSE;February;FALSE
